# Blender 5.0.1
# www.blender.org
mtllib SilentHill.mtl
o Bed
v -8.675410 4.080272 -3.820879
v -5.088990 4.080272 -3.820880
v -1.285617 4.079769 -3.831063
v 2.411431 4.080272 -3.820881
v 2.411431 4.080271 -0.698218
v 2.411431 4.080271 2.426960
v -1.285616 4.079768 -0.698218
v -1.274211 4.080272 2.426961
v -5.088990 4.080272 2.426961
v -8.668993 4.079768 2.426126
v -5.075967 4.079769 -0.698217
v -8.668994 4.079769 -0.698217
v 2.416543 3.490361 -0.698219
v 2.416604 3.490363 -3.810699
v 2.416707 3.214299 -0.698219
v 2.416542 3.214299 -3.581948
v -8.741819 0.282326 -3.810696
v -8.441859 0.282327 -3.810696
v -8.441857 3.214302 -3.810696
v -2.802595 3.490363 -3.810697
v -2.802589 3.214301 -3.810697
v 2.156681 3.490363 -3.810699
v 2.156758 3.214300 -3.810699
v -8.441857 3.214301 -3.581945
v -8.441861 0.282327 -3.581946
v -8.681828 0.282327 -3.810696
v -8.901648 0.282326 -3.810696
v -8.901648 4.080776 -3.810696
v -8.901647 0.282327 -3.581945
v -8.901648 3.214302 -3.581945
v -8.901647 3.214300 2.211372
v -8.901648 5.827734 -3.810696
v -8.681827 4.080776 -3.581946
v -8.681826 4.080775 2.211373
v -8.901648 4.080777 -3.581945
v -8.681825 6.103977 -3.402097
v -8.681826 5.827734 -3.581945
v -8.681823 6.316365 -3.502044
v -8.901648 6.316365 -3.502020
v -8.901649 6.103978 -3.402071
v -8.901649 5.827734 -3.581946
v -8.681823 5.827734 -3.810696
v -8.901647 0.282326 2.235628
v -8.681824 4.080775 2.427799
v -8.681829 0.282326 2.427799
v -8.901647 0.282325 2.427800
v -8.681825 6.103977 -2.222462
v -8.681827 4.080775 -2.222657
v -8.901649 6.103978 -2.222435
v -8.681823 6.103977 -2.022527
v -8.681824 4.080775 -2.022715
v -8.901648 6.103978 -2.022494
v -8.901648 4.080775 -2.022689
v -8.901648 4.080775 -2.222628
v -8.901649 6.103978 -0.782883
v -8.681825 6.103978 -0.782907
v -8.901648 4.080775 -0.783073
v -8.901648 6.103978 -0.582941
v -8.681824 6.103977 -0.582966
v -8.901648 4.080775 -0.583134
v -8.681827 4.080775 -0.583167
v -8.681826 4.080775 -0.783100
v 2.156760 3.214298 2.427797
v -2.802487 3.214300 2.427798
v 2.156764 3.490361 2.427797
v -2.802492 3.490363 2.427798
v -8.741817 3.490630 2.427799
v -8.441856 3.214579 2.427799
v -8.741822 0.282326 2.427799
v -8.441859 0.282326 2.427799
v -8.441860 0.282326 2.155596
v -8.441858 3.215138 2.211373
v 2.416728 0.282325 2.174217
v 2.416728 3.214577 2.211370
v 2.156757 0.282325 2.174246
v 2.156759 0.282325 2.427797
v 2.156761 3.214576 2.211371
v 2.156761 3.490628 2.427797
v 2.156643 0.282325 -3.810698
v 2.416626 0.282326 -3.810698
v 2.416649 0.282326 -3.581948
v 2.156663 0.282326 -3.581948
v 2.156626 3.214299 -3.581947
v 2.416611 3.214299 -3.581947
v -8.901648 4.080775 2.427800
v -8.901648 5.827733 2.211372
v -8.681429 6.316364 2.134487
v -8.901648 5.827733 2.427799
v -8.681390 4.080775 2.211373
v -8.901647 4.080775 2.211373
v -8.681421 5.827733 2.211373
v -8.681428 6.103977 2.014503
v -8.901648 6.103977 2.014488
v -8.681387 4.080776 2.427799
v -8.681417 5.827733 2.427799
v -8.901649 6.103978 -3.403919
v -8.681428 6.316365 -3.503859
v -8.901649 6.316365 -3.503874
v -8.901648 6.316365 2.134468
v -8.681428 6.103978 -3.403903
v -8.441421 3.214301 2.427799
v -8.901648 6.103977 0.634893
v -8.681423 6.103977 0.634913
v -8.901648 4.080775 0.634748
v -8.901648 6.103978 0.854831
v -8.681422 6.103977 0.854846
v -8.901648 4.080775 0.854686
v -8.681388 4.080775 0.854704
v -8.681389 4.080775 0.634765
v -8.741379 4.080776 2.427799
v -8.741370 3.490363 2.427799
v -8.741817 3.490364 -3.810696
v -8.741819 4.080775 -3.810696
v -5.102012 3.490363 -3.810697
v 2.416682 3.490362 2.427797
v -1.262806 3.490362 2.427798
v -5.102013 3.490363 2.427798
v 2.416772 3.490361 -0.698219
v -1.262807 3.490364 -3.810698
v -1.262807 4.080775 -3.810698
v 2.416907 0.282325 2.174741
v 2.416905 0.282324 2.427797
v 2.416853 3.214299 2.211370
v 2.416844 3.490361 2.427797
v 2.156875 3.490361 2.427797
v 2.156935 0.282324 2.427797
vn -0.0001 1.0000 -0.0001
vn -0.0001 1.0000 -0.0000
vn -0.0000 1.0000 -0.0000
vn -0.0000 1.0000 -0.0001
vn 0.0001 1.0000 0.0002
vn 1.0000 0.0005 -0.0001
vn 1.0000 -0.0002 -0.0000
vn -0.0000 -0.0000 -1.0000
vn 1.0000 -0.0000 -0.0000
vn -0.0441 0.0028 -0.9990
vn -0.0017 -0.0026 -1.0000
vn -0.0432 0.0026 -0.9991
vn -1.0000 -0.0000 -0.0000
vn -0.0037 0.0005 -1.0000
vn -0.0000 -0.0000 1.0000
vn 1.0000 -0.0007 -0.0056
vn 0.9997 0.0032 0.0246
vn 0.9996 0.0035 0.0268
vn 0.0001 -0.5456 0.8380
vn -0.0000 -0.5456 0.8380
vn -0.0001 0.5341 -0.8454
vn -0.0000 0.5341 -0.8455
vn 1.0000 0.0009 0.0069
vn -0.0001 0.0001 -1.0000
vn 0.0001 -0.0001 1.0000
vn -0.0001 0.0127 -0.9999
vn -0.0000 0.0127 -0.9999
vn 1.0000 -0.0000 -0.0001
vn -1.0000 -0.0000 0.0001
vn -1.0000 -0.0000 -0.0002
vn -0.0000 0.5147 0.8574
vn -0.0001 0.5147 0.8574
vn -0.0000 -0.5804 -0.8143
vn -0.0000 -0.5804 -0.8144
vn 0.0001 0.0001 -1.0000
vn -0.0001 -0.0001 1.0000
vn -0.0000 0.0001 1.0000
vn 0.0001 0.0013 1.0000
vn 0.0001 0.0014 1.0000
vn 1.0000 0.0088 -0.0000
vn 1.0000 0.0090 -0.0000
vn -0.0013 -0.0163 -0.9999
vn -0.0003 -0.0018 -1.0000
vn -0.0012 -0.0164 -0.9999
vn -0.0000 -0.0017 -1.0000
vn -0.0001 -0.0000 -1.0000
vn -0.0000 0.0014 1.0000
vn 1.0000 0.0089 -0.0000
vn -0.0003 -0.0155 -0.9999
vn -0.0000 -0.0173 -0.9999
vn 1.0000 0.0001 -0.0000
vn -0.0000 1.0000 -0.0002
vn -0.0000 1.0000 0.0002
vn 1.0000 0.0006 -0.0001
vn -0.0000 -0.0027 -1.0000
vn 0.0001 -0.5457 0.8380
vn -0.0000 0.5340 -0.8455
vn 0.0001 -0.5804 -0.8143
vn 1.0000 -0.0002 -0.0001
vt 0.158200 0.627000
vt 0.314500 0.439500
vt 0.314500 0.627000
vt 0.158200 0.439500
vt 0.002000 0.627000
vt 0.002000 0.439500
vt 0.158200 0.814500
vt 0.314500 0.814500
vt 0.158200 0.998000
vt 0.002000 0.814500
vt 0.158200 0.814500
vt 0.435500 0.271500
vt 0.377000 0.373000
vt 0.435500 0.373000
vt 0.377000 0.252000
vt 0.435500 0.252000
vt 0.377000 0.271500
vt 0.377000 0.259800
vt 0.435500 0.259800
vt 0.408200 0.478500
vt 0.377000 0.384800
vt 0.377000 0.478500
vt 0.408200 0.384800
vt 0.388700 0.259800
vt 0.388700 0.373000
vt 0.435500 0.353500
vt 0.388700 0.353500
vt 0.408200 0.498000
vt 0.377000 0.498000
vt 0.314500 0.998000
vt 0.373000 0.814500
vt 0.314500 0.814500
vt 0.373000 0.377000
vt 0.158200 0.377000
vt 0.373000 0.627000
vt 0.314500 0.627000
vt 0.002000 0.377000
vt 0.002000 0.998000
vt 0.373000 0.998000
s 1
usemtl B29025D8EA884F2BBFB281E7AD493C31
f 7/1/1 4/2/2 3/3/3
f 5/4/2 8/5/4 6/6/3
f 11/7/3 8/5/4 7/1/1
f 11/7/3 3/3/3 2/8/5
f 12/9/3 9/10/1 11/11/3
f 2/8/5 12/9/3 11/11/3
f 110/30/37 117/31/38 9/32/39
f 14/33/40 5/4/41 118/34/41
f 114/31/42 113/30/43 2/32/44
f 119/35/45 2/32/44 120/36/46
f 6/2/47 116/35/47 115/33/47
f 9/32/39 116/35/47 8/36/47
f 118/34/41 6/6/48 115/37/48
f 119/35/45 4/2/49 14/33/50
f 7/1/1 5/4/2 4/2/2
f 5/4/2 7/1/1 8/5/4
f 11/7/3 9/10/52 8/5/4
f 11/7/3 7/1/1 3/3/3
f 12/9/3 10/38/2 9/10/1
f 2/8/5 1/30/53 12/9/3
f 110/30/37 111/39/15 117/31/38
f 14/33/40 4/2/40 5/4/41
f 114/31/42 112/39/8 113/30/43
f 119/35/45 114/31/42 2/32/44
f 6/2/47 8/36/47 116/35/47
f 9/32/39 117/31/38 116/35/47
f 118/34/41 5/4/41 6/6/48
f 119/35/45 120/36/46 4/2/49
usemtl 4818219508D4C4287B1C0BEB73B2EE3E
f 13/12/6 16/13/7 14/14/7
f 17/15/8 19/14/8 18/16/8
f 20/12/8 19/13/8 112/14/8
f 21/17/8 22/14/8 23/13/8
f 18/15/9 24/14/9 25/16/9
f 1/14/10 27/15/11 28/13/12
f 29/15/13 28/14/13 27/16/13
f 30/18/13 90/14/13 35/19/13
f 42/20/14 28/21/12 32/22/8
f 35/21/13 32/20/13 28/23/13
f 37/14/15 35/24/15 33/19/15
f 35/25/3 34/26/3 33/27/3
f 42/20/16 33/21/17 1/23/18
f 36/27/19 41/14/20 37/25/20
f 38/28/21 32/22/22 39/29/21
f 39/28/13 41/22/13 40/29/13
f 38/28/9 37/22/23 42/20/16
f 85/13/13 43/16/13 46/15/13
f 85/14/15 45/15/15 44/13/15
f 47/13/9 51/19/9 48/18/9
f 47/13/24 54/19/24 49/14/24
f 50/14/25 53/18/25 51/19/25
f 53/18/13 49/14/13 54/19/13
f 56/13/24 57/19/24 55/14/24
f 60/18/13 55/14/13 57/19/13
f 58/13/25 61/19/25 59/14/25
f 56/13/9 61/19/9 62/18/9
f 65/14/15 64/17/15 63/13/15
f 69/16/15 68/13/15 67/14/15
f 70/16/9 72/13/9 68/14/9
f 73/16/26 77/13/27 74/14/27
f 76/15/13 77/14/13 75/16/13
f 22/13/8 80/16/8 79/15/8
f 80/15/28 84/14/9 81/16/28
f 79/16/29 83/13/30 22/14/30
f 84/13/15 82/16/15 81/15/15
f 99/25/13 86/26/13 88/27/13
f 86/14/13 85/24/13 88/25/13
f 88/27/31 87/14/32 99/25/32
f 85/19/15 95/25/15 88/14/15
f 90/24/8 91/14/8 89/19/8
f 86/26/33 92/25/33 91/27/34
f 94/24/9 91/14/9 95/25/9
f 87/25/9 91/26/9 92/14/9
f 98/19/13 93/25/13 99/14/13
f 97/19/3 99/25/3 87/14/3
f 97/19/9 92/25/9 100/24/9
f 66/12/15 101/13/15 64/17/15
f 103/13/35 104/19/35 102/14/35
f 107/18/13 102/14/13 104/19/13
f 106/14/36 107/18/36 108/19/36
f 103/13/9 108/19/9 109/18/9
f 122/16/9 123/13/9 124/14/9
f 123/13/9 118/12/7 124/14/51
f 126/16/15 124/13/15 125/14/15
f 13/12/6 15/17/54 16/13/7
f 17/15/8 112/13/8 19/14/8
f 20/12/8 21/17/8 19/13/8
f 21/17/8 20/12/8 22/14/8
f 18/15/9 19/13/9 24/14/9
f 1/14/10 26/16/55 27/15/11
f 29/15/13 35/13/13 28/14/13
f 30/18/13 31/13/13 90/14/13
f 42/20/14 1/23/10 28/21/12
f 35/21/13 41/22/13 32/20/13
f 37/14/15 41/25/15 35/24/15
f 35/25/3 90/14/3 34/26/3
f 42/20/16 37/22/23 33/21/17
f 36/27/19 40/26/56 41/14/20
f 38/28/21 42/20/57 32/22/22
f 39/28/13 32/20/13 41/22/13
f 38/28/9 36/29/9 37/22/23
f 85/13/13 90/14/13 43/16/13
f 85/14/15 46/16/15 45/15/15
f 47/13/9 50/14/9 51/19/9
f 47/13/24 48/18/24 54/19/24
f 50/14/25 52/13/25 53/18/25
f 53/18/13 52/13/13 49/14/13
f 56/13/24 62/18/24 57/19/24
f 60/18/13 58/13/13 55/14/13
f 58/13/25 60/18/25 61/19/25
f 56/13/9 59/14/9 61/19/9
f 65/14/15 66/12/15 64/17/15
f 69/16/15 70/15/15 68/13/15
f 70/16/9 71/15/9 72/13/9
f 73/16/26 75/15/26 77/13/27
f 76/15/13 78/13/13 77/14/13
f 22/13/8 14/14/8 80/16/8
f 80/15/28 14/13/9 84/14/9
f 79/16/29 82/15/29 83/13/30
f 84/13/15 83/14/15 82/16/15
f 99/25/13 93/14/13 86/26/13
f 86/14/13 90/19/13 85/24/13
f 88/27/31 95/26/31 87/14/32
f 85/19/15 94/24/15 95/25/15
f 90/24/8 86/25/8 91/14/8
f 86/26/33 93/14/58 92/25/33
f 94/24/9 89/19/9 91/14/9
f 87/25/9 95/27/9 91/26/9
f 98/19/13 96/24/13 93/25/13
f 97/19/3 98/24/3 99/25/3
f 97/19/9 87/14/9 92/25/9
f 66/12/15 111/14/15 101/13/15
f 103/13/35 109/18/35 104/19/35
f 107/18/13 105/13/13 102/14/13
f 106/14/36 105/13/36 107/18/36
f 103/13/9 106/14/9 108/19/9
f 122/16/9 121/15/9 123/13/9
f 123/13/9 15/17/59 118/12/7
f 126/16/15 122/15/15 124/13/15
o Cabinet
v 14.094954 5.572481 -13.161922
v 13.994960 5.444980 -13.141938
v 14.014956 5.487479 -13.181931
v 14.094957 5.721238 -13.101925
v 14.094950 5.721235 -13.161917
v 14.014953 5.806239 -13.181900
v 13.874956 5.806240 -13.221896
v 13.994957 5.827490 -13.141906
v 13.354961 5.487477 -13.521871
v 13.214956 6.167500 -13.561810
v 13.214962 5.487477 -13.561862
v 13.214972 5.444975 -13.521872
v 13.354953 6.167500 -13.521814
v 13.214969 6.316252 -13.461813
v 13.214965 6.358754 -13.461813
v 13.114969 6.252503 -13.461819
v 13.214962 6.252503 -13.521806
v 13.154975 6.316254 -13.421822
v 13.074975 6.167501 -13.481821
v 13.074983 5.487478 -13.481878
v 13.334969 6.358756 -13.381825
v 13.334956 6.252501 -13.481817
v 13.294964 6.316256 -13.441818
v 13.434962 6.167500 -13.381842
v 13.334968 5.444975 -13.501877
v 13.294964 6.358757 -13.441814
v 13.334969 6.316254 -13.381828
v 13.394965 6.252502 -13.381832
v 13.394975 6.167498 -13.241865
v 13.434967 5.487477 -13.381895
v 13.394974 5.444979 -13.381893
v 13.354987 5.444980 -13.261917
v 13.334959 6.358757 -13.481806
v 13.354974 6.422510 -13.261841
v 13.374963 6.358756 -13.381824
v 13.214958 6.358753 -13.501804
v 13.114974 6.358755 -13.461812
v 13.114971 6.422510 -13.461805
v 13.214962 6.422508 -13.501800
v 13.334953 6.422508 -13.481807
v 13.374963 6.422506 -13.381823
v 14.094955 5.572479 -13.101940
v 13.794958 5.721234 -13.261894
v 13.854959 5.827491 -13.181902
v 13.655033 5.827487 -12.582007
v 13.555033 5.721237 -12.622010
v 13.555035 5.572484 -12.622023
v 13.854967 5.444975 -13.181931
v 13.874956 5.487479 -13.221922
v 13.794959 5.572481 -13.261907
v 13.754963 5.721235 -13.221903
v 13.754966 5.572481 -13.221915
v 13.074997 5.444975 -13.341906
v 13.094984 5.444977 -13.461882
v 13.134992 6.252500 -13.241858
v 13.174986 6.316255 -13.281847
v 13.174986 6.358757 -13.281844
v 13.074986 6.252503 -13.341840
v 13.034991 6.167500 -13.341848
v 13.134981 6.316254 -13.361830
v 13.154975 6.358755 -13.421818
v 13.134977 6.358756 -13.361830
v 13.254999 5.444979 -13.201927
v 13.255006 5.487481 -13.161931
v 13.254993 6.167499 -13.161878
v 13.394987 5.487480 -13.241920
v 13.354979 6.252503 -13.261856
v 13.254991 6.252502 -13.201866
v 13.314974 6.316252 -13.301844
v 13.234983 6.316257 -13.261848
v 13.234983 6.358758 -13.261846
v 13.314974 6.358754 -13.301841
v 13.354977 6.358755 -13.261847
v 13.254984 6.358756 -13.221853
v 13.254988 6.422506 -13.221848
v 13.094984 6.422508 -13.341829
v 13.094980 6.358758 -13.341833
v 13.134989 6.422507 -13.241846
v 13.114997 6.167500 -13.201873
v 13.115006 5.487481 -13.201922
v 13.035001 5.487476 -13.341899
v 13.135006 5.444980 -13.221926
v 13.134992 6.358757 -13.241853
v 13.795027 5.827487 -12.542015
v 13.795034 5.444977 -12.542044
v 13.895027 5.721235 -12.502033
v 13.895026 5.572481 -12.502041
v 13.635038 5.806238 -12.502028
v 13.655044 5.742485 -12.462033
v 13.755048 5.614985 -12.382061
v 13.755040 5.487479 -12.462055
v 13.775042 5.614983 -12.422052
v 13.835037 5.699986 -12.442043
v 13.755034 5.806240 -12.462032
v 13.835035 5.572481 -12.442054
v 13.775042 5.678732 -12.422051
v 13.755045 5.678735 -12.382054
v 13.715045 5.742484 -12.422040
v 13.715044 5.742487 -12.402046
v 13.595052 5.614985 -12.442049
v 13.635048 5.551233 -12.422060
v 13.655037 5.444977 -12.582040
v 13.635043 5.487477 -12.502051
v 13.635050 5.742488 -12.422041
v 13.715050 5.551231 -12.402060
v 13.655045 5.551230 -12.462049
v 13.555044 5.699986 -12.522028
v 13.555046 5.572482 -12.522042
v 13.715042 5.551229 -12.422058
v 13.715050 5.487479 -12.382069
v 13.795045 5.572481 -12.362066
v 13.775052 5.699985 -12.282072
v 13.795046 5.699986 -12.362056
v 12.595028 5.487479 -13.281913
v 12.575035 5.444976 -13.261917
v 12.455042 5.444978 -13.241924
v 12.435030 6.167499 -13.281858
v 12.455030 6.252501 -13.241859
v 12.495037 6.358755 -13.181858
v 12.435046 6.358755 -13.121870
v 12.435045 6.316254 -13.121874
v 12.495037 6.316254 -13.181861
v 12.435039 5.487481 -13.281910
v 12.575022 6.252505 -13.261859
v 12.675026 6.252503 -13.181866
v 12.715022 6.167499 -13.201875
v 12.595023 6.167501 -13.281859
v 12.675034 5.444976 -13.181933
v 12.615049 6.252501 -12.961909
v 12.575046 6.316257 -13.021889
v 12.635039 6.316252 -13.081882
v 12.555035 6.316253 -13.181864
v 12.555035 6.358754 -13.181861
v 12.635040 6.358754 -13.081878
v 12.615032 6.358758 -13.141870
v 12.615032 6.316257 -13.141872
v 12.695036 6.252503 -13.061892
v 12.715049 5.487477 -13.041953
v 12.715037 6.167500 -13.041899
v 12.715032 5.487481 -13.201926
v 12.695045 5.444980 -13.061953
v 12.475033 6.422508 -13.221852
v 12.655026 6.422506 -13.161860
v 12.575025 6.358754 -13.241848
v 12.675034 6.358757 -13.061883
v 12.655029 6.358756 -13.161865
v 12.475033 6.358758 -13.221853
v 12.395044 6.358758 -13.141870
v 12.395045 6.422507 -13.141863
v 12.575025 6.422509 -13.241846
v 12.675037 6.422507 -13.061878
v 13.595048 5.678737 -12.462044
v 13.595049 5.678734 -12.442044
v 13.595048 5.614982 -12.462045
v 13.615053 5.487479 -12.422064
v 13.615049 5.784986 -12.422039
v 13.715048 5.784986 -12.382047
v 13.595058 5.784990 -12.342057
v 13.695055 5.784986 -12.322056
v 13.535054 5.699985 -12.442040
v 13.515064 5.699985 -12.382053
v 13.535056 5.572479 -12.442055
v 13.695055 5.487480 -12.322083
v 13.515062 5.572479 -12.382063
v 13.595060 5.487478 -12.342079
v 13.775053 5.572480 -12.282086
v 12.375054 5.444980 -13.141941
v 12.395066 5.444979 -13.021960
v 12.635056 6.167500 -12.921924
v 12.575045 6.358754 -13.021893
v 12.395058 6.252501 -13.021900
v 12.515051 6.316256 -13.001898
v 12.355055 5.487481 -13.161931
v 12.355064 6.167500 -13.001907
v 12.355045 6.167499 -13.161880
v 12.375048 6.252502 -13.141872
v 12.455050 6.316255 -13.061885
v 12.455050 6.358756 -13.061881
v 12.515051 6.358758 -13.001894
v 12.475071 5.487477 -12.901980
v 12.635060 5.487477 -12.921977
v 12.495069 5.444978 -12.941973
v 12.615060 5.444977 -12.961973
v 12.615050 6.358754 -12.981897
v 12.615044 6.422510 -12.981894
v 12.415056 6.358756 -13.021890
v 12.415057 6.422506 -13.021882
v 12.495058 6.358755 -12.961897
v 12.495054 6.422506 -12.961898
v 12.355073 5.487477 -13.001959
v 12.475067 6.167500 -12.901927
v 12.495060 6.252501 -12.941912
v 15.174973 5.296223 -12.262106
v 15.174803 4.084937 -14.201852
v 15.174789 5.296224 -14.201761
v 12.095177 4.084938 -12.262201
v 15.174990 4.084936 -12.262198
v 15.175022 4.084933 -11.942257
v 9.015172 4.084936 -14.201852
v 12.094974 5.296221 -14.201758
v 12.094988 4.084934 -14.201854
v 15.175022 1.364850 -12.262411
v 15.175038 0.281068 -12.262497
v 9.015361 4.084935 -12.262200
v 9.015342 5.296223 -12.262108
v 9.015160 5.296223 -14.201760
v 9.015203 1.364855 -14.202064
v 9.015220 0.281068 -14.202148
v 15.174973 5.444976 -12.262091
v 15.174784 5.444978 -14.201752
v 12.095160 5.444979 -12.262093
v 15.174768 6.805018 -14.201647
v 9.015137 6.805022 -14.201642
v 12.094970 5.444980 -14.201752
v 12.094953 6.805020 -14.201645
v 15.175005 5.444979 -11.942148
v 9.015154 5.444977 -14.201751
v 9.015345 5.444981 -12.262093
v 12.095191 5.444976 -11.942151
v 15.174738 6.805018 -14.501589
v 15.414724 6.805022 -14.501595
v 12.094924 6.805020 -14.501592
v 15.414755 6.805021 -14.201642
v 15.414949 6.273751 -12.262027
v 9.015364 6.273755 -11.942087
v 15.174962 6.273753 -12.262028
v 15.174994 6.273751 -11.942085
v 15.414978 6.273754 -11.942087
v 15.414989 5.444977 -11.942149
v 15.414991 5.296224 -11.942162
v 15.415007 4.084937 -11.942257
v 12.095205 4.084936 -11.942255
v 15.415043 1.364851 -11.942467
v 15.415052 0.281069 -11.942551
v 15.175072 0.281069 -11.942546
v 15.175055 1.364853 -11.942468
v 12.095190 5.296224 -11.942165
v 15.175003 5.296221 -11.942163
v 8.775124 6.805019 -14.501588
v 9.015108 6.805022 -14.501589
v 8.775141 5.444979 -14.501697
v 8.775155 4.084938 -14.501800
v 8.775185 4.084938 -14.201853
v 8.775171 5.296225 -14.201762
v 8.775143 5.296225 -14.501709
v 8.775349 6.273754 -12.262028
v 9.015332 6.273752 -12.262029
v 8.775219 1.364852 -14.202069
v 8.775235 0.281069 -14.202147
v 8.775193 1.364851 -14.502013
v 8.775208 0.281069 -14.502094
v 8.775168 5.444978 -14.201749
v 8.775151 6.805019 -14.201641
v 8.775376 4.084936 -12.262198
v 8.775357 5.296224 -12.262106
v 9.015373 5.296226 -11.942164
v 9.015425 1.364852 -11.942470
v 9.015393 4.084938 -11.942258
v 12.095238 1.364854 -11.942467
v 8.775409 1.364855 -12.262410
v 8.775359 5.444977 -12.262091
v 8.775454 0.281071 -11.942549
v 8.775420 0.281069 -12.262498
v 8.775380 6.273756 -11.942085
v 8.775409 4.084939 -11.942256
v 8.775390 5.296227 -11.942163
v 9.015376 5.444979 -11.942150
v 8.775388 5.444981 -11.942151
v 9.015438 0.281069 -11.942551
v 8.775440 1.364853 -11.942468
vn 0.7526 -0.6562 -0.0554
vn 0.7902 -0.5910 -0.1623
vn 0.7282 -0.6853 -0.0000
vn 0.7282 0.6853 -0.0001
vn 0.7282 0.6854 -0.0001
vn 1.0000 -0.0000 -0.0001
vn 0.1196 0.9003 -0.4186
vn 0.2747 0.0001 -0.9615
vn 0.2125 -0.5449 -0.8112
vn 0.1513 -0.6382 -0.7549
vn 0.2374 -0.5027 -0.8312
vn 0.2683 0.4419 -0.8560
vn 0.2614 0.4307 -0.8638
vn 0.2804 0.4619 -0.8414
vn -0.5547 -0.0000 -0.8321
vn -0.4088 0.6413 -0.6494
vn -0.4078 0.6397 -0.6515
vn -0.4003 0.6280 -0.6673
vn -0.4672 0.3861 -0.7954
vn -0.4618 0.3924 -0.7954
vn -0.4771 0.3743 -0.7952
vn -0.4961 0.0001 -0.8683
vn -0.4961 0.0001 -0.8682
vn -0.3836 -0.6158 -0.6883
vn -0.3803 -0.5604 -0.7357
vn -0.3842 -0.6327 -0.6724
vn 0.8320 -0.0000 -0.5548
vn 0.6493 0.6412 -0.4089
vn 0.6515 0.6397 -0.4079
vn 0.6673 0.6280 -0.4005
vn 0.7954 0.3924 -0.4620
vn 0.7953 0.3860 -0.4674
vn 0.7953 0.4010 -0.4546
vn 0.8682 0.0001 -0.4962
vn 0.8682 -0.0000 -0.4963
vn 0.7357 -0.5603 -0.3804
vn 0.6882 -0.6157 -0.3837
vn 0.7563 -0.5337 -0.3782
vn 0.2136 0.6486 -0.7306
vn 0.2219 0.6421 -0.7338
vn 0.2477 0.6216 -0.7431
vn 0.2425 0.0001 -0.9701
vn 0.9702 -0.0000 0.2425
vn 0.9701 -0.0000 0.2425
vn 0.7305 0.6486 0.2136
vn 0.7337 0.6422 0.2219
vn 0.7431 0.6217 0.2477
vn 0.8638 0.4306 0.2615
vn 0.8560 0.4418 0.2683
vn 0.8761 0.4122 0.2503
vn 0.9615 -0.0000 0.2746
vn 0.9615 -0.0000 0.2747
vn 0.6731 -0.7077 0.2148
vn 0.6998 -0.6835 0.2075
vn 0.7130 -0.6710 0.2037
vn 0.1644 -0.0000 -0.9864
vn 0.1643 -0.0000 -0.9864
vn 0.9284 -0.0000 -0.3715
vn 0.9864 -0.0000 0.1643
vn -0.3714 0.0001 -0.9285
vn -0.0000 1.0000 -0.0000
vn 0.6669 0.7113 0.2223
vn 0.7253 -0.6446 0.2417
vn 0.9487 -0.0000 0.3162
vn -0.4927 0.6955 -0.5230
vn -0.4754 0.6712 -0.5687
vn -0.5004 0.7065 -0.5005
vn -0.6669 0.7113 -0.2223
vn -0.6668 0.7113 -0.2222
vn -0.7253 -0.6446 -0.2417
vn -0.4713 -0.6652 -0.5791
vn -0.4040 -0.5702 -0.7153
vn -0.3782 -0.5338 -0.7564
vn -0.9487 -0.0000 -0.3162
vn -0.7071 -0.0000 -0.7071
vn -0.7548 -0.6382 -0.1513
vn -0.8111 -0.5450 -0.2125
vn -0.7229 -0.6803 -0.1204
vn -0.2477 0.6215 0.7432
vn -0.3162 -0.0001 0.9487
vn -0.6456 0.6729 0.3611
vn -0.6444 0.6779 0.3537
vn -0.6499 0.6523 0.3900
vn -0.9615 -0.0000 -0.2747
vn -0.9615 -0.0000 -0.2746
vn -0.8560 0.4419 -0.2683
vn -0.8638 0.4306 -0.2614
vn -0.8414 0.4619 -0.2804
vn -0.7431 0.6217 -0.2476
vn 0.3918 -0.6380 0.6629
vn 0.3785 -0.6529 0.6561
vn 0.3733 -0.6587 0.6533
vn 0.4961 -0.0001 0.8682
vn 0.4672 0.3860 0.7954
vn 0.4619 0.3923 0.7955
vn 0.4771 0.3741 0.7952
vn -0.8944 -0.0000 0.4474
vn -0.8944 -0.0001 0.4473
vn 0.3610 0.6729 0.6457
vn 0.3537 0.6779 0.6445
vn 0.3899 0.6523 0.6499
vn 0.4472 -0.0001 0.8944
vn 0.3714 -0.0001 0.9285
vn -0.9864 -0.0000 -0.1643
vn -0.9864 -0.0000 -0.1644
vn -0.9284 -0.0000 0.3715
vn -0.2747 -0.0001 0.9615
vn -0.2683 0.4418 0.8561
vn -0.2615 0.4305 0.8639
vn -0.2804 0.4618 0.8415
vn -0.8682 -0.0000 0.4962
vn -0.7954 0.3860 0.4673
vn -0.7954 0.3923 0.4620
vn -0.7952 0.3741 0.4772
vn -0.7357 -0.5604 0.3804
vn -0.6882 -0.6158 0.3837
vn -0.7562 -0.5339 0.3783
vn -0.2125 -0.5450 0.8111
vn -0.1513 -0.6382 0.7548
vn -0.2374 -0.5029 0.8311
vn -0.1644 -0.0001 0.9864
vn -0.0734 0.9697 0.2329
vn -0.0694 0.9708 0.2298
vn -0.0645 0.9720 0.2259
vn 0.5325 -0.6194 0.5768
vn 0.5447 -0.6166 0.5684
vn 0.5150 -0.6232 0.5886
vn 0.5731 0.6094 0.5479
vn 0.5045 0.6252 0.5955
vn 0.4197 0.6379 0.6457
vn 0.7071 -0.0001 0.7071
vn -0.3379 0.5299 0.7778
vn -0.3561 0.5585 0.7492
vn -0.2833 0.4443 0.8499
vn 0.8081 -0.5781 0.1133
vn 0.7146 -0.6339 0.2957
vn 0.8471 -0.5314 -0.0002
vn 0.2078 -0.2960 0.9323
vn 0.2121 -0.3329 0.9188
vn 0.2206 -0.4153 0.8825
vn -0.0000 1.0000 -0.0001
vn -0.0000 1.0000 -0.0002
vn 0.2858 0.3273 0.9007
vn 0.2480 0.3251 0.9126
vn 0.1950 0.3212 0.9267
vn 0.3162 -0.0001 0.9487
vn 0.8944 -0.0000 0.4472
vn -0.7792 0.6217 0.0791
vn -0.7589 0.6495 0.0459
vn -0.7282 0.6853 -0.0000
vn 0.8080 0.5781 0.1133
vn 0.7147 0.6339 0.2957
vn 0.6843 0.6440 0.3421
vn -0.8081 -0.5781 -0.1133
vn -0.7147 -0.6339 -0.2957
vn -0.8471 -0.5314 0.0002
vn -0.5333 -0.3891 0.7511
vn -0.5311 -0.4175 0.7373
vn -0.5365 -0.3213 0.7804
vn -0.7605 -0.6476 0.0483
vn -0.7779 -0.6237 0.0769
vn -0.7282 -0.6853 0.0001
vn -0.5922 0.4448 0.6719
vn -0.5892 0.3799 0.7131
vn -0.5805 0.2941 0.7593
vn -0.7146 0.6339 -0.2957
vn -0.8080 0.5781 -0.1133
vn -0.8471 0.5315 0.0001
vn -0.0000 -1.0000 0.0001
vn -0.8320 -0.0000 0.5548
vn -0.8320 -0.0001 0.5548
vn -1.0000 -0.0000 0.0001
vn -0.3561 -0.5586 0.7491
vn -0.3379 -0.5300 0.7778
vn -0.2832 -0.4444 0.8499
vn 0.6803 -0.7036 0.2053
vn 0.6786 -0.7103 0.1869
vn 0.6768 -0.7165 0.1691
vn 0.6786 0.7103 0.1869
vn 0.6803 0.7036 0.2053
vn 0.6768 0.7165 0.1692
vn -0.0000 0.0001 -1.0000
vn -0.0238 -0.4887 -0.8721
vn -0.0873 -0.6447 -0.7595
vn -0.0000 -0.4257 -0.9049
vn -0.0882 0.3635 -0.9274
vn -0.0492 0.3048 -0.9512
vn -0.0000 0.2290 -0.9734
vn -0.7071 0.0001 -0.7071
vn -0.5328 0.7073 -0.4646
vn -0.5245 0.7126 -0.4660
vn -0.5716 0.6814 -0.4572
vn -0.7492 0.3553 -0.5590
vn -0.7530 0.3807 -0.5367
vn -0.7568 0.4155 -0.5045
vn -0.8321 -0.0000 -0.5547
vn -0.6435 -0.5853 -0.4933
vn -0.6234 -0.6507 -0.4335
vn -0.6513 -0.5516 -0.5211
vn 0.8320 -0.0000 0.5547
vn 0.8321 -0.0000 0.5547
vn 0.7492 0.3553 0.5590
vn 0.7530 0.3807 0.5368
vn 0.7568 0.4155 0.5045
vn 0.5546 0.0001 -0.8321
vn 0.3965 0.7463 -0.5346
vn 0.3967 0.7466 -0.5340
vn 0.4047 0.7618 -0.5059
vn 0.5589 0.3553 -0.7492
vn 0.5367 0.3807 -0.7530
vn 0.5045 0.4155 -0.7569
vn 0.4335 -0.6507 -0.6235
vn 0.4933 -0.5853 -0.6435
vn 0.4095 -0.6744 -0.6144
vn 0.5245 0.7125 0.4660
vn 0.5328 0.7073 0.4646
vn 0.4736 0.7426 0.4735
vn 0.7071 -0.0000 0.7072
vn 0.7071 -0.0000 0.7071
vn 0.7070 0.0001 0.7072
vn -0.0717 0.7439 -0.6645
vn -0.0629 0.7489 -0.6597
vn -0.0000 0.7821 -0.6232
vn -0.0001 0.0001 -1.0000
vn 0.9486 -0.0000 -0.3164
vn 0.7024 0.6933 -0.1611
vn 0.7011 0.6943 -0.1623
vn 0.7417 0.6592 -0.1237
vn 0.9274 0.3635 -0.0883
vn 0.9512 0.3047 -0.0493
vn 0.9734 0.2290 -0.0001
vn 0.7593 -0.6448 -0.0874
vn 0.8720 -0.4889 -0.0239
vn 0.6955 -0.7091 -0.1160
vn -0.1961 -0.0000 -0.9806
vn 0.7070 0.0001 -0.7072
vn 0.7070 -0.0000 -0.7072
vn 0.8000 -0.0000 0.6000
vn 0.8000 -0.0001 0.6000
vn 0.9806 -0.0000 -0.1962
vn -1.0000 -0.0000 0.0002
vn -1.0000 -0.0000 -0.0000
vn -0.6786 -0.7103 -0.1869
vn -0.6803 -0.7036 -0.2053
vn -0.6819 -0.6952 -0.2272
vn -0.6786 0.7103 -0.1869
vn -0.6803 0.7036 -0.2053
vn -0.6768 0.7165 -0.1692
vn -0.9487 -0.0000 -0.3161
vn -0.2985 0.0408 0.9536
vn -0.2541 0.1375 0.9574
vn -0.3161 -0.0001 0.9487
vn -0.3871 -0.0684 0.9195
vn -0.2985 0.0408 0.9535
vn -0.8721 -0.4888 0.0239
vn -0.7594 -0.6448 0.0873
vn -0.9048 -0.4257 0.0001
vn 0.1240 -0.0001 0.9923
vn 0.1329 0.4290 0.8935
vn 0.1247 0.4171 0.9002
vn 0.1136 0.4009 0.9091
vn 0.1610 0.6932 0.7025
vn 0.1622 0.6942 0.7012
vn 0.1236 0.6592 0.7418
vn 0.3162 -0.0000 0.9487
vn -0.4660 0.7125 0.5246
vn -0.4646 0.7072 0.5329
vn -0.4735 0.7426 0.4736
vn -0.9274 0.3635 0.0883
vn -0.9512 0.3047 0.0493
vn -0.9734 0.2290 0.0001
vn -0.7024 0.6933 0.1611
vn -0.7011 0.6943 0.1623
vn -0.7417 0.6592 0.1237
vn -0.9486 -0.0000 0.3163
vn -0.9486 -0.0000 0.3164
vn 0.6434 -0.5855 0.4932
vn 0.6233 -0.6508 0.4335
vn 0.6513 -0.5517 0.5210
vn -0.7070 -0.0001 0.7072
vn 0.0981 -0.6695 0.7363
vn 0.1093 -0.6946 0.7110
vn 0.0933 -0.6587 0.7466
vn 0.1644 -0.0000 0.9864
vn -0.9864 -0.0000 0.1645
vn -0.5999 -0.0001 0.8001
vn -0.5999 -0.0001 0.8000
vn -0.6401 -0.0001 0.7683
vn -0.5642 0.4479 0.6936
vn -0.5694 0.4421 0.6930
vn -0.5766 0.4341 0.6921
vn -0.4427 -0.7105 0.5469
vn -0.4552 -0.6992 0.5512
vn -0.4354 -0.7171 0.5443
vn -0.0000 -0.0001 1.0000
vn -0.0000 0.9645 0.2642
vn 0.8005 -0.5650 -0.2002
vn 0.7283 0.6853 -0.0001
vn 1.0000 -0.0000 -0.0000
vn 0.1205 -0.6803 -0.7230
vn 0.2503 0.4122 -0.8760
vn -0.5547 0.0001 -0.8320
vn -0.4184 0.6564 -0.6277
vn -0.4545 0.4010 -0.7954
vn -0.3781 -0.5338 -0.7563
vn 0.6277 0.6564 -0.4186
vn 0.7951 0.3742 -0.4772
vn 0.6723 -0.6327 -0.3843
vn 0.1790 0.6742 -0.7165
vn 0.2425 -0.0000 -0.9701
vn 0.7165 0.6743 0.1791
vn 0.8414 0.4619 0.2804
vn 0.6570 -0.7214 0.2190
vn 0.1644 0.0001 -0.9864
vn 0.9284 0.0001 -0.3715
vn -0.4685 0.6614 -0.5857
vn -0.5005 -0.7064 -0.5005
vn -0.8311 -0.5028 -0.2374
vn -0.6382 0.7006 0.3192
vn -0.8760 0.4122 -0.2502
vn -0.7431 0.6217 -0.2477
vn -0.9487 -0.0001 -0.3162
vn 0.4004 -0.6280 0.6673
vn 0.4545 0.4009 0.7954
vn 0.3191 0.7006 0.6382
vn -0.9864 0.0001 -0.1643
vn -0.9284 -0.0001 0.3715
vn -0.2503 0.4121 0.8761
vn -0.7954 0.4009 0.4546
vn -0.6723 -0.6327 0.3843
vn -0.1205 -0.6803 0.7230
vn -0.0792 0.9682 0.2374
vn 0.5585 -0.6132 0.5586
vn 0.6540 0.5831 0.4819
vn -0.4185 0.6563 0.6278
vn 0.6843 -0.6440 0.3421
vn 0.1928 -0.1816 0.9643
vn 0.3506 0.3299 0.8765
vn -0.8038 0.5819 0.1238
vn 0.8471 0.5315 -0.0001
vn -0.6843 -0.6440 -0.3421
vn -0.5224 -0.4917 0.6966
vn -0.7988 -0.5907 0.1142
vn -0.5887 0.5539 0.5888
vn -0.6843 0.6440 -0.3421
vn -0.4185 -0.6564 0.6277
vn 0.6819 -0.6952 0.2273
vn 0.6819 0.6952 0.2273
vn -0.1159 -0.7090 -0.6956
vn -0.1469 0.4493 -0.8812
vn -0.4735 0.7427 -0.4735
vn -0.7414 0.3140 -0.5931
vn -0.6143 -0.6744 -0.4096
vn 0.7414 0.3139 0.5931
vn 0.3836 0.7221 -0.5756
vn 0.5931 0.3140 -0.7414
vn 0.5210 -0.5515 -0.6514
vn 0.5716 0.6813 0.4573
vn -0.1145 0.7180 -0.6866
vn 0.6409 0.7372 -0.2137
vn 0.8812 0.4492 -0.1470
vn 0.9048 -0.4258 -0.0001
vn 0.9806 0.0001 -0.1962
vn -0.6768 -0.7165 -0.1692
vn -0.6819 0.6952 -0.2272
vn -0.1890 0.2667 0.9451
vn -0.6955 -0.7091 0.1160
vn 0.1469 0.4492 0.8813
vn 0.2136 0.7371 0.6411
vn 0.3161 0.0001 0.9487
vn -0.4573 0.6812 0.5717
vn -0.8813 0.4492 0.1470
vn -0.6410 0.7372 0.2137
vn -0.9487 -0.0000 0.3163
vn 0.6143 -0.6745 0.4095
vn -0.7070 -0.0000 0.7072
vn 0.1159 -0.7091 0.6955
vn -0.5999 -0.0000 0.8001
vn -0.5555 0.4573 0.6945
vn -0.4608 -0.6940 0.5531
vt 0.759800 0.017600
vt 0.802700 0.009800
vt 0.759800 0.009800
vt 0.802700 0.017600
vt 0.841800 0.009800
vt 0.841800 0.017600
vt 0.900400 0.009800
vt 0.900400 0.017600
vt 0.943400 0.017600
vt 0.970700 0.130900
vt 0.943400 0.130900
vt 0.990200 0.017600
vt 0.943400 0.009800
vt 0.970700 0.146500
vt 0.943400 0.146500
vt 0.759800 0.158200
vt 0.802700 0.166000
vt 0.802700 0.158200
vt 0.759800 0.146500
vt 0.802700 0.146500
vt 0.802700 0.130900
vt 0.990200 0.158200
vt 0.943400 0.166000
vt 0.990200 0.166000
vt 0.990200 0.146500
vt 0.990200 0.130900
vt 0.990200 0.009800
vt 0.943400 0.158200
vt 0.943400 0.185500
vt 0.990200 0.185500
vt 0.759800 0.166000
vt 0.798800 0.185500
vt 0.841800 0.166000
vt 0.900400 0.185500
vt 0.837900 0.185500
vt 0.900400 0.166000
vt 0.884800 0.017600
vt 0.869100 0.130900
vt 0.869100 0.017600
vt 0.759800 0.130900
vt 0.884800 0.130900
vt 0.841800 0.146500
vt 0.900400 0.158200
vt 0.841800 0.158200
vt 0.900400 0.130900
vt 0.900400 0.146500
vt 0.759800 0.185500
vt 0.841800 0.130900
vt 0.970700 0.017600
vt 0.970700 0.158200
vt 0.728500 0.002000
vt 0.623000 0.060500
vt 0.623000 0.002000
vt 0.252000 0.373000
vt 0.373000 0.298800
vt 0.252000 0.298800
vt 0.252000 0.267600
vt 0.373000 0.373000
vt 0.748000 0.002000
vt 0.728500 0.060500
vt 0.373000 0.267600
vt 0.252000 0.252000
vt 0.373000 0.252000
vt 0.607400 0.002000
vt 0.607400 0.060500
vt 0.623000 0.021500
vt 0.748000 0.060500
vt 0.236300 0.017600
vt 0.115200 0.076200
vt 0.236300 0.107400
vt 0.127000 0.142600
vt 0.248000 0.248000
vt 0.127000 0.248000
vt 0.248000 0.373000
vt 0.127000 0.373000
vt 0.095700 0.017600
vt 0.115200 0.017600
vt 0.002000 0.248000
vt 0.002000 0.373000
vt 0.248000 0.142600
vt 0.127000 0.127000
vt 0.248000 0.127000
vt 0.002000 0.142600
vt 0.275400 0.326200
vt 0.275400 0.373000
vt 0.002000 0.127000
vt 0.611300 0.060500
vt 0.627000 0.002000
vt 0.611300 0.002000
vt 0.502000 0.060500
vt 0.502000 0.002000
vt 0.252000 0.326200
vt 0.377000 0.060500
vt 0.377000 0.002000
vt 0.404300 0.060500
vt 0.419900 0.002000
vt 0.404300 0.002000
vt 0.482400 0.060500
vt 0.419900 0.060500
vt 0.127000 0.002000
vt 0.248000 0.123000
vt 0.127000 0.123000
vt 0.607400 0.048800
vt 0.482400 0.002000
vt 0.404300 0.021500
vt 0.482400 0.021500
vt 0.419900 0.021500
vt 0.607400 0.021500
vt 0.252000 0.193400
vt 0.373000 0.244100
vt 0.252000 0.244100
vt 0.373000 0.002000
vt 0.252000 0.123000
vt 0.252000 0.002000
vt 0.373000 0.123000
vt 0.252000 0.177700
vt 0.373000 0.177700
vt 0.002000 0.002000
vt 0.002000 0.123000
vt 0.623000 0.048800
vt 0.095700 0.076200
vt 0.627000 0.060500
vt 0.248000 0.002000
vt 0.377000 0.021500
vt 0.373000 0.193400
s 1
usemtl 6D9407C8C715CD825529BA65C35600C9
f 168/40/60 129/41/61 127/42/62
f 130/43/63 132/44/63 134/45/64
f 168/40/65 131/41/65 130/43/65
f 134/45/66 133/46/66 170/47/66
f 135/48/67 136/49/67 139/50/67
f 151/51/68 137/52/69 135/48/70
f 139/50/71 143/53/72 148/54/73
f 144/55/74 141/56/74 140/57/74
f 142/58/75 140/57/76 143/59/77
f 136/60/78 142/58/79 143/59/80
f 146/40/81 136/60/82 137/43/81
f 138/41/83 146/40/84 137/43/85
f 153/61/86 152/62/86 147/63/86
f 148/54/87 153/61/88 154/64/89
f 148/54/90 150/65/91 139/50/92
f 156/51/93 139/50/94 150/65/94
f 135/48/95 157/66/96 151/52/97
f 143/53/98 149/67/99 148/54/100
f 149/61/101 141/62/101 152/67/101
f 195/67/102 147/63/102 198/62/103
f 154/64/104 195/67/105 193/54/106
f 154/64/107 155/50/108 150/65/109
f 192/48/110 150/65/111 155/50/111
f 192/48/112 157/66/113 156/51/114
f 159/63/115 165/68/115 166/62/116
f 159/62/117 167/69/117 161/63/117
f 199/62/118 167/69/118 160/68/118
f 163/70/119 165/71/119 162/56/119
f 165/72/120 167/73/120 166/74/120
f 165/75/120 201/74/120 160/73/120
f 170/76/120 210/77/120 134/78/120
f 130/43/121 210/77/121 212/60/121
f 168/40/122 211/60/122 128/43/122
f 130/43/123 213/79/123 168/40/123
f 177/48/124 133/46/125 169/52/126
f 170/76/127 172/50/128 171/80/128
f 174/48/129 173/65/129 178/51/129
f 178/51/130 175/52/131 174/48/132
f 177/48/133 173/65/133 172/50/133
f 169/52/134 178/51/134 177/48/134
f 207/43/135 180/42/136 179/41/137
f 181/81/138 196/82/138 182/83/138
f 196/82/139 183/72/139 182/83/139
f 182/83/140 184/59/141 181/81/142
f 207/43/143 145/79/143 146/40/144
f 145/79/145 184/59/146 142/58/147
f 186/57/148 142/58/148 184/59/148
f 186/57/133 187/70/133 144/55/133
f 190/47/149 158/52/150 192/48/151
f 190/76/152 155/50/152 191/80/152
f 191/84/153 193/54/154 194/85/155
f 182/83/156 188/56/157 186/57/157
f 195/67/158 194/85/159 193/54/160
f 196/82/161 198/62/161 197/75/161
f 160/68/162 200/75/162 199/62/162
f 203/56/163 164/86/164 163/70/164
f 209/72/165 202/71/165 203/56/165
f 201/74/120 202/75/120 204/73/120
f 190/76/166 205/77/166 206/78/166
f 205/87/167 194/85/168 181/81/169
f 185/60/170 206/78/170 205/77/170
f 185/60/171 181/81/172 184/59/173
f 206/45/174 179/41/175 208/44/176
f 208/44/177 190/47/178 206/45/179
f 200/75/180 204/74/180 209/72/180
f 171/84/181 220/81/182 210/87/183
f 211/60/184 221/58/185 217/59/186
f 210/87/187 219/59/188 212/60/189
f 213/79/190 219/59/190 221/58/190
f 215/82/191 220/81/192 214/85/193
f 235/57/194 216/70/195 231/56/196
f 221/58/197 235/57/198 217/59/199
f 224/83/200 230/75/200 225/72/201
f 220/81/202 222/57/203 219/59/204
f 219/59/205 218/55/205 221/58/205
f 222/57/206 216/70/206 218/55/206
f 172/50/207 214/85/208 171/84/209
f 224/83/210 223/56/211 222/57/212
f 280/61/213 227/62/214 226/63/215
f 232/67/216 234/64/217 229/54/218
f 173/65/219 229/54/220 234/64/221
f 233/54/222 215/82/223 214/85/224
f 230/75/225 278/67/226 279/62/227
f 227/67/228 235/63/228 231/62/228
f 233/54/229 280/61/230 278/67/229
f 173/65/231 233/54/231 172/50/231
f 217/53/232 232/67/233 229/54/234
f 289/71/235 237/70/236 292/86/237
f 239/56/102 292/86/102 237/70/102
f 239/56/238 285/74/239 238/71/240
f 249/88/241 253/50/241 240/48/241
f 241/51/242 249/52/243 240/48/244
f 243/49/245 250/54/246 253/50/247
f 247/55/248 245/56/248 248/57/248
f 247/55/249 244/59/250 302/58/251
f 301/79/252 244/59/253 243/60/254
f 299/40/255 243/60/255 249/43/255
f 299/40/256 242/41/257 293/42/258
f 307/76/259 265/50/260 295/80/260
f 265/50/261 255/85/262 295/84/263
f 262/61/264 259/62/264 261/63/264
f 258/67/265 251/64/266 250/54/267
f 253/50/268 251/64/269 252/65/270
f 266/51/264 253/50/264 252/65/264
f 254/66/271 240/48/272 266/51/273
f 255/85/274 257/67/275 256/82/276
f 256/82/277 260/62/278 296/75/279
f 250/54/280 248/89/281 258/67/282
f 259/67/241 248/63/283 245/62/283
f 262/61/284 260/62/284 257/67/284
f 251/64/285 257/67/286 263/54/287
f 252/65/288 263/54/289 265/50/290
f 264/48/65 252/65/65 265/50/65
f 266/51/291 267/52/292 254/66/293
f 276/62/294 273/69/294 268/68/294
f 272/63/295 276/68/296 269/69/295
f 277/68/297 310/75/297 271/62/298
f 271/62/299 269/69/299 277/68/299
f 274/70/248 268/71/134 273/56/134
f 268/72/120 269/73/120 276/74/120
f 268/75/120 311/74/120 277/73/120
f 278/67/231 226/63/300 279/62/301
f 281/62/302 290/69/303 288/63/304
f 284/73/120 283/72/120 282/75/120
f 282/75/305 287/68/306 284/73/307
f 286/62/133 290/69/133 287/68/308
f 290/73/309 289/72/310 287/75/311
f 292/72/312 287/73/312 289/75/312
f 238/75/313 284/74/310 292/72/139
f 293/42/314 316/43/315 299/40/316
f 306/78/317 295/80/317 317/77/317
f 295/84/318 318/81/319 317/87/320
f 255/85/321 298/83/322 318/81/323
f 298/83/324 296/75/324 305/72/205
f 297/59/325 298/83/326 303/57/327
f 316/43/231 301/79/231 299/40/231
f 300/60/328 302/58/329 301/79/330
f 297/59/331 247/55/332 302/58/333
f 303/57/334 246/70/334 247/55/335
f 264/48/336 309/46/337 267/52/338
f 298/83/339 304/56/339 303/57/339
f 308/44/340 307/47/341 306/45/342
f 314/72/343 311/73/343 315/74/343
f 312/56/344 275/86/344 274/70/344
f 314/72/345 313/71/345 312/56/346
f 311/74/120 313/75/120 315/73/120
f 306/78/347 300/60/347 316/43/347
f 317/87/348 297/59/349 300/60/350
f 306/45/351 294/41/352 308/44/353
f 168/40/60 128/43/356 129/41/61
f 130/43/63 131/41/357 132/44/63
f 168/40/65 127/42/358 131/41/65
f 134/45/66 132/44/66 133/46/66
f 135/48/67 137/88/67 136/49/67
f 151/51/68 138/66/359 137/52/69
f 139/50/71 136/49/360 143/53/72
f 144/55/74 187/70/361 141/56/74
f 142/58/75 144/55/362 140/57/76
f 136/60/78 145/79/363 142/58/79
f 146/40/81 145/79/82 136/60/82
f 138/41/83 180/42/364 146/40/84
f 153/61/86 149/67/86 152/62/86
f 148/54/87 149/67/365 153/61/88
f 148/54/90 154/64/366 150/65/91
f 156/51/93 135/48/93 139/50/94
f 135/48/95 156/51/367 157/66/96
f 143/53/98 140/89/368 149/67/99
f 149/61/101 140/63/369 141/62/101
f 195/67/102 153/61/102 147/63/102
f 154/64/104 153/61/370 195/67/105
f 154/64/107 193/54/371 155/50/108
f 192/48/110 156/51/110 150/65/111
f 192/48/112 158/52/372 157/66/113
f 159/63/115 162/69/373 165/68/115
f 159/62/117 166/68/374 167/69/117
f 199/62/118 161/63/118 167/69/118
f 163/70/119 164/86/119 165/71/119
f 165/72/120 160/75/120 167/73/120
f 165/75/120 164/72/120 201/74/120
f 170/76/120 171/80/120 210/77/120
f 130/43/121 134/78/121 210/77/121
f 168/40/122 213/79/122 211/60/122
f 130/43/123 212/60/123 213/79/123
f 177/48/124 170/47/375 133/46/125
f 170/76/127 177/48/127 172/50/128
f 174/48/129 228/50/129 173/65/129
f 178/51/130 176/66/376 175/52/131
f 177/48/133 178/51/133 173/65/133
f 169/52/134 176/66/134 178/51/134
f 207/43/135 146/40/377 180/42/136
f 181/81/138 194/85/138 196/82/138
f 196/82/139 197/75/139 183/72/139
f 182/83/140 186/57/378 184/59/141
f 207/43/143 185/60/143 145/79/143
f 145/79/145 185/60/379 184/59/146
f 186/57/148 144/55/380 142/58/148
f 186/57/133 188/56/381 187/70/133
f 190/47/149 189/46/382 158/52/150
f 190/76/152 192/48/152 155/50/152
f 191/84/153 155/50/383 193/54/154
f 182/83/156 183/72/156 188/56/157
f 195/67/158 196/82/384 194/85/159
f 196/82/161 195/67/161 198/62/161
f 160/68/162 201/73/162 200/75/162
f 203/56/163 202/71/385 164/86/164
f 209/72/165 204/74/386 202/71/165
f 201/74/120 164/72/120 202/75/120
f 190/76/166 191/80/166 205/77/166
f 205/87/167 191/84/387 194/85/168
f 185/60/170 207/43/170 206/78/170
f 185/60/171 205/87/388 181/81/172
f 206/45/174 207/43/389 179/41/175
f 208/44/177 189/46/390 190/47/178
f 200/75/180 201/73/180 204/74/180
f 171/84/181 214/85/391 220/81/182
f 211/60/184 213/79/392 221/58/185
f 210/87/187 220/81/393 219/59/188
f 213/79/190 212/60/278 219/59/190
f 215/82/191 224/83/394 220/81/192
f 235/57/194 218/55/395 216/70/195
f 221/58/197 218/55/396 235/57/198
f 224/83/200 215/82/120 230/75/200
f 220/81/202 224/83/397 222/57/203
f 219/59/205 222/57/324 218/55/205
f 222/57/206 223/56/206 216/70/206
f 172/50/207 233/54/398 214/85/208
f 224/83/210 225/72/399 223/56/211
f 280/61/213 232/67/400 227/62/214
f 232/67/216 280/61/401 234/64/217
f 173/65/219 228/50/402 229/54/220
f 233/54/222 278/67/403 215/82/223
f 230/75/225 215/82/404 278/67/226
f 227/67/228 232/61/228 235/63/228
f 233/54/229 234/64/230 280/61/230
f 173/65/231 234/64/231 233/54/231
f 217/53/232 235/89/405 232/67/233
f 289/71/235 236/56/406 237/70/236
f 239/56/102 238/71/102 292/86/102
f 239/56/238 283/72/407 285/74/239
f 249/88/241 243/49/241 253/50/241
f 241/51/242 242/66/408 249/52/243
f 243/49/245 244/53/409 250/54/246
f 247/55/248 246/70/248 245/56/248
f 247/55/249 248/57/410 244/59/250
f 301/79/252 302/58/411 244/59/253
f 299/40/255 301/79/255 243/60/255
f 299/40/256 249/43/412 242/41/257
f 307/76/259 264/48/259 265/50/260
f 265/50/261 263/54/413 255/85/262
f 262/61/264 258/67/264 259/62/264
f 258/67/265 262/61/414 251/64/266
f 253/50/268 250/54/415 251/64/269
f 266/51/264 240/48/264 253/50/264
f 254/66/271 241/52/416 240/48/272
f 255/85/274 263/54/417 257/67/275
f 256/82/277 257/67/190 260/62/278
f 250/54/280 244/53/418 248/89/281
f 259/67/241 258/61/241 248/63/283
f 262/61/284 261/63/284 260/62/284
f 251/64/285 262/61/419 257/67/286
f 252/65/288 251/64/420 263/54/289
f 264/48/65 266/51/65 252/65/65
f 266/51/291 264/48/421 267/52/292
f 276/62/294 270/63/294 273/69/294
f 272/63/295 270/62/296 276/68/296
f 277/68/297 311/73/297 310/75/297
f 271/62/299 272/63/422 269/69/299
f 274/70/248 275/86/248 268/71/134
f 268/72/120 277/75/120 269/73/120
f 268/75/120 275/72/120 311/74/120
f 278/67/231 280/61/300 226/63/300
f 281/62/302 291/68/423 290/69/303
f 284/73/120 285/74/120 283/72/120
f 282/75/305 286/62/424 287/68/306
f 286/62/133 288/63/133 290/69/133
f 290/73/309 291/74/425 289/72/310
f 292/72/312 284/74/312 287/73/312
f 238/75/313 285/73/425 284/74/310
f 293/42/314 294/41/426 316/43/315
f 306/78/317 307/76/317 295/80/317
f 295/84/318 255/85/427 318/81/319
f 255/85/321 256/82/428 298/83/322
f 298/83/324 256/82/429 296/75/324
f 297/59/325 318/81/430 298/83/326
f 316/43/231 300/60/231 301/79/231
f 300/60/328 297/59/431 302/58/329
f 297/59/331 303/57/432 247/55/332
f 303/57/334 304/56/433 246/70/334
f 264/48/336 307/47/434 309/46/337
f 298/83/339 305/72/435 304/56/339
f 308/44/340 309/46/436 307/47/341
f 314/72/343 310/75/343 311/73/343
f 312/56/344 313/71/344 275/86/344
f 314/72/345 315/74/437 313/71/345
f 311/74/120 275/72/120 313/75/120
f 306/78/347 317/77/347 300/60/347
f 317/87/348 318/81/438 297/59/349
f 306/45/351 316/43/439 294/41/352
usemtl C4488E5BA59A49E8F147A024E4A9F8B6
f 323/90/231 321/91/231 320/92/231
f 327/93/354 321/94/354 326/95/354
f 322/96/120 320/97/120 327/93/120
f 324/98/231 319/99/231 323/90/231
f 323/100/120 358/101/120 324/102/120
f 325/97/354 326/95/354 332/94/354
f 327/93/120 330/100/120 322/96/120
f 328/103/231 361/91/231 362/104/231
f 384/102/120 322/96/120 330/100/120
f 330/90/65 332/91/65 331/99/65
f 333/103/354 375/105/354 334/92/354
f 384/98/65 331/99/65 382/106/65
f 336/107/231 352/108/231 338/109/231
f 337/110/120 336/111/120 340/112/120
f 340/112/354 338/113/354 341/114/354
f 342/115/231 352/108/231 335/116/231
f 343/117/354 341/114/354 339/118/354
f 335/119/120 345/120/120 342/121/120
f 340/112/120 344/122/120 337/110/120
f 343/97/65 373/123/65 344/124/65
f 393/125/120 337/110/120 344/122/120
f 338/126/120 347/127/120 346/128/120
f 341/129/120 346/128/120 348/130/120
f 352/129/355 349/128/355 338/130/355
f 393/93/65 373/123/65 351/131/65
f 353/130/120 350/126/120 352/129/120
f 339/132/120 348/130/120 366/133/120
f 342/134/354 354/133/354 353/132/354
f 342/134/354 356/135/354 355/136/354
f 324/137/354 356/135/354 364/138/354
f 385/139/354 324/140/354 358/141/354
f 359/103/354 361/91/354 360/92/354
f 362/142/354 357/143/354 324/137/354
f 364/133/354 345/129/354 363/130/354
f 379/144/120 366/133/120 365/136/120
f 378/144/231 365/133/231 367/136/231
f 369/145/231 371/135/231 368/143/231
f 370/146/231 367/136/231 371/135/231
f 374/147/231 368/143/231 376/103/231
f 372/129/355 339/128/355 379/130/355
f 376/103/231 375/105/231 374/147/231
f 378/148/231 372/149/231 379/150/231
f 386/151/231 369/152/231 374/153/231
f 380/154/231 370/155/231 369/152/231
f 363/130/354 393/132/354 382/133/354
f 381/156/231 378/148/231 370/155/231
f 383/157/354 358/141/354 384/158/354
f 373/133/120 390/134/120 351/136/120
f 391/137/231 381/135/231 380/143/231
f 394/134/231 372/133/231 387/136/231
f 380/143/231 396/142/231 391/137/231
f 387/136/231 392/138/231 394/134/231
f 386/103/231 388/159/231 396/142/231
f 394/134/354 351/133/354 390/132/354
f 391/137/354 382/135/354 392/138/354
f 393/136/354 392/138/354 382/135/354
f 384/143/354 396/142/354 383/103/354
f 383/103/354 388/159/354 395/92/354
f 323/90/231 319/99/231 321/91/231
f 327/93/354 320/97/354 321/94/354
f 322/96/120 323/100/120 320/97/120
f 324/98/231 364/106/231 319/99/231
f 323/100/120 322/96/120 358/101/120
f 325/97/354 327/93/354 326/95/354
f 327/93/120 325/97/120 330/100/120
f 328/103/231 329/92/231 361/91/231
f 384/102/120 358/101/120 322/96/120
f 330/90/65 325/92/65 332/91/65
f 333/103/354 374/147/354 375/105/354
f 384/98/65 330/90/65 331/99/65
f 336/107/231 335/116/231 352/108/231
f 337/110/120 335/119/120 336/111/120
f 340/112/354 336/111/354 338/113/354
f 342/115/231 353/160/231 352/108/231
f 343/117/354 340/112/354 341/114/354
f 335/119/120 337/110/120 345/120/120
f 340/112/120 343/117/120 344/122/120
f 343/97/65 339/94/65 373/123/65
f 393/125/120 345/120/120 337/110/120
f 338/126/120 349/161/120 347/127/120
f 341/129/120 338/126/120 346/128/120
f 352/129/355 350/126/355 349/128/355
f 393/93/65 344/124/65 373/123/65
f 353/130/120 354/128/120 350/126/120
f 339/132/120 341/129/120 348/130/120
f 342/134/354 355/136/354 354/133/354
f 342/134/354 364/138/354 356/135/354
f 324/137/354 357/143/354 356/135/354
f 385/139/354 362/162/354 324/140/354
f 359/103/354 362/104/354 361/91/354
f 362/142/354 359/103/354 357/143/354
f 364/133/354 342/132/354 345/129/354
f 379/144/120 339/163/120 366/133/120
f 378/144/231 379/163/231 365/133/231
f 369/145/231 370/146/231 371/135/231
f 370/146/231 378/144/231 367/136/231
f 374/147/231 369/145/231 368/143/231
f 372/129/355 373/126/355 339/128/355
f 376/103/231 377/92/231 375/105/231
f 378/148/231 387/164/231 372/149/231
f 386/151/231 380/154/231 369/152/231
f 380/154/231 381/156/231 370/155/231
f 363/130/354 345/129/354 393/132/354
f 381/156/231 387/164/231 378/148/231
f 383/157/354 385/139/354 358/141/354
f 373/133/120 372/132/120 390/134/120
f 391/137/231 392/138/231 381/135/231
f 394/134/231 390/132/231 372/133/231
f 380/143/231 386/103/231 396/142/231
f 387/136/231 381/135/231 392/138/231
f 386/103/231 389/92/231 388/159/231
f 394/134/354 393/136/354 351/133/354
f 391/137/354 384/143/354 382/135/354
f 393/136/354 394/134/354 392/138/354
f 384/143/354 391/137/354 396/142/354
f 383/103/354 396/142/354 388/159/354
o Chair
v 2.876131 5.338724 -7.962866
v 1.176137 5.614986 -8.902678
v 1.376105 5.487482 -9.142647
v 0.536235 2.491141 -8.682961
v 2.516098 5.487483 -8.522755
v 0.716145 5.338727 -9.142656
v 2.576225 2.491139 -7.563158
v 0.416265 2.958655 -8.442964
v 0.576178 5.402477 -8.882697
v 2.416129 5.614985 -8.222796
v 2.716166 5.402479 -7.682910
v 2.476234 2.469889 -7.543162
v 2.776224 0.281072 -7.743299
v 2.356260 2.491140 -7.323197
v 2.696240 0.281070 -7.603320
v 2.256232 2.469888 -7.663141
v 2.636224 0.281072 -7.823283
v 2.436251 2.958651 -7.323164
v 0.456275 2.491138 -8.363017
v 0.796244 2.469889 -8.463002
v 0.736237 0.281070 -8.863099
v 0.496256 0.281069 -8.803108
v 0.576242 2.469887 -8.582980
v 0.576237 0.281068 -8.963077
v -0.823049 3.235208 -6.482994
v 1.196556 3.107407 -4.923576
v 1.176566 2.661144 -4.883619
v 1.416509 3.234910 -5.243510
v 1.196549 2.618641 -5.063588
v 1.336520 2.618641 -5.283550
v 1.336584 0.281070 -4.943791
v 0.996550 2.618643 -5.183570
v 1.256599 0.281069 -4.803820
v 1.116600 0.281074 -4.883803
v -0.983014 2.661476 -6.083130
v -0.963022 3.107711 -6.103088
v -0.823049 3.235208 -6.482993
v -0.983014 2.661477 -6.083129
v -0.963023 3.107712 -6.103087
v -1.102566 0.282045 -6.123028
v -0.722629 2.619312 -6.422760
v -1.022572 0.282045 -6.262990
v -0.642648 2.619313 -6.082853
v -0.942587 0.282045 -6.023055
v -0.842621 2.619312 -6.202820
vn 0.8092 -0.1644 -0.5640
vn 0.1817 0.9250 -0.3336
vn 0.1841 0.9236 -0.3362
vn 0.1846 0.9233 -0.3367
vn -0.2849 0.8535 -0.4364
vn -0.2145 0.8192 -0.5318
vn -0.1800 0.7986 -0.5743
vn 0.4624 -0.2614 -0.8472
vn 0.4637 -0.2607 -0.8468
vn 0.4646 -0.2601 -0.8464
vn 0.5080 0.8612 0.0164
vn 0.5516 0.8286 -0.0955
vn 0.4814 0.8732 0.0762
vn 0.0364 -0.1615 -0.9862
vn 0.8641 -0.0246 0.5027
vn 0.8510 -0.0162 0.5249
vn 0.8501 -0.0157 0.5263
vn -0.4643 0.2799 0.8403
vn -0.4634 0.2791 0.8411
vn -0.4618 0.2779 0.8423
vn -0.0306 0.1790 0.9834
vn -0.8304 0.1731 0.5296
vn -0.9026 -0.0128 -0.4303
vn -0.8847 -0.0253 -0.4654
vn -0.9036 -0.0120 -0.4282
vn 0.8667 0.0736 0.4933
vn 0.8780 0.0753 0.4728
vn 0.8785 0.0753 0.4719
vn -0.9409 -0.1813 0.2862
vn -0.9476 -0.1833 0.2616
vn -0.9403 -0.1812 0.2880
vn 0.4744 0.1458 -0.8681
vn 0.4896 0.1458 -0.8597
vn 0.4737 0.1458 -0.8686
vn 0.5209 0.1457 -0.8411
vn 0.4763 0.1458 -0.8671
vn 0.8898 -0.0710 0.4508
vn 0.8876 0.0164 0.4603
vn 0.8893 -0.0908 0.4481
vn 0.2413 -0.1812 0.9534
vn 0.2649 -0.1834 0.9467
vn 0.2668 -0.1836 0.9461
vn -0.8727 0.0803 -0.4816
vn -0.8905 0.0776 -0.4482
vn -0.8718 0.0805 -0.4832
vn -0.8506 -0.0979 -0.5167
vn -0.8612 0.0218 -0.5079
vn -0.8616 0.0387 -0.5060
vn 0.0575 0.9929 -0.1037
vn 0.8213 0.0143 0.5703
vn -0.1498 0.9500 0.2741
vn -0.1472 0.9525 0.2665
vn -0.1502 0.9496 0.2752
vn 0.8422 0.0778 0.5336
vn 0.8641 0.0773 0.4973
vn 0.8411 0.0778 0.5352
vn -0.2624 -0.1362 -0.9553
vn -0.2783 -0.1380 -0.9505
vn -0.2794 -0.1381 -0.9502
vn -0.5119 0.0833 0.8550
vn -0.4954 0.0834 0.8646
vn -0.4943 0.0835 0.8653
vn -0.4779 0.0951 0.8733
vn -0.4838 0.0651 0.8727
vn -0.4847 0.0607 0.8726
vn -0.8747 0.0797 -0.4781
vn -0.8661 0.0794 -0.4936
vn -0.8655 0.0794 -0.4946
vn -0.5132 0.0876 0.8538
vn -0.5270 0.0876 0.8453
vn -0.5125 0.0876 0.8542
vn -0.9409 0.0271 -0.3376
vn 0.1811 0.9254 -0.3330
vn -0.3196 0.8661 -0.3845
vn 0.4610 -0.2623 -0.8478
vn 0.5708 0.8068 -0.1527
vn 0.8655 -0.0255 0.5003
vn -0.4653 0.2808 0.8394
vn -0.8829 -0.0266 -0.4688
vn 0.8659 0.0734 0.4948
vn -0.9483 -0.1836 0.2588
vn 0.4908 0.1458 -0.8590
vn 0.5243 0.1457 -0.8390
vn 0.8867 0.0287 0.4614
vn 0.2385 -0.1809 0.9541
vn -0.8917 0.0774 -0.4459
vn -0.8465 -0.1248 -0.5176
vn -0.1469 0.9528 0.2656
vn 0.8656 0.0772 0.4947
vn -0.2606 -0.1360 -0.9558
vn -0.5127 0.0833 0.8545
vn -0.4769 0.0996 0.8733
vn -0.8751 0.0797 -0.4774
vn -0.5279 0.0876 0.8448
vt 0.994100 0.509800
vt 0.877000 0.509800
vt 0.994100 0.529300
vt 0.998000 0.591800
vt 0.998000 0.529300
vt 0.998000 0.623000
vt 0.994100 0.591800
vt 0.877000 0.615200
vt 0.998000 0.509800
vt 0.994100 0.615200
vt 0.877000 0.623000
vt 0.884800 0.611300
vt 0.752000 0.623000
vt 0.752000 0.611300
vt 0.779300 0.615200
vt 0.779300 0.509800
vt 0.771500 0.615200
vt 0.771500 0.509800
vt 0.884800 0.623000
vt 0.752000 0.509800
s 1
usemtl 8F7107D01FD1A2F265FAB56472ED880D
f 397/165/440 403/166/440 401/167/440
f 406/168/441 399/167/442 398/169/443
f 402/170/444 398/171/445 399/168/446
f 399/171/447 403/166/448 400/172/449
f 397/173/450 406/167/451 407/165/452
f 400/172/453 402/174/453 399/171/453
f 397/170/454 414/172/455 403/175/456
f 404/172/457 406/167/458 398/171/459
f 398/171/460 405/174/460 404/172/460
f 414/166/461 407/165/461 406/167/461
f 404/172/462 402/170/463 400/175/464
f 411/176/465 408/177/466 410/178/467
f 412/177/468 411/176/469 410/178/470
f 408/177/471 413/176/472 412/178/473
f 417/176/474 419/177/475 416/178/473
f 423/177/476 414/172/477 424/179/478
f 418/176/479 416/177/480 415/178/481
f 419/177/482 418/176/483 415/178/484
f 431/177/485 404/172/486 400/175/487
f 424/180/488 404/172/488 421/179/488
f 422/177/489 423/179/489 424/181/489
f 424/180/490 432/181/491 422/182/492
f 425/177/493 427/176/494 426/178/495
f 427/183/496 428/178/497 426/177/498
f 425/177/499 430/176/500 429/183/501
f 423/184/502 432/181/503 431/177/504
f 441/178/505 438/183/506 436/176/507
f 441/178/508 440/183/509 439/177/510
f 434/177/511 435/181/511 433/179/511
f 406/168/441 401/171/512 399/167/442
f 402/170/444 405/174/513 398/171/445
f 399/171/447 401/167/514 403/166/448
f 397/173/450 401/169/515 406/167/451
f 397/170/454 407/174/516 414/172/455
f 404/172/457 414/166/517 406/167/458
f 404/172/462 405/174/518 402/170/463
f 411/176/465 409/183/519 408/177/466
f 412/177/468 413/183/520 411/176/469
f 408/177/471 409/183/521 413/176/472
f 417/176/474 420/183/522 419/177/475
f 423/177/476 403/175/523 414/172/477
f 418/176/479 417/183/524 416/177/480
f 419/177/482 420/183/525 418/176/483
f 431/177/485 421/179/526 404/172/486
f 424/180/488 414/166/488 404/172/488
f 424/180/490 421/179/527 432/181/491
f 425/177/493 429/183/528 427/176/494
f 427/183/496 430/176/529 428/178/497
f 425/177/499 428/178/530 430/176/500
f 423/184/502 422/182/531 432/181/503
f 441/178/505 437/177/532 438/183/506
f 441/178/508 436/176/533 440/183/509
o Floor
v 15.474559 0.282061 10.111902
v 11.335176 0.282061 10.111904
v 15.474560 0.282060 5.973347
v 15.474562 0.282060 1.874695
v 11.335178 0.282061 5.973347
v 11.335178 0.282060 1.874694
v 7.235937 0.282060 5.973346
v 7.235935 0.282060 10.111900
v 7.235937 0.282060 1.874692
v 3.136659 0.282059 5.973345
v 3.136659 0.282060 10.111901
v 3.136660 0.282059 1.874691
v -0.962739 0.282059 5.973344
v -0.962738 0.282058 1.874691
v -0.962737 0.282059 -2.223949
v -0.962736 0.282057 -6.322512
v 3.136661 0.282059 -2.223948
v 7.235938 0.282060 -2.223947
v 3.136662 0.282058 -6.322513
v 7.235939 0.282059 -6.322511
v 11.335180 0.282060 -6.322510
v 15.474565 0.282059 -6.322511
v 11.335180 0.282060 -2.223948
v 11.335180 0.282060 -10.421082
v 15.474563 0.282060 -10.421082
v 15.474562 0.282060 -2.223944
v 3.136657 0.282060 10.111900
v -0.962739 0.282059 10.111898
v 3.136659 0.282059 5.973345
v -0.962739 0.282059 5.973344
v -5.062119 0.282058 5.973342
v -0.962739 0.282057 5.973343
v -5.062120 0.282058 10.111897
v -0.962739 0.282058 10.111897
v -0.962739 0.282058 5.973344
v -5.062119 0.282058 5.973342
v -0.962738 0.282058 1.874691
v -5.062119 0.282056 1.874690
v -17.400135 0.282053 -2.223952
v -13.240775 0.282054 -2.223950
v -17.400133 0.282052 1.874688
v -13.240776 0.282053 1.874689
v -5.062119 0.282055 10.111897
v -9.141451 0.282054 10.111897
v -5.062119 0.282055 5.973342
v -9.141449 0.282053 5.973341
v -9.141449 0.282051 1.874688
v -5.062119 0.282052 1.874690
v -9.141449 0.282052 5.973341
v -5.062119 0.282055 5.973342
v 11.335179 0.282056 -10.421082
v 15.474564 0.282058 -14.560421
v 11.335180 0.282057 -14.560425
v 7.235940 0.282053 -14.560426
v 15.474564 0.282057 -10.421081
v 11.335178 0.282057 -6.322508
v 3.136661 0.282054 -10.421083
v 7.235939 0.282057 -10.421082
v 3.136662 0.282054 -14.560427
v 7.235939 0.282056 -6.322510
v 3.136662 0.282056 -6.322511
v -5.062117 0.282050 -6.322514
v -0.962738 0.282052 -6.322512
v -5.062118 0.282052 -2.223950
v -0.962737 0.282052 -2.223949
v -5.062115 0.282051 -10.421086
v -0.962736 0.282051 -10.421084
v -5.062117 0.282049 -6.322514
v -0.962738 0.282050 -6.322513
v -9.137756 0.282048 -10.421090
v -9.137755 0.282048 -14.560434
v -5.062117 0.282048 -10.421087
v -5.062114 0.282048 -14.560432
v -5.062114 0.282046 -14.560432
v -0.962732 0.282047 -14.560432
v -5.062117 0.282047 -10.421087
v -0.962738 0.282047 -10.421086
v 3.136662 0.282053 -6.322511
v 3.136661 0.282047 -10.421084
v -0.962738 0.282045 -6.322514
v -0.962736 0.282047 -10.421085
v -0.962733 0.282046 -14.560434
v 3.136661 0.282046 -14.560431
v -5.062117 0.282049 -10.421087
v -5.570787 0.282049 -9.893173
v -9.137756 0.282050 -10.421089
v -9.137756 0.282050 -9.893174
v -5.062117 0.282049 -10.421087
v -5.062118 0.282049 -6.322516
v -5.570787 0.282049 -9.893173
v -5.570788 0.282048 -6.322516
v -5.062118 0.282050 -2.223951
v -5.570788 0.282049 -4.789767
v -5.062117 0.282049 -6.322514
v -5.570787 0.282048 -6.322515
v -9.141448 0.282048 -2.223951
v -9.137758 0.282049 -4.789769
v -5.062118 0.282050 -2.223951
v -5.570788 0.282049 -4.789767
v -9.137756 0.282050 -9.893174
v -13.240772 0.282049 -10.421091
v -9.137756 0.282050 -10.421089
v -9.137756 0.282050 -10.421089
v -13.240772 0.282049 -6.322517
v -13.240771 0.282050 -10.421090
v -9.137757 0.282047 -6.322514
v -9.137756 0.282049 -9.893173
v -13.240773 0.282049 -6.322520
v -9.137758 0.282050 -6.322516
v -13.240776 0.282051 -2.223952
v -9.137758 0.282049 -4.789769
v -13.240776 0.282051 -2.223952
v -9.137758 0.282049 -4.789769
v -9.141450 0.282049 -2.223952
v -9.141450 0.282049 -2.223952
v -13.240772 0.282049 -14.560434
v -9.137755 0.282048 -14.560434
v -13.240772 0.282049 -10.421091
v -9.137756 0.282050 -10.421089
v -17.400129 0.282052 -14.560435
v -13.240772 0.282049 -14.560434
v -17.400131 0.282049 -10.421091
v -13.240772 0.282049 -10.421091
v -17.400131 0.282049 -6.322519
v -13.240772 0.282049 -6.322517
v -17.400135 0.282049 -2.223952
v -13.240776 0.282049 -2.223951
v -17.400131 0.282048 -10.421091
v -13.240771 0.282050 -10.421090
v -17.400131 0.282049 -6.322519
v -13.240772 0.282049 -6.322517
v -9.141449 0.282051 1.874688
v -9.141448 0.282051 -2.223951
v -5.062119 0.282052 1.874690
v -5.062118 0.282053 -2.223950
v -9.141449 0.282051 -2.223952
v -9.141449 0.282053 1.874688
v -13.240776 0.282053 -2.223951
v -13.240778 0.282053 1.874686
v -13.240778 0.282052 5.973341
v -13.240778 0.282052 1.874688
v -9.141449 0.282053 5.973341
v -9.141449 0.282052 1.874689
v -13.240779 0.282052 10.111896
v -17.400137 0.282052 10.111894
v -13.240778 0.282052 5.973341
v -17.400135 0.282051 5.973341
v -17.400135 0.282051 1.874688
v -13.240778 0.282052 1.874688
v -17.400135 0.282051 5.973341
v -13.240778 0.282052 5.973341
v -13.240778 0.282052 5.973341
v -9.141449 0.282053 5.973341
v -13.240779 0.282052 10.111896
v -9.141451 0.282054 10.111897
v -5.062118 0.282054 -2.223950
v -0.962737 0.282054 -2.223949
v -5.062119 0.282055 1.874689
v -0.962738 0.282057 1.874691
vn -0.0000 1.0000 -0.0000
vn -0.3767 0.7839 -0.4937
vn -0.3765 0.7841 -0.4934
vn -0.5905 0.2288 -0.7739
vt 0.502000 0.623000
vt 0.627000 0.502000
vt 0.627000 0.623000
vt 0.502000 0.502000
vt 0.627000 0.377000
vt 0.752000 0.623000
vt 0.752000 0.502000
vt 0.752000 0.377000
vt 0.877000 0.502000
vt 0.877000 0.623000
vt 0.877000 0.377000
vt 0.627000 0.127000
vt 0.752000 0.002000
vt 0.752000 0.127000
vt 0.877000 0.002000
vt 0.877000 0.127000
vt 0.998000 0.127000
vt 0.998000 0.002000
vt 0.877000 0.252000
vt 0.752000 0.252000
vt 0.857400 0.439500
vt 0.732400 0.314500
vt 0.857400 0.314500
vt 0.627000 0.002000
vt 0.502000 0.127000
vt 0.502000 0.002000
vt 0.502000 0.252000
vt 0.502000 0.377000
vt 0.627000 0.252000
vt 0.732400 0.564500
vt 0.732400 0.439500
vt 0.521500 0.248000
vt 0.642600 0.373000
vt 0.521500 0.373000
vt 0.521500 0.498000
vt 0.642600 0.498000
vt 0.502000 0.373000
vt 0.502000 0.486300
vt 0.502000 0.322300
vt 0.576200 0.127000
vt 0.502000 0.240200
vt 0.502000 0.080100
vt 0.517600 0.002000
vt 0.998000 0.623000
vt 0.998000 0.502000
vt 0.857400 0.564500
vt 0.642600 0.248000
vt 0.576200 0.002000
s 1
usemtl 39B6702E5BAD6A358F1BB8C8D7845F29
f 442/185/534 446/186/534 443/187/534
f 444/188/534 447/189/534 446/186/534
f 446/186/534 449/190/534 443/187/534
f 448/191/534 447/189/534 450/192/534
f 449/190/534 451/193/534 452/194/534
f 453/195/534 448/191/534 450/192/534
f 454/196/534 453/197/534 455/198/534
f 455/198/534 458/199/534 456/200/534
f 457/201/534 458/199/534 460/202/534
f 450/192/534 458/203/534 453/195/534
f 459/204/534 460/200/534 458/203/534
f 459/205/534 462/206/534 461/207/534
f 465/208/534 463/209/534 466/210/534
f 462/196/534 467/211/534 463/209/534
f 445/212/534 464/213/534 447/189/534
f 459/205/534 447/214/534 464/215/534
f 468/210/534 471/196/534 469/209/534
f 474/211/534 473/196/534 472/213/534
f 476/196/534 479/204/534 477/213/534
f 482/190/534 481/193/534 480/194/534
f 486/213/534 485/212/534 484/211/534
f 490/189/534 489/204/534 488/192/534
f 493/185/534 492/186/534 496/188/534
f 494/187/534 499/191/534 492/186/534
f 499/191/534 500/194/534 498/193/534
f 501/196/534 492/204/534 499/198/534
f 499/198/534 502/208/534 501/196/534
f 505/216/534 504/217/534 503/218/534
f 507/219/534 510/217/534 508/220/534
f 511/208/534 514/209/534 512/210/534
f 515/209/534 518/213/534 516/211/534
f 521/196/534 520/197/534 522/198/534
f 523/209/534 520/208/534 524/210/534
f 527/221/534 526/219/534 525/222/534
f 531/222/534 530/218/534 529/219/534
f 535/218/534 534/223/534 533/216/534
f 537/224/534 540/210/534 538/209/534
f 541/225/534 544/211/535 542/213/534
f 545/196/534 548/225/534 546/213/534
f 549/196/534 552/226/534 550/209/534
f 553/208/534 556/227/536 554/226/534
f 557/187/534 560/191/534 558/190/534
f 561/185/534 564/186/534 562/188/534
f 565/228/534 568/193/534 566/229/534
f 571/190/534 570/193/534 569/194/534
f 575/204/534 574/195/534 573/192/534
f 579/193/534 578/192/534 577/195/534
f 583/189/534 582/191/534 581/186/534
f 587/186/534 586/185/534 585/188/534
f 591/187/534 590/191/534 589/190/534
f 595/188/534 594/189/534 593/186/534
f 599/204/534 598/200/534 597/203/534
f 442/185/534 444/188/534 446/186/534
f 444/188/534 445/212/534 447/189/534
f 446/186/534 448/191/534 449/190/534
f 448/191/534 446/186/534 447/189/534
f 449/190/534 448/191/534 451/193/534
f 453/195/534 451/193/534 448/191/534
f 454/196/534 451/208/534 453/197/534
f 455/198/534 453/197/534 458/199/534
f 457/201/534 456/200/534 458/199/534
f 450/192/534 459/204/534 458/203/534
f 459/204/534 461/198/534 460/200/534
f 459/205/534 464/215/534 462/206/534
f 465/208/534 462/196/534 463/209/534
f 462/196/534 464/213/534 467/211/534
f 445/212/534 467/211/534 464/213/534
f 459/205/534 450/230/534 447/214/534
f 468/210/534 470/208/534 471/196/534
f 474/211/534 475/209/534 473/196/534
f 476/196/534 478/198/534 479/204/534
f 482/190/534 483/191/534 481/193/534
f 486/213/534 487/189/534 485/212/534
f 490/189/534 491/213/534 489/204/534
f 493/185/534 494/187/534 492/186/534
f 494/187/534 495/190/534 499/191/534
f 499/191/534 495/190/534 500/194/534
f 501/196/534 497/213/534 492/204/534
f 499/198/534 498/197/534 502/208/534
f 505/216/534 506/231/534 504/217/534
f 507/219/534 509/218/534 510/217/534
f 511/208/534 513/196/534 514/209/534
f 515/209/534 517/196/534 518/213/534
f 521/196/534 519/208/534 520/197/534
f 523/209/534 522/196/534 520/208/534
f 527/221/534 528/218/534 526/219/534
f 531/222/534 532/221/534 530/218/534
f 535/218/534 536/221/534 534/223/534
f 537/224/534 539/232/534 540/210/534
f 541/225/534 543/211/537 544/211/535
f 545/196/534 547/209/534 548/225/534
f 549/196/534 551/208/534 552/226/534
f 553/208/534 555/227/537 556/227/536
f 557/187/534 559/186/534 560/191/534
f 561/185/534 563/187/534 564/186/534
f 565/228/534 567/194/534 568/193/534
f 571/190/534 572/191/534 570/193/534
f 575/204/534 576/203/534 574/195/534
f 579/193/534 580/191/534 578/192/534
f 583/189/534 584/192/534 582/191/534
f 587/186/534 588/187/534 586/185/534
f 591/187/534 592/186/534 590/191/534
f 595/188/534 596/212/534 594/189/534
f 599/204/534 600/198/534 598/200/534
o Wall_Painting
v -4.842280 7.506315 9.952694
v -3.002528 7.506315 9.953051
v -4.842434 10.608664 9.792822
v -3.002686 10.608665 9.793174
v -1.162937 10.608665 9.793528
v -3.002686 10.608665 9.793174
v -1.162779 7.506315 9.953403
v -3.002528 7.506315 9.953051
v -5.062235 7.293826 9.852674
v -5.062415 10.821157 9.672811
v -5.062237 7.293832 10.052622
v -5.062417 10.821157 9.872764
v -5.062417 10.821157 9.872764
v -5.062415 10.821157 9.672811
v -0.962973 10.821156 9.873553
v -0.962976 10.821158 9.673600
v -5.062415 10.821157 9.672811
v -4.842434 10.608665 9.792821
v -0.962976 10.821158 9.673600
v -3.002686 10.608665 9.793174
v -5.062415 10.821157 9.672811
v -5.062235 7.293826 9.852674
v -4.842434 10.608665 9.792821
v -4.842280 7.506316 9.952694
v -0.962976 10.821158 9.673600
v -3.002686 10.608665 9.793174
v -1.162936 10.608665 9.793527
v -1.162936 10.608665 9.793527
v -5.062235 7.293826 9.852674
v -5.062237 7.293832 10.052622
v -0.962794 7.293830 9.853456
v -0.962795 7.293826 10.053413
v -0.962794 7.293830 9.853456
v -1.162779 7.506315 9.953403
v -5.062235 7.293826 9.852674
v -3.002528 7.506315 9.953051
v -5.062235 7.293826 9.852674
v -3.002528 7.506315 9.953051
v -4.842280 7.506316 9.952694
v -4.842280 7.506316 9.952694
v -0.962794 7.293830 9.853456
v -0.962976 10.821158 9.673600
v -1.162779 7.506315 9.953403
v -1.162936 10.608665 9.793527
v -0.962795 7.293826 10.053413
v -0.962973 10.821156 9.873553
v -0.962794 7.293830 9.853456
v -0.962976 10.821158 9.673600
vn 0.0002 -0.0515 -0.9987
vn -1.0000 -0.0001 -0.0000
vn -0.0000 1.0000 -0.0000
vn 0.0002 -0.4916 -0.8708
vn 0.4443 -0.0456 -0.8947
vn 0.4494 -0.0459 -0.8921
vn 0.4441 -0.0456 -0.8948
vn 0.0005 -0.4917 -0.8708
vn 0.2273 -0.5325 -0.8154
vn -0.0000 -1.0000 -0.0000
vn 0.0002 0.4258 -0.9048
vn 0.0005 0.4253 -0.9051
vn 0.2573 0.0444 -0.9653
vn 0.0002 0.4257 -0.9048
vn -0.4840 -0.0450 -0.8739
vn -0.4786 -0.0448 -0.8769
vn -0.4784 -0.0447 -0.8770
vn 1.0000 0.0001 -0.0000
vn 1.0000 -0.0000 -0.0000
vn 0.4499 -0.0459 -0.8919
vn 0.5310 -0.5381 -0.6545
vn -0.4845 -0.0450 -0.8736
vt 0.998000 0.498000
vt 0.752000 0.345700
vt 0.998000 0.345700
vt 0.752000 0.189500
vt 0.357400 0.521500
vt 0.564500 0.502000
vt 0.564500 0.521500
vt 0.357400 0.502000
vt 0.455100 0.502000
vt 0.752000 0.498000
vt 0.998000 0.189500
s 1
usemtl FFF61C6A2ABCC27CB5240791718E3C61
f 601/233/538 604/234/538 602/235/538
f 605/236/538 608/235/538 606/234/538
f 601/233/538 603/242/538 604/234/538
f 605/236/538 607/243/538 608/235/538
usemtl A24A288B2F89A54B68DF9A69BEEF22FE
f 609/237/539 612/238/539 610/239/539
f 613/240/540 616/239/540 614/237/540
f 617/237/541 620/241/541 618/240/541
f 623/240/542 622/239/543 621/237/544
f 625/239/545 628/238/546 626/241/541
f 631/237/547 630/238/547 629/239/547
f 633/237/548 636/241/548 634/240/548
f 637/239/549 640/238/550 638/241/551
f 641/237/552 644/238/553 642/239/554
f 647/237/555 646/238/556 645/240/555
f 609/237/539 611/240/539 612/238/539
f 613/240/540 615/238/540 616/239/540
f 617/237/541 619/239/541 620/241/541
f 623/240/542 624/238/557 622/239/543
f 625/239/545 627/238/558 628/238/546
f 631/237/547 632/240/547 630/238/547
f 633/237/548 635/239/548 636/241/548
f 637/239/549 639/238/558 640/238/550
f 641/237/552 643/240/559 644/238/553
f 647/237/555 648/239/556 646/238/556
o IV_Stand
v -5.422023 8.228815 6.153702
v -5.422002 6.868797 6.153605
v -5.442020 8.228813 6.113714
v -5.441993 6.868797 6.093621
v -5.402004 6.868796 6.073626
v -5.402026 8.228813 6.073730
v -5.441993 6.868797 6.093621
v -5.442020 8.228813 6.113714
v -5.382008 6.868797 6.113621
v -5.382029 8.228814 6.113718
v -5.402004 6.868796 6.073626
v -5.402026 8.228813 6.073730
v -5.422002 6.868797 6.153605
v -5.422023 8.228815 6.153702
v -5.382008 6.868797 6.113621
v -5.382029 8.228814 6.113718
v -5.402004 6.868796 6.073626
v -5.421989 6.337536 6.073589
v -5.382008 6.868797 6.113621
v -5.401996 6.337538 6.113580
v -5.421989 6.337536 6.073589
v -5.402004 6.868796 6.073626
v -5.481981 6.358789 6.093578
v -5.441993 6.868797 6.093621
v -5.481981 6.358789 6.093578
v -5.441993 6.868797 6.093621
v -5.441988 6.358789 6.133569
v -5.422002 6.868797 6.153605
v -5.401996 6.337538 6.113580
v -5.441988 6.358789 6.133569
v -5.382008 6.868797 6.113621
v -5.422002 6.868797 6.153605
v -5.481967 5.593775 6.053535
v -5.461971 5.593781 6.093529
v -5.421989 6.337536 6.073589
v -5.401996 6.337538 6.113580
v -5.421989 6.337536 6.073589
v -5.481981 6.358789 6.093578
v -5.481967 5.593775 6.053535
v -5.521962 5.615031 6.073526
v -5.521962 5.615031 6.073526
v -5.481981 6.358789 6.093578
v -5.501963 5.615027 6.113518
v -5.441988 6.358789 6.133569
v -5.401996 6.337538 6.113580
v -5.461971 5.593781 6.093529
v -5.441988 6.358789 6.133569
v -5.501963 5.615027 6.113518
v -5.562005 8.632571 5.713852
v -5.262059 8.632569 6.493643
v -5.302056 8.972574 6.053796
v -5.302056 8.972574 6.053796
v -5.262059 8.632569 6.493643
v -5.262077 9.950087 6.493741
v -5.302056 8.972574 6.053796
v -5.302056 8.972574 6.053796
v -5.262077 9.950087 6.493741
v -5.562026 9.950089 5.713946
v -5.302056 8.972574 6.053796
v -5.302056 8.972574 6.053796
v -5.262059 8.632569 6.493643
v -5.562005 8.632571 5.713852
v -5.502020 8.972572 6.133759
v -5.502020 8.972572 6.133759
v -5.562005 8.632571 5.713852
v -5.562026 9.950089 5.713946
v -5.502020 8.972572 6.133759
v -5.502020 8.972572 6.133759
v -5.262077 9.950087 6.493741
v -5.262059 8.632569 6.493643
v -5.502020 8.972572 6.133759
v -5.502020 8.972572 6.133759
v -5.562026 9.950089 5.713946
v -5.262077 9.950087 6.493741
v -5.502020 8.972572 6.133759
v -5.502020 8.972572 6.133759
v -5.382036 8.760069 6.053776
v -5.462029 8.760068 6.073759
v -5.382028 8.186313 6.053736
v -5.462014 8.186312 6.073720
v -5.442025 8.760067 6.153739
v -5.442018 8.186311 6.153699
v -5.462029 8.760068 6.073759
v -5.462014 8.186312 6.073720
v -5.362041 8.760075 6.113758
v -5.362036 8.186309 6.113714
v -5.442025 8.760067 6.153739
v -5.442018 8.186311 6.153699
v -5.562026 9.950089 5.713946
v -5.562005 8.632571 5.713852
v -5.302056 8.972574 6.053796
v -5.302056 8.972574 6.053796
v -5.382036 8.760069 6.053776
v -5.382028 8.186313 6.053736
v -5.362041 8.760075 6.113758
v -5.362036 8.186309 6.113714
v -6.661816 8.632568 4.034256
v -5.961938 8.632565 4.494173
v -6.241894 8.972573 4.174273
v -6.241894 8.972573 4.174273
v -6.661837 9.950086 4.034350
v -6.661816 8.632568 4.034256
v -6.241894 8.972573 4.174273
v -6.241894 8.972573 4.174273
v -5.961957 9.950083 4.494271
v -6.661837 9.950086 4.034350
v -6.241894 8.972573 4.174273
v -6.241894 8.972573 4.174273
v -5.961938 8.632565 4.494173
v -6.661816 8.632568 4.034256
v -6.361873 8.972570 4.354213
v -6.361873 8.972570 4.354213
v -6.661816 8.632568 4.034256
v -6.661837 9.950086 4.034350
v -6.361873 8.972570 4.354213
v -6.361873 8.972570 4.354213
v -5.961957 9.950083 4.494271
v -5.961938 8.632565 4.494173
v -6.361873 8.972570 4.354213
v -6.361873 8.972570 4.354213
v -6.661837 9.950086 4.034350
v -5.961957 9.950083 4.494271
v -6.361873 8.972570 4.354213
v -6.361873 8.972570 4.354213
v -6.261842 6.337539 4.274053
v -6.141857 5.593781 4.274008
v -6.221851 6.358789 4.234069
v -6.101861 5.615030 4.234022
v -6.221857 6.337536 4.294045
v -6.181863 6.358790 4.254066
v -6.101863 5.593780 4.313999
v -6.061865 5.615030 4.274016
v -6.221857 6.337536 4.294045
v -6.101863 5.593780 4.313999
v -6.261842 6.337539 4.274053
v -6.141857 5.593781 4.274008
v -6.261842 6.337539 4.274053
v -6.221851 6.358789 4.234069
v -6.321845 6.868799 4.274083
v -6.301848 6.868795 4.234095
v -6.181863 6.358790 4.254066
v -6.261856 6.868796 4.254096
v -6.221851 6.358789 4.234069
v -6.301848 6.868795 4.234095
v -6.221857 6.337536 4.294045
v -6.281851 6.868795 4.294087
v -6.181863 6.358790 4.254066
v -6.261856 6.868796 4.254096
v -6.281851 6.868795 4.294087
v -6.221857 6.337536 4.294045
v -6.321845 6.868799 4.274083
v -6.261842 6.337539 4.274053
v -6.341861 8.228817 4.274187
v -6.321845 6.868799 4.274083
v -6.321867 8.228815 4.214198
v -6.301848 6.868795 4.234095
v -6.321867 8.228815 4.214198
v -6.301848 6.868795 4.234095
v -6.281878 8.228810 4.254191
v -6.261856 6.868796 4.254096
v -6.281878 8.228810 4.254191
v -6.261856 6.868796 4.254096
v -6.301871 8.228814 4.294177
v -6.281851 6.868795 4.294087
v -6.321845 6.868799 4.274083
v -6.341861 8.228817 4.274187
v -6.281851 6.868795 4.294087
v -6.301871 8.228814 4.294177
v -6.321875 8.760067 4.194248
v -6.321867 8.186311 4.194201
v -6.261887 8.760070 4.254236
v -6.261878 8.186314 4.254189
v -6.321875 8.760067 4.194248
v -6.361872 8.760070 4.274213
v -6.321867 8.186311 4.194201
v -6.361861 8.186314 4.274177
v -6.301882 8.760069 4.314208
v -6.301871 8.186313 4.314171
v -6.361872 8.760070 4.274213
v -6.361861 8.186314 4.274177
v -6.261887 8.760070 4.254236
v -6.261878 8.186314 4.254189
v -6.301882 8.760069 4.314208
v -6.301871 8.186313 4.314171
v -6.141857 5.593781 4.274008
v -5.921882 4.913771 4.253980
v -6.101861 5.615030 4.234022
v -5.881891 4.935026 4.213996
v -5.881891 4.935026 4.213996
v -5.841897 4.935021 4.253987
v -6.101861 5.615030 4.234022
v -6.061865 5.615030 4.274016
v -6.101863 5.593780 4.313999
v -6.061865 5.615030 4.274016
v -5.881889 4.913771 4.293971
v -5.841897 4.935021 4.253987
v -5.921882 4.913771 4.253980
v -6.141857 5.593781 4.274008
v -5.881889 4.913771 4.293971
v -6.101863 5.593780 4.313999
v -6.181863 6.358790 4.254066
v -6.221851 6.358789 4.234069
v -6.061865 5.615030 4.274016
v -6.101861 5.615030 4.234022
v -5.961938 8.632565 4.494173
v -5.961957 9.950083 4.494271
v -6.241894 8.972573 4.174273
v -6.241894 8.972573 4.174273
v -5.601925 4.446263 4.193991
v -5.581931 4.467515 4.154005
v -5.921882 4.913771 4.253980
v -5.881891 4.935026 4.213996
v -5.841897 4.935021 4.253987
v -5.881891 4.935026 4.213996
v -5.541937 4.467515 4.193995
v -5.581931 4.467515 4.154005
v -5.561934 4.446265 4.213992
v -5.881889 4.913771 4.293971
v -5.541937 4.467515 4.193995
v -5.841897 4.935021 4.253987
v -5.561934 4.446265 4.213992
v -5.601925 4.446263 4.193991
v -5.881889 4.913771 4.293971
v -5.921882 4.913771 4.253980
v -5.441954 4.127511 4.054018
v -5.581931 4.467515 4.154005
v -5.461948 4.106260 4.094005
v -5.601925 4.446263 4.193991
v -5.401957 4.127511 4.094014
v -5.541937 4.467515 4.193995
v -5.441954 4.127511 4.054018
v -5.581931 4.467515 4.154005
v -5.401957 4.127511 4.094014
v -5.421951 4.106260 4.134000
v -5.541937 4.467515 4.193995
v -5.561934 4.446265 4.213992
v -5.461948 4.106260 4.094005
v -5.601925 4.446263 4.193991
v -5.421951 4.106260 4.134000
v -5.561934 4.446265 4.213992
v -5.301969 3.830005 3.914052
v -5.281974 3.851257 3.874066
v -5.461948 4.106260 4.094005
v -5.441954 4.127511 4.054018
v -5.401957 4.127511 4.094014
v -5.441954 4.127511 4.054018
v -5.241981 3.851261 3.914057
v -5.281974 3.851257 3.874066
v -5.261973 3.830007 3.934050
v -5.421951 4.106260 4.134000
v -5.241981 3.851261 3.914057
v -5.401957 4.127511 4.094014
v -5.421951 4.106260 4.134000
v -5.261973 3.830007 3.934050
v -5.461948 4.106260 4.094005
v -5.301969 3.830005 3.914052
v -5.022014 3.681257 3.834090
v -5.002017 3.723757 3.814098
v -5.301969 3.830005 3.914052
v -5.281974 3.851257 3.874066
v -4.982024 3.681252 3.874077
v -5.261973 3.830007 3.934050
v -4.962024 3.723757 3.854089
v -5.241981 3.851261 3.914057
v -5.022014 3.681257 3.834090
v -5.301969 3.830005 3.914052
v -4.982024 3.681252 3.874077
v -5.261973 3.830007 3.934050
v -5.002017 3.723757 3.814098
v -4.962024 3.723757 3.854089
v -5.281974 3.851257 3.874066
v -5.241981 3.851261 3.914057
v -4.662073 3.617504 3.754136
v -4.662074 3.681253 3.754139
v -5.022014 3.681257 3.834090
v -5.002017 3.723757 3.814098
v -5.002017 3.723757 3.814098
v -4.662074 3.681253 3.754139
v -4.962024 3.723757 3.854089
v -4.622085 3.681254 3.794134
v -4.622086 3.617504 3.794126
v -4.982024 3.681252 3.874077
v -4.622085 3.681254 3.794134
v -4.962024 3.723757 3.854089
v -4.982024 3.681252 3.874077
v -4.622086 3.617504 3.794126
v -5.022014 3.681257 3.834090
v -4.662073 3.617504 3.754136
v -4.662073 3.617504 3.754136
v -4.362130 3.638757 3.714171
v -4.662074 3.681253 3.754139
v -4.362127 3.702506 3.734169
v -4.662074 3.681253 3.754139
v -4.362127 3.702506 3.734169
v -4.622085 3.681254 3.794134
v -4.322135 3.702507 3.754169
v -4.622086 3.617504 3.794126
v -4.622085 3.681254 3.794134
v -4.322134 3.638752 3.754165
v -4.322135 3.702507 3.754169
v -4.662073 3.617504 3.754136
v -4.622086 3.617504 3.794126
v -4.362130 3.638757 3.714171
v -4.322134 3.638752 3.754165
v -4.362130 3.638757 3.714171
v -4.002191 3.638759 3.634221
v -4.362127 3.702506 3.734169
v -4.002194 3.702503 3.654218
v -4.322135 3.702507 3.754169
v -4.362127 3.702506 3.734169
v -3.962196 3.702509 3.674220
v -4.002194 3.702503 3.654218
v -4.322134 3.638752 3.754165
v -4.322135 3.702507 3.754169
v -3.962198 3.638755 3.654221
v -3.962196 3.702509 3.674220
v -4.322134 3.638752 3.754165
v -3.962198 3.638755 3.654221
v -4.362130 3.638757 3.714171
v -4.002191 3.638759 3.634221
v -4.002191 3.638759 3.634221
v -3.662249 3.660002 3.554279
v -4.002194 3.702503 3.654218
v -3.682246 3.702503 3.574272
v -3.682246 3.702503 3.574272
v -3.642252 3.702507 3.614263
v -4.002194 3.702503 3.654218
v -3.962196 3.702509 3.674220
v -3.962198 3.638755 3.654221
v -3.962196 3.702509 3.674220
v -3.622254 3.660007 3.594270
v -3.642252 3.702507 3.614263
v -3.662249 3.660002 3.554279
v -4.002191 3.638759 3.634221
v -3.622254 3.660007 3.594270
v -3.962198 3.638755 3.654221
v -3.662249 3.660002 3.554279
v -3.342304 3.702507 3.394352
v -3.682246 3.702503 3.574272
v -3.382295 3.745007 3.434343
v -3.342301 3.745002 3.474334
v -3.642252 3.702507 3.614263
v -3.382295 3.745007 3.434343
v -3.682246 3.702503 3.574272
v -3.622254 3.660007 3.594270
v -3.642252 3.702507 3.614263
v -3.302311 3.702502 3.434343
v -3.342301 3.745002 3.474334
v -3.342304 3.702507 3.394352
v -3.662249 3.660002 3.554279
v -3.302311 3.702502 3.434343
v -3.622254 3.660007 3.594270
v -3.182335 3.872509 3.274412
v -3.382295 3.745007 3.434343
v -3.142341 3.830009 3.234425
v -3.342304 3.702507 3.394352
v -3.142342 3.872505 3.294406
v -3.342301 3.745002 3.474334
v -3.182335 3.872509 3.274412
v -3.382295 3.745007 3.434343
v -3.142342 3.872505 3.294406
v -3.102346 3.830005 3.254422
v -3.342301 3.745002 3.474334
v -3.302311 3.702502 3.434343
v -3.142341 3.830009 3.234425
v -3.342304 3.702507 3.394352
v -3.102346 3.830005 3.254422
v -3.302311 3.702502 3.434343
v -3.142341 3.830009 3.234425
v -3.082354 4.000009 3.014506
v -3.182335 3.872509 3.274412
v -3.102347 4.021257 3.054495
v -3.182335 3.872509 3.274412
v -3.102347 4.021257 3.054495
v -3.142342 3.872505 3.294406
v -3.062358 4.021259 3.074492
v -3.102346 3.830005 3.254422
v -3.142342 3.872505 3.294406
v -3.042358 4.000010 3.034503
v -3.062358 4.021259 3.074492
v -3.062360 4.148761 2.714606
v -3.102347 4.021257 3.054495
v -3.042362 4.127511 2.694611
v -3.082354 4.000009 3.014506
v -3.062360 4.148761 2.714606
v -3.022363 4.148761 2.754601
v -3.102347 4.021257 3.054495
v -3.062358 4.021259 3.074492
v -3.142341 3.830009 3.234425
v -3.102346 3.830005 3.254422
v -3.082354 4.000009 3.014506
v -3.042358 4.000010 3.034503
v -3.022363 4.148761 2.754601
v -3.002368 4.127506 2.734602
v -3.062358 4.021259 3.074492
v -3.042358 4.000010 3.034503
v -3.002368 4.127506 2.734602
v -3.042362 4.127511 2.694611
v -3.042358 4.000010 3.034503
v -3.082354 4.000009 3.014506
v -3.022364 4.170011 2.434693
v -3.062360 4.148761 2.714606
v -3.002371 4.106260 2.414698
v -3.042362 4.127511 2.694611
v -3.022363 4.148761 2.754601
v -3.062360 4.148761 2.714606
v -2.982374 4.170011 2.474687
v -3.022364 4.170011 2.434693
v -2.982374 4.170011 2.474687
v -2.962377 4.106260 2.454689
v -3.022363 4.148761 2.754601
v -3.002368 4.127506 2.734602
v -3.002368 4.127506 2.734602
v -2.962377 4.106260 2.454689
v -3.042362 4.127511 2.694611
v -3.002371 4.106260 2.414698
v -3.022364 4.170011 2.434693
v -3.002371 4.106260 2.414698
v -3.062361 4.170013 2.094789
v -3.082356 4.127510 2.094787
v -3.022366 4.148762 2.074797
v -2.982374 4.170011 2.474687
v -3.062361 4.170013 2.094789
v -3.022364 4.170011 2.434693
v -2.982374 4.170011 2.474687
v -3.022366 4.148762 2.074797
v -2.962377 4.106260 2.454689
v -3.042363 4.106262 2.094789
v -3.042363 4.106262 2.094789
v -3.082356 4.127510 2.094787
v -2.962377 4.106260 2.454689
v -3.002371 4.106260 2.414698
v -3.262325 4.170007 1.754877
v -3.062361 4.170013 2.094789
v -3.282322 4.127513 1.754871
v -3.082356 4.127510 2.094787
v -3.062361 4.170013 2.094789
v -3.262325 4.170007 1.754877
v -3.022366 4.148762 2.074797
v -3.222330 4.148761 1.734885
v -3.222330 4.148761 1.734885
v -3.242329 4.106260 1.754873
v -3.022366 4.148762 2.074797
v -3.042363 4.106262 2.094789
v -3.042363 4.106262 2.094789
v -3.242329 4.106260 1.754873
v -3.082356 4.127510 2.094787
v -3.282322 4.127513 1.754871
v -3.382303 4.170011 1.494943
v -3.402300 4.127511 1.514934
v -3.442293 4.170012 1.215022
v -3.462291 4.127510 1.255000
v -3.382303 4.170011 1.494943
v -3.442293 4.170012 1.215022
v -3.342313 4.170008 1.494946
v -3.402304 4.148762 1.235013
v -3.342313 4.170008 1.494946
v -3.402304 4.148762 1.235013
v -3.362309 4.106258 1.514932
v -3.422294 4.106262 1.255006
v -3.402300 4.127511 1.514934
v -3.362309 4.106258 1.514932
v -3.462291 4.127510 1.255000
v -3.422294 4.106262 1.255006
v -3.382303 4.170011 1.494943
v -3.262325 4.170007 1.754877
v -3.402300 4.127511 1.514934
v -3.282322 4.127513 1.754871
v -3.262325 4.170007 1.754877
v -3.382303 4.170011 1.494943
v -3.222330 4.148761 1.734885
v -3.342313 4.170008 1.494946
v -3.342313 4.170008 1.494946
v -3.362309 4.106258 1.514932
v -3.222330 4.148761 1.734885
v -3.242329 4.106260 1.754873
v -3.282322 4.127513 1.754871
v -3.242329 4.106260 1.754873
v -3.402300 4.127511 1.514934
v -3.362309 4.106258 1.514932
v -3.462289 4.106259 0.935093
v -3.462291 4.127510 1.255000
v -3.402298 4.106263 0.975087
v -3.422294 4.106262 1.255006
v -3.402304 4.148762 1.235013
v -3.382304 4.148759 0.935105
v -3.422294 4.106262 1.255006
v -3.402298 4.106263 0.975087
v -3.422300 4.148758 0.915108
v -3.382304 4.148759 0.935105
v -3.442293 4.170012 1.215022
v -3.402304 4.148762 1.235013
v -3.442293 4.170012 1.215022
v -3.462291 4.127510 1.255000
v -3.422300 4.148758 0.915108
v -3.462289 4.106259 0.935093
v -3.402298 4.106263 0.975087
v -3.362309 4.085014 0.675176
v -3.462289 4.106259 0.935093
v -3.402302 4.106261 0.675174
v -3.362309 4.085014 0.675176
v -3.402298 4.106263 0.975087
v -3.342309 4.127514 0.655189
v -3.382304 4.148759 0.935105
v -3.382304 4.148759 0.935105
v -3.422300 4.148758 0.915108
v -3.342309 4.127514 0.655189
v -3.382303 4.148762 0.655187
v -3.402302 4.106261 0.675174
v -3.382303 4.148762 0.655187
v -3.462289 4.106259 0.935093
v -3.422300 4.148758 0.915108
v -3.342309 4.127514 0.655189
v -3.382303 4.148762 0.655187
v -3.362309 4.085014 0.675176
v -3.402302 4.106261 0.675174
v -7.321570 0.791223 5.993063
v -7.321560 0.281216 5.993024
v -7.381559 0.791221 5.833102
v -7.381554 0.281215 5.833066
v -7.321570 0.791223 5.993063
v -7.201590 0.748719 5.933085
v -7.321560 0.281216 5.993024
v -7.201583 0.281212 5.933052
v -7.381559 0.791221 5.833102
v -7.201595 0.982470 5.753151
v -7.321570 0.791223 5.993063
v -7.121607 0.982471 5.893122
v -7.121607 0.982471 5.893122
v -7.121608 0.812466 5.893107
v -7.321570 0.791223 5.993063
v -7.201590 0.748719 5.933085
v -7.381559 0.791221 5.833102
v -7.381554 0.281215 5.833066
v -7.261579 0.748721 5.793122
v -7.261572 0.281215 5.793088
v -7.261579 0.748721 5.793122
v -7.261572 0.281215 5.793088
v -7.201590 0.748719 5.933085
v -7.201583 0.281212 5.933052
v -7.201595 0.982470 5.753151
v -7.381559 0.791221 5.833102
v -7.201592 0.812469 5.753140
v -7.261579 0.748721 5.793122
v -5.921808 0.812470 5.293380
v -7.121608 0.812466 5.893107
v -5.921815 0.982476 5.293394
v -7.121607 0.982471 5.893122
v -5.981803 0.982469 5.153430
v -5.921815 0.982476 5.293394
v -7.201595 0.982470 5.753151
v -7.121607 0.982471 5.893122
v -5.981803 0.982469 5.153430
v -7.201595 0.982470 5.753151
v -5.981804 0.812468 5.153415
v -7.201592 0.812469 5.753140
v -5.761844 0.982470 5.233421
v -5.181938 0.982470 6.433118
v -5.921815 0.982476 5.293394
v -5.321920 0.982469 6.513080
v -5.921815 0.982476 5.293394
v -5.321920 0.982469 6.513080
v -5.921808 0.812470 5.293380
v -5.321914 0.812468 6.513067
v -5.221931 0.791220 6.713014
v -5.221922 0.281214 6.712982
v -5.281919 0.748716 6.593045
v -5.281915 0.281210 6.593008
v -5.281919 0.748716 6.593045
v -5.281915 0.281210 6.593008
v -5.141949 0.748717 6.513075
v -5.141939 0.281211 6.513045
v -5.081954 0.791221 6.633051
v -5.081946 0.281214 6.633019
v -5.221931 0.791220 6.713014
v -5.221922 0.281214 6.712982
v -5.321920 0.982469 6.513080
v -5.221931 0.791220 6.713014
v -5.321914 0.812468 6.513067
v -5.281919 0.748716 6.593045
v -5.321920 0.982469 6.513080
v -5.181938 0.982470 6.433118
v -5.221931 0.791220 6.713014
v -5.081954 0.791221 6.633051
v -5.702006 10.353840 5.673977
v -5.242087 10.353840 6.593742
v -5.702008 10.247590 5.673966
v -5.242086 10.247585 6.593735
v -5.602027 10.353842 5.633995
v -5.162099 10.353838 6.553764
v -5.702006 10.353840 5.673977
v -5.242087 10.353840 6.593742
v -5.242086 10.247585 6.593735
v -5.242087 10.353840 6.593742
v -5.162098 10.247593 6.553751
v -5.162099 10.353838 6.553764
v -5.702008 10.247590 5.673966
v -5.242086 10.247585 6.593735
v -5.602023 10.247586 5.633985
v -5.162098 10.247593 6.553751
v -5.761841 0.812469 5.233410
v -5.181938 0.812469 6.433104
v -5.761844 0.982470 5.233421
v -5.181938 0.982470 6.433118
v -5.081954 0.791221 6.633051
v -5.141949 0.748717 6.513075
v -5.081946 0.281214 6.633019
v -5.141939 0.281211 6.513045
v -5.181938 0.982470 6.433118
v -5.181938 0.812469 6.433104
v -5.081954 0.791221 6.633051
v -5.141949 0.748717 6.513075
v -5.402052 9.780084 6.113829
v -5.422045 9.780086 6.093835
v -5.242081 9.780083 6.053856
v -5.262075 9.780081 6.013872
v -5.442045 9.758833 6.093830
v -5.262075 9.758836 6.013867
v -5.422045 9.780086 6.093835
v -5.262075 9.780081 6.013872
v -5.422048 9.758829 6.133818
v -5.242078 9.758832 6.053855
v -5.442045 9.758833 6.093830
v -5.262075 9.758836 6.013867
v -5.422048 9.758829 6.133818
v -5.402052 9.780084 6.113829
v -5.242078 9.758832 6.053855
v -5.242081 9.780083 6.053856
v -5.602023 10.247586 5.633985
v -5.162098 10.247593 6.553751
v -5.602027 10.353842 5.633995
v -5.162099 10.353838 6.553764
v -5.482041 9.801332 6.133814
v -5.442045 9.758833 6.093830
v -5.462043 9.801332 6.113823
v -5.422045 9.780086 6.093835
v -5.482041 9.801332 6.133814
v -5.462040 9.801334 6.153811
v -5.442045 9.758833 6.093830
v -5.422048 9.758829 6.133818
v -5.462040 9.801334 6.153811
v -5.442044 9.801335 6.133817
v -5.422048 9.758829 6.133818
v -5.402052 9.780084 6.113829
v -5.422052 10.013837 6.093846
v -5.462043 9.801332 6.113823
v -5.402055 10.013834 6.113847
v -5.442044 9.801335 6.133817
v -5.442051 10.013832 6.113836
v -5.482041 9.801332 6.133814
v -5.422052 10.013837 6.093846
v -5.462043 9.801332 6.113823
v -5.482041 9.801332 6.133814
v -5.442051 10.013832 6.113836
v -5.462040 9.801334 6.153811
v -5.442050 10.013836 6.133834
v -5.442050 10.013836 6.133834
v -5.402055 10.013834 6.113847
v -5.462040 9.801334 6.153811
v -5.442044 9.801335 6.133817
v -5.402059 10.268834 6.113866
v -5.402055 10.013834 6.113847
v -5.442054 10.268841 6.133853
v -5.442050 10.013836 6.133834
v -5.442054 10.268841 6.133853
v -5.442050 10.013836 6.133834
v -5.442053 10.268837 6.113860
v -5.442051 10.013832 6.113836
v -5.422054 10.268842 6.093870
v -5.442053 10.268837 6.113860
v -5.422052 10.013837 6.093846
v -5.442051 10.013832 6.113836
v -5.422054 10.268842 6.093870
v -5.422052 10.013837 6.093846
v -5.402059 10.268834 6.113866
v -5.402055 10.013834 6.113847
v -5.442025 8.760067 6.153738
v -5.462028 8.760068 6.073759
v -5.362040 8.760075 6.113757
v -5.382035 8.760069 6.053775
v -5.841868 3.532503 5.093643
v -5.841908 5.742532 5.093803
v -5.981849 3.532503 5.153611
v -5.981882 5.742532 5.153772
v -5.921861 3.532500 5.293575
v -5.921894 5.742535 5.293736
v -5.761889 3.532504 5.233603
v -5.761922 5.742528 5.233764
v -5.981849 3.532503 5.153611
v -5.981882 5.742532 5.153772
v -5.921861 3.532500 5.293575
v -5.921894 5.742535 5.293736
v -5.841829 0.982468 5.093454
v -5.841868 3.532503 5.093643
v -5.981803 0.982469 5.153430
v -5.981849 3.532503 5.153611
v -5.921815 0.982476 5.293394
v -5.921861 3.532500 5.293575
v -5.761844 0.982470 5.233421
v -5.761889 3.532504 5.233603
v -5.981803 0.982469 5.153430
v -5.981849 3.532503 5.153611
v -5.921815 0.982476 5.293394
v -5.921861 3.532500 5.293575
v -5.921894 5.742535 5.293736
v -5.921945 8.675070 5.293949
v -5.761922 5.742528 5.233764
v -5.761973 8.675068 5.233977
v -5.841908 5.742532 5.093803
v -5.841956 8.675067 5.094013
v -5.981882 5.742532 5.153772
v -5.981934 8.675067 5.153986
v -5.981882 5.742532 5.153772
v -5.981934 8.675067 5.153986
v -5.921894 5.742535 5.293736
v -5.921945 8.675070 5.293949
v -5.981804 0.812468 5.153415
v -6.561702 0.812473 3.953719
v -5.981803 0.982469 5.153430
v -6.561706 0.982468 3.953736
v -5.841829 0.982468 5.093454
v -5.981803 0.982469 5.153430
v -6.421726 0.982469 3.873770
v -6.561706 0.982468 3.953736
v -5.881902 5.763783 4.953837
v -5.801917 5.806280 4.993834
v -5.941890 5.763781 5.133787
v -5.861907 5.806283 5.173779
v -5.881902 5.763783 4.953837
v -5.941890 5.763781 5.133787
v -5.881904 5.678782 4.953832
v -5.941888 5.678781 5.133778
v -5.881904 5.678782 4.953832
v -5.941888 5.678781 5.133778
v -5.801910 5.636280 4.993827
v -5.861905 5.636278 5.173769
v -5.602027 10.353842 5.633995
v -5.741997 10.013834 5.234072
v -5.602023 10.247586 5.633985
v -5.741994 9.907584 5.234068
v -5.702008 10.247590 5.673966
v -5.921964 9.907585 5.314032
v -5.702006 10.353840 5.673977
v -5.921965 10.013836 5.314038
v -5.921965 10.013836 5.314038
v -5.741997 10.013834 5.234072
v -5.702006 10.353840 5.673977
v -5.602027 10.353842 5.633995
v -5.921964 9.907585 5.314032
v -5.702008 10.247590 5.673966
v -5.741994 9.907584 5.234068
v -5.602023 10.247586 5.633985
v -6.141934 10.353840 4.754208
v -6.001952 10.013836 5.154080
v -6.141933 10.247589 4.754201
v -6.001954 9.907585 5.154070
v -5.821983 10.013835 5.054120
v -6.001952 10.013836 5.154080
v -6.061949 10.353842 4.714226
v -6.141934 10.353840 4.754208
v -5.821982 9.907580 5.054113
v -6.061945 10.247587 4.714223
v -6.001954 9.907585 5.154070
v -6.141933 10.247589 4.754201
v -6.001954 9.907585 5.154070
v -6.001952 10.013836 5.154080
v -5.921964 9.907585 5.314032
v -5.921965 10.013836 5.314038
v -6.001934 8.632568 5.153975
v -6.001954 9.907585 5.154070
v -5.921944 8.632568 5.313937
v -5.921964 9.907585 5.314032
v -5.821962 8.632567 5.054019
v -5.821982 9.907580 5.054113
v -6.001934 8.632568 5.153975
v -6.001954 9.907585 5.154070
v -5.921944 8.632568 5.313937
v -5.921964 9.907585 5.314032
v -5.741971 8.632566 5.233978
v -5.741994 9.907584 5.234068
v -5.821983 10.013835 5.054120
v -5.741997 10.013834 5.234072
v -6.001952 10.013836 5.154080
v -5.921965 10.013836 5.314038
v -5.262075 9.780081 6.013872
v -5.262075 9.758836 6.013867
v -5.242081 9.780083 6.053856
v -5.242078 9.758832 6.053855
v -5.761844 0.982470 5.233421
v -5.761889 3.532504 5.233603
v -5.841829 0.982468 5.093454
v -5.841868 3.532503 5.093643
v -5.761889 3.532504 5.233603
v -5.761922 5.742528 5.233764
v -5.841868 3.532503 5.093643
v -5.841908 5.742532 5.093803
v -5.841829 0.812468 5.093440
v -4.622037 0.812471 4.493718
v -5.841829 0.982468 5.093454
v -4.622040 0.982471 4.493729
v -4.562051 0.982474 4.633693
v -5.761844 0.982470 5.233421
v -4.622040 0.982471 4.493729
v -5.841829 0.982468 5.093454
v -5.761844 0.982470 5.233421
v -4.562051 0.982474 4.633693
v -5.761841 0.812469 5.233410
v -4.562045 0.812469 4.633678
v -5.761922 5.742528 5.233764
v -5.761973 8.675068 5.233977
v -5.841908 5.742532 5.093803
v -5.841956 8.675067 5.094013
v -5.841829 0.982468 5.093454
v -6.421726 0.982469 3.873770
v -5.841829 0.812468 5.093440
v -6.421727 0.812469 3.873755
v -5.741927 5.678780 5.013826
v -5.801910 5.636280 4.993827
v -5.801914 5.678778 5.193769
v -5.861905 5.636278 5.173769
v -5.801913 5.551280 4.993821
v -5.921896 5.636280 4.953825
v -5.801910 5.636280 4.993827
v -5.881904 5.678782 4.953832
v -5.901896 5.636283 4.873857
v -5.921896 5.636280 4.953825
v -5.781915 5.551278 4.913842
v -5.801913 5.551280 4.993821
v -5.741927 5.678780 5.013826
v -5.801914 5.678778 5.193769
v -5.741925 5.763785 5.013832
v -5.801916 5.763783 5.193778
v -5.921896 5.806280 4.953840
v -5.881902 5.763783 4.953837
v -5.921896 5.636280 4.953825
v -5.881904 5.678782 4.953832
v -5.901896 5.636283 4.873857
v -5.901901 5.806279 4.873864
v -5.921896 5.636280 4.953825
v -5.921896 5.806280 4.953840
v -5.741925 5.763785 5.013832
v -5.801916 5.763783 5.193778
v -5.801917 5.806280 4.993834
v -5.861907 5.806283 5.173779
v -5.801919 5.891280 4.993843
v -5.801917 5.806280 4.993834
v -5.921896 5.806280 4.953840
v -5.881902 5.763783 4.953837
v -5.781921 5.891284 4.913870
v -5.801919 5.891280 4.993843
v -5.901901 5.806279 4.873864
v -5.921896 5.806280 4.953840
v -6.141933 10.247589 4.754201
v -6.581855 10.247588 3.834439
v -6.141934 10.353840 4.754208
v -6.581860 10.353838 3.834441
v -6.581855 10.247588 3.834439
v -6.141933 10.247589 4.754201
v -6.501873 10.247591 3.794453
v -6.061945 10.247587 4.714223
v -6.061949 10.353842 4.714226
v -6.501872 10.353836 3.794464
v -6.061945 10.247587 4.714223
v -6.501873 10.247591 3.794453
v -6.581860 10.353838 3.834441
v -6.501872 10.353836 3.794464
v -6.141934 10.353840 4.754208
v -6.061949 10.353842 4.714226
v -6.061945 10.247587 4.714223
v -5.821982 9.907580 5.054113
v -6.061949 10.353842 4.714226
v -5.821983 10.013835 5.054120
v -5.741994 9.907584 5.234068
v -5.741997 10.013834 5.234072
v -5.821982 9.907580 5.054113
v -5.821983 10.013835 5.054120
v -5.741971 8.632566 5.233978
v -5.741994 9.907584 5.234068
v -5.821962 8.632567 5.054019
v -5.821982 9.907580 5.054113
v -6.361886 9.801333 4.334274
v -6.301898 9.758837 4.294286
v -6.381883 9.801332 4.294286
v -6.321892 9.758830 4.254302
v -6.361886 9.801333 4.334274
v -6.321893 9.801336 4.314283
v -6.301898 9.758837 4.294286
v -6.301897 9.780083 4.274297
v -6.381883 9.801332 4.294286
v -6.341895 10.013836 4.274305
v -6.361886 9.801333 4.334274
v -6.321897 10.013833 4.294306
v -6.321897 10.013833 4.294306
v -6.301902 10.013833 4.274312
v -6.361886 9.801333 4.334274
v -6.321893 9.801336 4.314283
v -6.661684 0.791216 3.753772
v -6.661672 0.281210 3.753737
v -6.521708 0.791217 3.673809
v -6.521698 0.281212 3.673770
v -6.461718 0.748721 3.793769
v -6.461711 0.281216 3.793736
v -6.601695 0.748720 3.873739
v -6.601684 0.281214 3.873703
v -6.661684 0.791216 3.753772
v -6.601695 0.748720 3.873739
v -6.661672 0.281210 3.753737
v -6.601684 0.281214 3.873703
v -6.561706 0.982468 3.953736
v -6.661684 0.791216 3.753772
v -6.421726 0.982469 3.873770
v -6.521708 0.791217 3.673809
v -6.561706 0.982468 3.953736
v -6.561702 0.812473 3.953719
v -6.661684 0.791216 3.753772
v -6.601695 0.748720 3.873739
v -5.801919 5.891280 4.993843
v -5.681936 5.806285 5.033838
v -5.801917 5.806280 4.993834
v -5.741925 5.763785 5.013832
v -5.801919 5.891280 4.993843
v -5.781921 5.891284 4.913870
v -5.681936 5.806285 5.033838
v -5.661942 5.806283 4.953862
v -5.681936 5.636280 5.033824
v -5.741927 5.678780 5.013826
v -5.681936 5.806285 5.033838
v -5.741925 5.763785 5.013832
v -5.661935 5.636283 4.953849
v -5.681936 5.636280 5.033824
v -5.661942 5.806283 4.953862
v -5.681936 5.806285 5.033838
v -5.681936 5.636280 5.033824
v -5.801913 5.551280 4.993821
v -5.741927 5.678780 5.013826
v -5.801910 5.636280 4.993827
v -5.801913 5.551280 4.993821
v -5.681936 5.636280 5.033824
v -5.781915 5.551278 4.913842
v -5.661935 5.636283 4.953849
v -5.781921 5.891284 4.913870
v -5.781915 5.551278 4.913842
v -5.661942 5.806283 4.953862
v -5.661935 5.636283 4.953849
v -5.781915 5.551278 4.913842
v -5.781921 5.891284 4.913870
v -5.901896 5.636283 4.873857
v -5.901901 5.806279 4.873864
v -6.501873 10.247591 3.794453
v -6.501872 10.353836 3.794464
v -6.581855 10.247588 3.834439
v -6.581860 10.353838 3.834441
v -6.161919 9.780085 4.174341
v -6.301897 9.780083 4.274297
v -6.181914 9.780083 4.154344
v -6.321891 9.780081 4.254300
v -6.321892 9.758830 4.254302
v -6.181918 9.758833 4.154342
v -6.321891 9.780081 4.254300
v -6.181914 9.780083 4.154344
v -6.321892 9.758830 4.254302
v -6.301898 9.758837 4.294286
v -6.181918 9.758833 4.154342
v -6.161920 9.758835 4.174336
v -6.301898 9.758837 4.294286
v -6.301897 9.780083 4.274297
v -6.161920 9.758835 4.174336
v -6.161919 9.780085 4.174341
v -6.381883 9.801332 4.294286
v -6.321892 9.758830 4.254302
v -6.341890 9.801331 4.274295
v -6.321891 9.780081 4.254300
v -6.321896 10.013836 4.254315
v -6.341890 9.801331 4.274295
v -6.301902 10.013833 4.274312
v -6.321893 9.801336 4.314283
v -6.341895 10.013836 4.274305
v -6.381883 9.801332 4.294286
v -6.321896 10.013836 4.254315
v -6.341890 9.801331 4.274295
v -6.301909 10.268839 4.274328
v -6.301902 10.013833 4.274312
v -6.321902 10.268839 4.294326
v -6.321897 10.013833 4.294306
v -6.321902 10.268839 4.294326
v -6.321897 10.013833 4.294306
v -6.341897 10.268836 4.274329
v -6.341895 10.013836 4.274305
v -6.321901 10.268837 4.254334
v -6.341897 10.268836 4.274329
v -6.321896 10.013836 4.254315
v -6.341895 10.013836 4.274305
v -6.321901 10.268837 4.254334
v -6.321896 10.013836 4.254315
v -6.301909 10.268839 4.274328
v -6.301902 10.013833 4.274312
v -6.301881 8.760069 4.314207
v -6.361872 8.760070 4.274212
v -6.261886 8.760070 4.254235
v -6.321875 8.760067 4.194247
v -6.421726 0.982469 3.873770
v -6.521708 0.791217 3.673809
v -6.421727 0.812469 3.873755
v -6.461718 0.748721 3.793769
v -6.521708 0.791217 3.673809
v -6.521698 0.281212 3.673770
v -6.461718 0.748721 3.793769
v -6.461711 0.281216 3.793736
v -6.161919 9.780085 4.174341
v -6.181914 9.780083 4.154344
v -6.161920 9.758835 4.174336
v -6.181918 9.758833 4.154342
v -4.562051 0.982474 4.633693
v -4.362080 0.791218 4.533723
v -4.562045 0.812469 4.633678
v -4.482058 0.748716 4.593693
v -4.362080 0.791218 4.533723
v -4.562051 0.982474 4.633693
v -4.422065 0.791220 4.393764
v -4.622040 0.982471 4.493729
v -4.622040 0.982471 4.493729
v -4.622037 0.812471 4.493718
v -4.422065 0.791220 4.393764
v -4.542047 0.748719 4.453729
v -4.362080 0.791218 4.533723
v -4.362074 0.281211 4.533688
v -4.482058 0.748716 4.593693
v -4.482051 0.281210 4.593660
v -4.482058 0.748716 4.593693
v -4.482051 0.281210 4.593660
v -4.542047 0.748719 4.453729
v -4.542040 0.281213 4.453696
v -4.422065 0.791220 4.393764
v -4.542047 0.748719 4.453729
v -4.422063 0.281214 4.393723
v -4.542040 0.281213 4.453696
v -4.422065 0.791220 4.393764
v -4.422063 0.281214 4.393723
v -4.362080 0.791218 4.533723
v -4.362074 0.281211 4.533688
vn -0.8962 -0.0002 0.4436
vn -0.9477 -0.0046 0.3190
vn -0.8944 -0.0000 0.4473
vn -0.4546 0.0003 -0.8907
vn -0.7023 0.0102 -0.7118
vn -0.4472 0.0001 -0.8944
vn 0.8944 -0.0000 -0.4472
vn 0.8944 -0.0000 -0.4473
vn 0.7070 -0.0000 0.7072
vn 0.8939 -0.0336 -0.4470
vn 0.8939 -0.0336 -0.4469
vn -0.3189 0.0129 -0.9477
vn -0.4364 0.0333 -0.8991
vn -0.3123 0.0118 -0.9499
vn -0.7297 0.0534 0.6817
vn -0.9381 0.0270 0.3453
vn -0.7060 0.0553 0.7061
vn 0.6928 -0.0533 0.7192
vn 0.4559 -0.0188 0.8898
vn 0.4399 -0.0166 0.8979
vn 0.8928 -0.0600 -0.4464
vn -0.3066 0.0425 -0.9509
vn -0.4162 0.0577 -0.9074
vn -0.3024 0.0419 -0.9523
vn -0.8871 0.0362 0.4601
vn -0.7148 0.0379 0.6983
vn -0.8938 0.0360 0.4470
vn 0.4213 -0.0584 0.9050
vn 0.8797 -0.3342 -0.3384
vn 0.8557 -0.1794 -0.4853
vn 0.9959 -0.0000 -0.0905
vn 0.9361 -0.0004 -0.3517
vn 0.9263 0.1225 -0.3563
vn 0.8423 0.0414 -0.5374
vn -0.8991 -0.2686 0.3457
vn -0.4838 -0.6843 -0.5456
vn -0.8991 -0.2685 0.3458
vn -0.9900 -0.0000 0.1412
vn -0.6346 -0.0014 -0.7729
vn -0.9899 -0.0000 0.1414
vn -0.8321 -0.0001 0.5547
vn -0.9922 -0.0046 0.1248
vn -0.8320 -0.0001 0.5547
vn -0.9290 0.0964 0.3573
vn 0.5744 0.0904 -0.8136
vn -0.2424 0.0001 -0.9702
vn -0.9701 -0.0000 0.2426
vn 0.4471 -0.0001 0.8945
vn 0.4472 -0.0001 0.8945
vn 0.7943 0.0001 -0.6075
vn 0.7898 -0.0003 -0.6134
vn 0.9487 -0.0000 -0.3162
vn 0.5209 -0.3169 -0.7926
vn 0.6631 -0.1705 -0.7288
vn 0.3167 0.0001 -0.9485
vn 0.5575 -0.0003 -0.8301
vn 0.3163 0.0001 -0.9487
vn 0.5456 0.1155 -0.8301
vn 0.7127 0.0391 -0.7004
vn 0.5455 0.1155 -0.8301
vn -0.5257 -0.2891 0.8000
vn 0.4416 -0.6930 0.5699
vn -0.7295 -0.0001 0.6840
vn -0.3152 -0.0048 0.9490
vn -0.3304 -0.0001 0.9439
vn 0.6349 -0.0014 0.7726
vn -0.5462 0.1044 0.8311
vn 0.9289 0.0971 -0.3574
vn -0.6734 -0.1086 -0.7313
vn 0.6666 0.1272 0.7345
vn 0.6666 0.1273 0.7345
vn -0.4582 -0.0732 0.8858
vn -0.6961 -0.0940 0.7118
vn -0.7039 -0.0947 0.7040
vn -0.8747 -0.1350 -0.4655
vn -0.6955 -0.0803 -0.7140
vn -0.6841 -0.0772 -0.7253
vn 0.4462 0.0700 -0.8922
vn 0.6955 0.0803 0.7141
vn 0.8747 0.1350 0.4655
vn 0.6840 0.0772 0.7253
vn -0.4468 -0.0505 0.8932
vn -0.4467 -0.0505 0.8933
vn -0.9476 -0.0185 -0.3189
vn -0.8962 -0.0133 -0.4435
vn -0.8943 -0.0131 -0.4472
vn 0.7025 0.0002 -0.7117
vn 0.4547 0.0065 -0.8906
vn 0.7072 0.0001 -0.7071
vn 0.8943 0.0131 0.4472
vn 0.8944 0.0131 0.4471
vn -0.4473 -0.0066 0.8943
vn -0.4471 -0.0066 0.8945
vn 0.7071 0.0001 -0.7071
vn -0.8944 -0.0000 -0.4473
vn -0.5547 -0.0001 0.8320
vn -0.5547 -0.0001 0.8321
vn 0.8320 -0.0000 0.5548
vn 0.8320 -0.0000 0.5547
vn -0.6434 -0.1863 -0.7425
vn 0.6861 0.2421 -0.6861
vn 0.6860 0.2421 -0.6861
vn 0.6434 0.1862 0.7426
vn 0.6434 0.1863 0.7425
vn 0.6433 0.1862 0.7426
vn -0.6861 -0.2421 0.6861
vn -0.6860 -0.2421 0.6861
vn 0.4582 0.0732 -0.8858
vn 0.6961 0.0941 -0.7118
vn 0.4461 0.0720 -0.8921
vn 0.7526 0.0001 -0.6585
vn 0.7675 -0.0003 -0.6411
vn -0.7151 -0.3857 -0.5829
vn -0.5949 -0.3104 -0.7414
vn -0.7232 -0.3909 -0.5694
vn 0.6210 0.4782 -0.6210
vn 0.6210 0.4782 -0.6211
vn 0.5469 0.2478 0.7996
vn 0.5973 0.2807 0.7513
vn 0.5993 0.2820 0.7492
vn -0.6061 -0.4959 0.6219
vn -0.4171 -0.4219 0.8050
vn -0.4065 -0.4172 0.8128
vn -0.8337 -0.1908 -0.5183
vn 0.6327 0.4465 -0.6327
vn 0.8163 0.2067 0.5394
vn 0.6862 0.0719 0.7239
vn 0.8229 0.2151 0.5258
vn -0.6281 -0.4166 0.6572
vn -0.4292 -0.4102 0.8047
vn -0.4083 -0.4082 0.8165
vn -0.8465 -0.1593 -0.5080
vn 0.5334 0.6564 -0.5335
vn 0.5334 0.6564 -0.5334
vn 0.7355 -0.0181 0.6773
vn 0.8506 0.1258 0.5105
vn 0.8559 0.1343 0.4993
vn -0.5185 -0.6590 0.5449
vn -0.3497 -0.6718 0.6530
vn -0.3313 -0.6716 0.6627
vn -0.3402 -0.3116 -0.8873
vn -0.4936 -0.6087 -0.6212
vn -0.3198 -0.2759 -0.9064
vn 0.3250 0.2848 0.9018
vn 0.3871 0.3960 0.8327
vn 0.3927 0.4065 0.8249
vn -0.3668 -0.8483 0.3818
vn -0.2774 -0.8025 0.5283
vn -0.2697 -0.7976 0.5395
vn 0.3314 0.8834 -0.3314
vn 0.3313 0.8834 -0.3314
vn -0.1826 -0.0296 -0.9827
vn -0.2515 -0.2823 -0.9258
vn -0.1737 0.0001 -0.9848
vn 0.1051 0.9889 -0.1051
vn 0.1826 0.0295 0.9827
vn 0.2515 0.2822 0.9258
vn 0.2581 0.3090 0.9154
vn -0.1420 -0.9796 0.1419
vn -0.1420 -0.9796 0.1420
vn -0.1264 0.0400 -0.9912
vn -0.0911 0.2608 -0.9611
vn -0.1321 0.0001 -0.9912
vn -0.0657 0.9955 0.0680
vn -0.0562 0.9925 0.1082
vn -0.0661 0.9956 0.0661
vn 0.1321 -0.0001 0.9912
vn 0.0623 -0.9961 -0.0624
vn 0.0623 -0.9961 -0.0623
vn -0.2073 0.2928 -0.9334
vn -0.0000 1.0000 -0.0001
vn -0.0001 1.0000 -0.0002
vn 0.2223 -0.0330 0.9744
vn 0.2531 -0.2603 0.9318
vn 0.2168 -0.0001 0.9762
vn -0.0000 -1.0000 -0.0001
vn -0.2323 0.2938 -0.9272
vn -0.2354 0.3178 -0.9185
vn -0.2358 0.3206 -0.9174
vn -0.0000 1.0000 -0.0002
vn 0.1768 -0.2994 0.9376
vn 0.1831 -0.3411 0.9220
vn 0.1760 -0.2946 0.9393
vn 0.0526 -0.9971 -0.0543
vn 0.0429 -0.9956 -0.0829
vn 0.0423 -0.9955 -0.0847
vn -0.4394 0.2173 -0.8716
vn -0.4551 0.3349 -0.8251
vn -0.4560 0.3435 -0.8210
vn -0.0957 0.9908 0.0958
vn -0.0958 0.9908 0.0957
vn 0.4394 -0.2173 0.8716
vn 0.4551 -0.3349 0.8251
vn 0.4375 -0.2059 0.8753
vn 0.0878 -0.9922 -0.0879
vn 0.0879 -0.9922 -0.0878
vn -0.6559 0.0882 -0.7497
vn -0.6559 0.0883 -0.7497
vn -0.2146 0.8922 0.3973
vn -0.3066 0.8946 0.3252
vn -0.2029 0.8911 0.4060
vn 0.6832 -0.0429 0.7290
vn 0.6833 -0.0429 0.7289
vn 0.6832 -0.0428 0.7290
vn 0.2146 -0.8922 -0.3973
vn 0.3066 -0.8946 -0.3252
vn 0.3167 -0.8941 -0.3168
vn -0.8254 -0.2855 -0.4870
vn -0.9044 -0.1764 -0.3886
vn -0.9143 -0.1592 -0.3725
vn -0.2410 0.8423 0.4821
vn -0.2411 0.8423 0.4821
vn 0.8254 0.2856 0.4870
vn 0.9043 0.1766 0.3886
vn 0.8144 0.2981 0.4978
vn -0.8237 -0.4842 -0.2951
vn -0.8902 -0.3818 -0.2487
vn -0.8930 -0.3766 -0.2463
vn -0.1826 0.9214 0.3430
vn -0.2958 0.9050 0.3059
vn -0.3032 0.9034 0.3032
vn 0.2707 -0.7960 -0.5415
vn 0.2707 -0.7960 -0.5414
vn 0.8261 0.4711 0.3094
vn 0.8934 0.3672 0.2590
vn 0.8208 0.4780 0.3127
vn 0.3085 -0.8958 -0.3199
vn 0.1926 -0.9126 -0.3606
vn 0.3166 -0.8941 -0.3168
vn -0.9513 -0.2842 -0.1197
vn -0.8119 -0.5630 -0.1545
vn -0.7889 -0.5939 -0.1578
vn 0.9513 0.2842 0.1197
vn 0.8120 0.5629 0.1545
vn 0.9575 0.2637 0.1168
vn -0.0662 -0.9956 0.0661
vn -0.0661 -0.9956 0.0661
vn -0.9128 0.3324 0.2374
vn -0.9534 -0.2749 0.1240
vn -0.9379 -0.3288 0.1104
vn 0.4189 0.9065 -0.0535
vn 0.0797 0.9951 -0.0588
vn 0.0588 0.9965 -0.0588
vn 0.9393 0.2818 -0.1956
vn 0.9183 -0.3878 -0.0799
vn 0.8908 -0.4498 -0.0652
vn -0.4462 -0.8932 0.0558
vn -0.0246 -0.9997 0.0031
vn -0.4684 -0.8816 0.0586
vn -0.7987 0.3758 0.4699
vn -0.7988 0.3757 0.4699
vn 0.3707 0.9028 -0.2181
vn 0.3706 0.9028 -0.2180
vn 0.7246 -0.5415 -0.4263
vn -0.4523 -0.8513 0.2661
vn -0.4523 -0.8512 0.2661
vn -0.8455 0.4977 0.1937
vn -0.8201 0.5442 0.1770
vn -0.8486 0.4914 0.1958
vn 0.0448 0.9954 -0.0848
vn 0.4775 0.8719 -0.1080
vn 0.5084 0.8542 -0.1089
vn 0.9074 -0.3668 -0.2050
vn 0.8704 -0.4631 -0.1671
vn 0.8622 -0.4807 -0.1597
vn -0.4665 -0.8779 0.1077
vn -0.4664 -0.8780 0.1076
vn -0.4666 -0.8779 0.1077
vn -0.7668 0.5177 0.3796
vn -0.8279 0.4077 0.3851
vn -0.8349 0.3929 0.3854
vn 0.3821 0.9166 -0.1176
vn 0.0373 0.9992 -0.0115
vn 0.0001 1.0000 -0.0000
vn 0.7651 -0.5141 -0.3876
vn 0.8039 -0.4079 -0.4328
vn 0.8087 -0.3913 -0.4391
vn -0.4569 -0.8597 0.2285
vn -0.0765 -0.9953 0.0591
vn -0.4165 -0.9089 -0.0203
vn -0.0441 -0.9968 0.0662
vn 0.9153 -0.3974 0.0650
vn 0.9235 -0.3786 0.0619
vn 0.9242 -0.3769 0.0616
vn 0.4282 0.9034 0.0232
vn 0.0693 0.9957 -0.0608
vn 0.0342 0.9971 -0.0684
vn -0.9024 0.4295 -0.0334
vn -0.7657 0.6369 -0.0903
vn -0.9140 0.4048 -0.0269
vn -0.0785 -0.9956 0.0512
vn -0.4041 -0.9111 -0.0810
vn -0.0432 -0.9970 0.0649
vn 0.9221 -0.3535 0.1576
vn 0.9396 -0.3087 0.1480
vn 0.9411 -0.3044 0.1471
vn 0.4252 0.9033 0.0570
vn 0.0735 0.9956 -0.0587
vn 0.0353 0.9969 -0.0706
vn -0.9062 0.3968 -0.1458
vn -0.7752 0.6078 -0.1723
vn -0.9197 0.3662 -0.1415
vn -0.1839 -0.3461 -0.9200
vn -0.9363 -0.0000 0.3512
vn -0.9363 -0.0000 0.3511
vn -0.6103 0.7459 0.2667
vn -0.6090 0.7320 0.3053
vn -0.6065 0.7156 0.3466
vn -0.3161 0.0001 -0.9487
vn 0.9191 -0.0000 -0.3939
vn -0.3996 -0.0585 -0.9148
vn -0.3961 -0.0853 -0.9142
vn -0.4060 0.0001 -0.9139
vn -0.0000 1.0000 -0.0000
vn -0.4412 0.0001 -0.8974
vn -0.4412 -0.0000 -0.8974
vn -0.8973 -0.0001 0.4413
vn -0.8944 -0.0000 0.4472
vn -0.4961 0.0001 -0.8683
vn -0.4960 -0.0000 -0.8683
vn 0.4960 -0.0000 0.8683
vn -0.8944 -0.0001 0.4472
vn 0.3227 0.7594 0.5650
vn -0.0000 -1.0000 -0.0000
vn 0.0001 -1.0000 -0.0000
vn 0.9003 -0.0000 -0.4352
vn 0.0001 1.0000 0.0001
vn -0.3841 0.3394 -0.8586
vn -0.4439 0.0290 -0.8956
vn -0.3793 0.3571 -0.8536
vn 0.3552 0.0376 0.9340
vn 0.3674 0.4107 0.8345
vn 0.3664 0.4309 0.8247
vn 0.9021 0.0001 -0.4315
vn -0.6359 0.0627 -0.7692
vn -0.4003 0.2291 -0.8873
vn -0.7070 0.0001 -0.7073
vn -0.5260 -0.7424 0.4151
vn -0.5450 -0.7692 0.3336
vn -0.5005 -0.7063 0.5006
vn 0.5743 0.2702 0.7728
vn 0.6352 0.2988 0.7122
vn 0.6709 0.3156 0.6710
vn 0.6935 -0.1957 -0.6934
vn 0.6934 -0.1957 -0.6935
vn -0.7054 0.0664 -0.7057
vn -0.7298 0.1373 0.6697
vn -0.9813 0.1847 0.0552
vn -0.9827 0.1849 -0.0000
vn 0.4689 -0.0001 0.8832
vn 0.6804 -0.0000 0.7329
vn 0.4470 -0.0001 0.8945
vn -1.0000 -0.0000 -0.0001
vn -1.0000 -0.0000 0.0001
vn -0.0001 1.0000 -0.0000
vn -0.3938 0.0001 -0.9192
vn 0.3510 -0.0001 0.9364
vn -0.9191 -0.0000 0.3939
vn -0.9003 -0.0000 0.4352
vn -0.9003 -0.0001 0.4352
vn -0.4106 0.9015 -0.1369
vn -0.4106 0.9015 -0.1368
vn -0.9487 -0.0000 -0.3162
vn -0.9487 -0.0000 -0.3163
vn -0.4106 -0.9015 -0.1369
vn 0.9438 0.0001 -0.3304
vn 0.9438 -0.0000 -0.3304
vn -0.8533 -0.0000 0.5215
vn -0.2375 0.7789 -0.5804
vn -0.2531 0.7765 -0.5771
vn -0.2561 0.7759 -0.5765
vn 0.2531 -0.7764 0.5771
vn 0.2375 -0.7789 0.5804
vn 0.2561 -0.7759 0.5765
vn -0.9438 -0.0000 0.3304
vn 0.3043 0.7750 0.5540
vn 0.2898 0.7719 0.5659
vn 0.3066 0.7754 0.5520
vn -0.3043 -0.7750 -0.5540
vn -0.2898 -0.7719 -0.5659
vn -0.2849 -0.7708 -0.5699
vn -0.4855 0.0001 -0.8742
vn 0.4060 -0.0001 0.9139
vn 0.8944 0.0001 -0.4473
vn 0.8944 0.0001 -0.4472
vn 0.8682 0.0001 -0.4962
vn 0.8682 0.0001 -0.4961
vn 0.8682 -0.0000 -0.4962
vn 0.4471 -0.0000 0.8945
vn 0.9031 -0.0000 -0.4294
vn 0.5292 -0.8299 0.1764
vn 0.5292 -0.8300 0.1764
vn -0.3156 0.0655 0.9466
vn -0.3116 0.1708 0.9347
vn -0.3163 -0.0001 0.9487
vn -0.5423 -0.8292 -0.1356
vn -0.5423 -0.8292 -0.1357
vn 0.9487 -0.0000 0.3163
vn -0.0000 -0.0001 1.0000
vn -0.9701 -0.0000 -0.2426
vn 0.5291 0.8300 0.1764
vn 0.5292 0.8300 0.1764
vn -0.3116 -0.1710 0.9347
vn -0.3156 -0.0657 0.9466
vn -0.3162 -0.0001 0.9487
vn -0.5423 0.8292 -0.1356
vn -0.9021 -0.0000 0.4315
vn 0.9021 -0.0000 -0.4315
vn 0.8169 -0.0000 -0.5767
vn 0.9138 -0.0000 -0.4062
vn -0.4568 -0.8597 0.2285
vn 0.8484 0.1621 0.5039
vn 0.5802 -0.1070 0.8074
vn 0.4375 -0.2060 0.8753
vn -0.8563 0.2417 0.4565
vn -0.7199 0.2031 0.6637
vn -0.6935 0.1957 0.6934
vn 0.6801 0.0686 0.7299
vn 0.4666 0.0828 0.8806
vn 0.7055 0.0663 0.7056
vn 0.4961 -0.0001 0.8683
vn -0.3227 0.7594 -0.5649
vn 0.5422 0.8292 0.1356
vn 0.9701 -0.0000 0.2426
vn -0.3163 -0.0000 0.9487
vn 0.5423 -0.8292 0.1356
vn 0.3162 0.0001 -0.9487
vn -0.4471 0.0001 -0.8945
vn -0.4471 -0.0000 -0.8945
vn -0.4472 0.0001 -0.8945
vn -0.0001 1.0000 -0.0001
vn -0.5812 -0.0000 -0.8138
vn -0.5811 0.0002 -0.8138
vn 0.0001 -1.0000 0.0001
vn 0.5858 0.0557 0.8085
vn 0.5386 0.5517 0.6369
vn 0.5295 0.5813 0.6179
vn -0.4787 0.1791 -0.8595
vn -0.5977 0.0934 -0.7963
vn -0.4375 0.2059 -0.8753
vn 0.7277 -0.1369 -0.6720
vn 0.8706 -0.1638 -0.4638
vn 0.7010 -0.1319 -0.7009
vn -0.6803 -0.0000 -0.7330
vn -0.4690 -0.0000 -0.8832
vn 0.7072 -0.0000 0.7070
vn 0.7071 -0.0000 0.7071
vn -0.7071 -0.0001 0.7071
vn -0.7072 -0.0001 0.7071
vn -0.7071 0.0001 -0.7071
vn -0.7070 -0.0000 -0.7072
vn 0.7071 -0.0000 -0.7071
vn 0.7071 0.0002 -0.7071
vn 0.5981 0.7593 -0.2563
vn -0.9487 -0.0047 0.3162
vn -0.7070 0.0104 -0.7072
vn -0.4469 0.0351 -0.8939
vn -0.9484 0.0247 0.3161
vn 0.7059 -0.0554 0.7061
vn -0.4214 0.0584 -0.9050
vn -0.7066 0.0379 0.7066
vn 0.7844 -0.0008 -0.6202
vn -0.9701 -0.0000 0.2425
vn -0.4461 -0.0720 0.8921
vn -0.8857 -0.1389 -0.4429
vn 0.8858 0.1389 0.4429
vn -0.9485 -0.0186 -0.3161
vn 0.4473 0.0066 -0.8944
vn 0.7039 0.0947 -0.7039
vn -0.5871 -0.3056 -0.7496
vn 0.5428 0.2452 0.8033
vn -0.6131 -0.4982 0.6131
vn 0.6730 0.0603 0.7371
vn -0.6430 -0.4160 0.6430
vn 0.7230 -0.0309 0.6902
vn -0.5334 -0.6564 0.5335
vn -0.5040 -0.6325 -0.5882
vn 0.3198 0.2758 0.9065
vn -0.3721 -0.8503 0.3721
vn 0.3313 0.8834 -0.3315
vn -0.2581 -0.3091 -0.9153
vn 0.1737 -0.0001 0.9848
vn -0.0844 0.2983 -0.9507
vn -0.0555 0.9923 0.1110
vn 0.2561 -0.2893 0.9223
vn -0.2319 0.2912 -0.9281
vn 0.1839 -0.3462 0.9199
vn 0.0530 -0.9972 -0.0529
vn 0.4560 -0.3435 0.8210
vn 0.0878 -0.9922 -0.0880
vn -0.3167 0.8941 0.3168
vn 0.6833 -0.0430 0.7289
vn 0.2029 -0.8911 -0.4060
vn -0.8145 -0.2980 -0.4978
vn 0.9142 0.1594 0.3726
vn -0.8190 -0.4905 -0.2979
vn -0.1730 0.9222 0.3459
vn 0.8964 0.3616 0.2562
vn 0.1820 -0.9134 -0.3640
vn -0.9575 -0.2637 -0.1168
vn 0.7890 0.5938 0.1578
vn -0.8769 0.4125 0.2467
vn 0.4479 0.8925 -0.0527
vn 0.9142 0.3505 -0.2032
vn -0.8171 0.5492 0.1751
vn 0.0001 0.9967 -0.0815
vn 0.9120 -0.3521 -0.2105
vn -0.7563 0.5338 0.3782
vn 0.4148 0.9009 -0.1276
vn 0.7563 -0.5338 -0.3782
vn -0.4689 -0.8826 -0.0335
vn 0.9145 -0.3994 0.0653
vn 0.4571 0.8889 0.0305
vn -0.7471 0.6577 -0.0964
vn -0.4664 -0.8780 -0.1077
vn 0.9200 -0.3583 0.1587
vn 0.4680 0.8808 0.0720
vn -0.7568 0.6299 -0.1746
vn -0.6106 0.7581 0.2290
vn -0.3758 -0.2122 -0.9021
vn -0.4471 0.0002 -0.8945
vn 0.3510 -0.0000 0.9364
vn -0.3029 0.2853 -0.9093
vn -0.5554 -0.7839 0.2777
vn 0.5366 0.2524 0.8052
vn -0.7009 0.1318 0.7010
vn -0.2325 0.7796 -0.5815
vn 0.2325 -0.7796 0.5815
vn 0.2849 0.7708 0.5699
vn -0.3066 -0.7754 -0.5520
vn -0.3031 0.2851 0.9093
vn -0.0001 -0.0001 1.0000
vn -0.9701 -0.0000 -0.2425
vn -0.3031 -0.2853 0.9093
vn 0.9093 0.2851 0.3032
vn -0.8672 0.2448 0.4337
vn 0.4455 0.0838 0.8913
vn 0.5422 0.8292 0.1355
vn 0.9701 -0.0000 0.2425
vn 0.3163 -0.0000 -0.9487
vn 0.5811 -0.0002 0.8138
vn -0.7071 -0.0000 -0.7071
vn 0.8820 -0.1659 -0.4410
vn -0.7070 -0.0000 -0.7073
vn 0.7070 -0.0001 -0.7072
vt 0.619100 0.982400
vt 0.623000 0.939500
vt 0.623000 0.982400
vt 0.619100 0.939500
vt 0.513700 0.826200
vt 0.509800 0.822300
vt 0.513700 0.822300
vt 0.509800 0.826200
vt 0.623000 0.814500
vt 0.560500 0.857400
vt 0.502000 0.814500
vt 0.502000 0.998000
vt 0.623000 0.998000
vt 0.529300 0.955100
vt 0.502000 0.962900
vt 0.529300 0.962900
vt 0.502000 0.955100
vt 0.623000 0.986300
vt 0.619100 0.935500
vt 0.623000 0.935500
vt 0.619100 0.986300
vt 0.627000 0.748000
vt 0.685500 0.689500
vt 0.685500 0.748000
vt 0.685500 0.818400
vt 0.627000 0.818400
vt 0.627000 0.689500
vt 0.607400 0.705100
vt 0.564500 0.787100
vt 0.564500 0.705100
vt 0.607400 0.787100
vt 0.611300 0.728500
vt 0.619100 0.720700
vt 0.619100 0.728500
vt 0.611300 0.720700
vt 0.619100 0.779300
vt 0.611300 0.779300
vt 0.580100 0.720700
vt 0.595700 0.720700
vt 0.584000 0.720700
vt 0.627000 0.701200
vt 0.685500 0.701200
vt 0.685500 0.712900
vt 0.627000 0.841800
vt 0.685500 0.841800
vt 0.627000 0.712900
vt 0.627000 0.705100
vt 0.658200 0.763700
vt 0.627000 0.763700
vt 0.658200 0.705100
vt 0.564500 0.689500
vt 0.595700 0.748000
vt 0.564500 0.748000
vt 0.595700 0.689500
vt 0.587900 0.740200
vt 0.591800 0.740200
vt 0.580100 0.740200
vt 0.599600 0.740200
s 1
usemtl 656A0C852614576D2C48DD35BC644329
f 651/244/560 650/245/561 649/246/562
f 655/245/563 654/244/564 653/247/565
f 657/247/566 660/246/567 658/244/567
f 661/247/568 664/246/568 662/244/568
f 665/248/569 668/249/570 666/250/570
f 671/250/571 670/251/572 669/249/573
f 675/250/574 674/251/575 673/249/576
f 679/248/577 678/249/578 677/250/579
f 683/248/580 682/249/580 681/250/580
f 685/251/581 688/250/582 686/248/583
f 691/250/584 690/251/585 689/249/586
f 693/248/587 696/249/587 694/250/587
f 697/252/588 700/253/589 698/254/588
f 701/254/590 704/253/591 702/255/590
f 705/255/592 708/253/593 706/256/592
f 709/252/594 712/253/595 710/254/596
f 713/254/597 716/253/598 714/255/599
f 717/256/600 720/253/601 718/252/602
f 721/255/603 724/253/604 722/256/603
f 725/257/605 728/258/605 726/259/605
f 731/257/606 730/258/606 729/259/606
f 733/259/607 736/260/608 734/258/608
f 737/256/609 740/253/610 738/252/609
f 741/259/611 744/260/611 742/258/611
f 745/252/612 748/253/613 746/254/612
f 749/256/614 752/253/615 750/252/616
f 753/255/617 756/253/618 754/256/619
f 757/252/620 760/253/621 758/254/620
f 761/254/622 764/253/623 762/255/622
f 765/256/624 768/253/625 766/252/624
f 769/255/626 772/253/627 770/256/626
f 773/248/628 776/249/628 774/250/628
f 777/251/629 780/250/630 778/248/629
f 781/248/631 784/249/632 782/250/633
f 787/248/634 786/249/635 785/250/636
f 791/250/637 790/251/637 789/249/637
f 795/250/638 794/251/639 793/249/640
f 797/248/641 800/249/642 798/250/642
f 801/261/643 804/262/644 802/263/645
f 807/264/646 806/263/647 805/261/648
f 809/261/649 812/262/650 810/263/650
f 813/262/651 816/261/652 814/264/652
f 817/259/653 820/260/653 818/258/653
f 821/257/654 824/258/654 822/259/654
f 827/257/655 826/258/656 825/259/655
f 829/259/657 832/260/657 830/258/658
f 833/261/659 836/262/659 834/263/659
f 837/263/660 840/264/661 838/262/660
f 841/264/662 844/263/663 842/261/664
f 845/262/665 848/261/666 846/264/666
f 849/251/667 852/250/668 850/248/669
f 853/254/670 856/253/671 854/255/670
f 857/263/672 860/264/673 858/262/674
f 861/264/675 864/263/676 862/261/675
f 865/262/677 868/261/678 866/264/679
f 871/261/680 870/262/681 869/263/682
f 873/262/683 876/261/683 874/264/683
f 879/263/684 878/264/684 877/262/684
f 881/263/685 884/264/686 882/262/687
f 885/262/688 888/261/689 886/264/690
f 889/263/691 892/264/691 890/262/691
f 895/262/692 894/261/693 893/264/693
f 897/262/694 900/261/695 898/264/696
f 901/261/697 904/262/698 902/263/699
f 905/263/700 908/264/701 906/262/702
f 909/262/703 912/261/704 910/264/705
f 913/262/706 916/261/707 914/264/708
f 917/263/709 920/264/710 918/262/709
f 921/263/711 924/264/712 922/262/713
f 927/264/714 926/263/714 925/261/714
f 929/262/715 932/261/716 930/264/717
f 933/261/718 936/262/719 934/263/719
f 939/264/720 938/263/721 937/261/722
f 943/264/723 942/263/724 941/261/725
f 947/262/726 946/261/726 945/264/726
f 951/262/727 950/261/728 949/264/728
f 953/261/729 956/262/729 954/263/729
f 957/264/730 960/263/731 958/261/730
f 961/264/732 964/263/733 962/261/734
f 965/261/735 968/262/735 966/263/735
f 969/261/736 972/262/737 970/263/738
f 973/263/730 976/264/739 974/262/730
f 977/264/740 980/263/741 978/261/742
f 981/262/743 984/261/744 982/264/745
f 985/248/746 988/249/747 986/250/748
f 991/250/749 990/251/750 989/249/749
f 993/251/751 996/250/752 994/248/753
f 997/249/754 1000/248/755 998/251/755
f 1001/249/756 1004/248/757 1002/251/757
f 1007/250/758 1006/251/759 1005/249/760
f 1009/250/761 1012/251/762 1010/249/763
f 1013/249/764 1016/248/765 1014/251/766
f 1017/248/767 1020/249/768 1018/250/769
f 1021/248/770 1024/249/771 1022/250/771
f 1025/251/772 1028/250/773 1026/248/774
f 1029/249/775 1032/248/776 1030/251/777
f 1035/248/778 1034/249/779 1033/250/780
f 1037/251/781 1040/250/782 1038/248/781
f 1041/250/783 1044/251/784 1042/249/785
f 1045/250/786 1048/251/787 1046/249/788
f 1049/249/789 1052/248/790 1050/251/791
f 1055/249/725 1054/248/725 1053/251/725
f 1057/250/792 1060/251/793 1058/249/794
f 1063/251/795 1062/250/796 1061/248/795
f 1067/262/797 1066/261/798 1065/264/799
f 1069/262/800 1072/261/801 1070/264/802
f 1073/261/803 1076/262/804 1074/263/805
f 1077/263/806 1080/264/807 1078/262/808
f 1081/262/809 1084/261/810 1082/264/810
f 1085/261/811 1088/262/812 1086/263/812
f 1091/261/813 1090/262/813 1089/263/813
f 1095/264/814 1094/263/815 1093/261/814
f 1097/264/816 1100/263/817 1098/261/818
f 1101/261/819 1104/262/820 1102/263/821
f 1105/261/822 1108/262/823 1106/263/824
f 1109/264/825 1112/263/826 1110/261/827
f 1113/262/828 1116/261/829 1114/264/830
f 1117/261/831 1120/262/832 1118/263/833
f 1123/261/834 1122/262/835 1121/263/836
f 1125/264/837 1128/263/837 1126/261/837
f 1131/263/838 1130/264/839 1129/262/840
f 1133/261/841 1136/262/842 1134/263/843
f 1139/261/844 1138/262/845 1137/263/846
f 1141/264/847 1144/263/848 1142/261/849
f 1147/264/850 1146/263/851 1145/261/852
f 1149/262/853 1152/261/854 1150/264/855
f 1155/262/856 1154/261/857 1153/264/858
f 1157/263/859 1160/264/860 1158/262/861
f 1161/264/862 1164/263/862 1162/261/862
f 651/244/560 652/247/1014 650/245/561
f 655/245/563 656/246/1015 654/244/564
f 657/247/566 659/245/566 660/246/567
f 661/247/568 663/245/568 664/246/568
f 665/248/569 667/251/569 668/249/570
f 671/250/571 672/248/1016 670/251/572
f 675/250/574 676/248/1017 674/251/575
f 679/248/577 680/251/1018 678/249/578
f 683/248/580 684/251/580 682/249/580
f 685/251/581 687/249/1019 688/250/582
f 691/250/584 692/248/1020 690/251/585
f 693/248/587 695/251/587 696/249/587
f 697/252/588 699/253/1021 700/253/589
f 701/254/590 703/253/1021 704/253/591
f 705/255/592 707/253/1021 708/253/593
f 709/252/594 711/253/1021 712/253/595
f 713/254/597 715/253/1021 716/253/598
f 717/256/600 719/253/1021 720/253/601
f 721/255/603 723/253/1021 724/253/604
f 725/257/605 727/260/605 728/258/605
f 731/257/606 732/260/1022 730/258/606
f 733/259/607 735/257/607 736/260/608
f 737/256/609 739/253/1021 740/253/610
f 741/259/611 743/257/611 744/260/611
f 745/252/612 747/253/1021 748/253/613
f 749/256/614 751/253/1021 752/253/615
f 753/255/617 755/253/1021 756/253/618
f 757/252/620 759/253/1021 760/253/621
f 761/254/622 763/253/1021 764/253/623
f 765/256/624 767/253/1021 768/253/625
f 769/255/626 771/253/1021 772/253/627
f 773/248/628 775/251/628 776/249/628
f 777/251/629 779/249/630 780/250/630
f 781/248/631 783/251/1023 784/249/632
f 787/248/634 788/251/1024 786/249/635
f 791/250/637 792/248/637 790/251/637
f 795/250/638 796/248/1025 794/251/639
f 797/248/641 799/251/641 800/249/642
f 801/261/643 803/264/1026 804/262/644
f 807/264/646 808/262/1027 806/263/647
f 809/261/649 811/264/649 812/262/650
f 813/262/651 815/263/651 816/261/652
f 817/259/653 819/257/653 820/260/653
f 821/257/654 823/260/654 824/258/654
f 827/257/655 828/260/656 826/258/656
f 829/259/657 831/257/657 832/260/657
f 833/261/659 835/264/659 836/262/659
f 837/263/660 839/261/661 840/264/661
f 841/264/662 843/262/663 844/263/663
f 845/262/665 847/263/665 848/261/666
f 849/251/667 851/249/1028 852/250/668
f 853/254/670 855/253/1021 856/253/671
f 857/263/672 859/261/1029 860/264/673
f 861/264/675 863/262/676 864/263/676
f 865/262/677 867/263/1030 868/261/678
f 871/261/680 872/264/1031 870/262/681
f 873/262/683 875/263/683 876/261/683
f 879/263/684 880/261/684 878/264/684
f 881/263/685 883/261/1032 884/264/686
f 885/262/688 887/263/1033 888/261/689
f 889/263/691 891/261/691 892/264/691
f 895/262/692 896/263/692 894/261/693
f 897/262/694 899/263/1034 900/261/695
f 901/261/697 903/264/1035 904/262/698
f 905/263/700 907/261/1036 908/264/701
f 909/262/703 911/263/1037 912/261/704
f 913/262/706 915/263/1038 916/261/707
f 917/263/709 919/261/1039 920/264/710
f 921/263/711 923/261/1040 924/264/712
f 927/264/714 928/262/714 926/263/714
f 929/262/715 931/263/1041 932/261/716
f 933/261/718 935/264/718 936/262/719
f 939/264/720 940/262/1042 938/263/721
f 943/264/723 944/262/1043 942/263/724
f 947/262/726 948/263/726 946/261/726
f 951/262/727 952/263/727 950/261/728
f 953/261/729 955/264/729 956/262/729
f 957/264/730 959/262/731 960/263/731
f 961/264/732 963/262/1044 964/263/733
f 965/261/735 967/264/735 968/262/735
f 969/261/736 971/264/1045 972/262/737
f 973/263/730 975/261/739 976/264/739
f 977/264/740 979/262/1046 980/263/741
f 981/262/743 983/263/1047 984/261/744
f 985/248/746 987/251/999 988/249/747
f 991/250/749 992/248/750 990/251/750
f 993/251/751 995/249/1048 996/250/752
f 997/249/754 999/250/1049 1000/248/755
f 1001/249/756 1003/250/756 1004/248/757
f 1007/250/758 1008/248/1050 1006/251/759
f 1009/250/761 1011/248/1051 1012/251/762
f 1013/249/764 1015/250/1052 1016/248/765
f 1017/248/767 1019/251/1053 1020/249/768
f 1021/248/770 1023/251/770 1024/249/771
f 1025/251/772 1027/249/1054 1028/250/773
f 1029/249/775 1031/250/1055 1032/248/776
f 1035/248/778 1036/251/1056 1034/249/779
f 1037/251/781 1039/249/782 1040/250/782
f 1041/250/783 1043/248/1057 1044/251/784
f 1045/250/786 1047/248/1058 1048/251/787
f 1049/249/789 1051/250/1059 1052/248/790
f 1055/249/725 1056/250/725 1054/248/725
f 1057/250/792 1059/248/1060 1060/251/793
f 1063/251/795 1064/249/796 1062/250/796
f 1067/262/797 1068/263/1061 1066/261/798
f 1069/262/800 1071/263/1062 1072/261/801
f 1073/261/803 1075/264/1063 1076/262/804
f 1077/263/806 1079/261/883 1080/264/807
f 1081/262/809 1083/263/809 1084/261/810
f 1085/261/811 1087/264/811 1088/262/812
f 1091/261/813 1092/264/813 1090/262/813
f 1095/264/814 1096/262/815 1094/263/815
f 1097/264/816 1099/262/1064 1100/263/817
f 1101/261/819 1103/264/1065 1104/262/820
f 1105/261/822 1107/264/1066 1108/262/823
f 1109/264/825 1111/262/826 1112/263/826
f 1113/262/828 1115/263/1067 1116/261/829
f 1117/261/831 1119/264/1068 1120/262/832
f 1123/261/834 1124/264/1069 1122/262/835
f 1125/264/837 1127/262/837 1128/263/837
f 1131/263/838 1132/261/1070 1130/264/839
f 1133/261/841 1135/264/1071 1136/262/842
f 1139/261/844 1140/264/1072 1138/262/845
f 1141/264/847 1143/262/1073 1144/263/848
f 1147/264/850 1148/262/1074 1146/263/851
f 1149/262/853 1151/263/1075 1152/261/854
f 1155/262/856 1156/263/1076 1154/261/857
f 1157/263/859 1159/261/1077 1160/264/860
f 1161/264/862 1163/262/862 1164/263/862
usemtl 7A1BB303D7D184AB003B3CFD52EFE228
f 1167/265/863 1166/266/863 1165/267/864
f 1171/266/607 1170/265/607 1169/267/607
f 1173/265/865 1176/268/866 1174/269/867
f 1179/267/607 1178/269/607 1177/268/607
f 1183/267/868 1182/270/868 1181/265/868
f 1185/267/869 1188/270/869 1186/266/869
f 1191/268/870 1190/265/871 1189/269/872
f 1195/266/607 1194/269/607 1193/270/607
f 1197/270/873 1200/268/873 1198/266/873
f 1201/270/874 1204/268/874 1202/269/875
f 1205/266/873 1208/269/873 1206/268/873
f 1209/270/876 1212/268/876 1210/269/876
f 1215/267/877 1214/270/562 1213/265/877
f 1219/265/878 1218/266/879 1217/267/878
f 1221/267/880 1224/270/880 1222/266/880
f 1227/268/881 1226/265/881 1225/269/881
f 1229/269/882 1232/267/882 1230/268/882
f 1233/271/877 1236/272/877 1234/273/877
f 1237/271/873 1240/272/873 1238/273/873
f 1241/271/607 1244/272/607 1242/273/607
f 1247/274/883 1246/273/884 1245/271/883
f 1251/266/885 1250/269/885 1249/270/885
f 1255/266/567 1254/265/567 1253/267/567
f 1259/267/566 1258/269/566 1257/268/566
f 1261/275/833 1264/276/873 1262/277/886
f 1267/275/887 1266/276/888 1265/277/889
f 1269/277/735 1272/278/735 1270/276/735
f 1275/278/890 1274/277/891 1273/275/892
f 1279/274/893 1278/273/893 1277/271/893
f 1283/275/894 1282/276/895 1281/277/896
f 1285/275/897 1288/276/898 1286/277/899
f 1291/278/900 1290/277/901 1289/275/902
f 1293/279/903 1296/278/904 1294/276/904
f 1297/279/905 1300/278/905 1298/276/905
f 1301/278/906 1304/279/907 1302/280/908
f 1305/280/909 1308/276/910 1306/279/911
f 1309/278/911 1312/279/911 1310/280/911
f 1315/276/912 1314/280/913 1313/278/912
f 1319/279/896 1318/278/896 1317/276/896
f 1323/276/653 1322/280/653 1321/278/653
f 1327/281/914 1326/282/914 1325/283/914
f 1331/268/915 1330/284/915 1329/269/915
f 1333/269/916 1336/285/916 1334/284/916
f 1339/269/917 1338/285/917 1337/268/917
f 1343/266/915 1342/269/915 1341/270/915
f 1345/270/916 1348/268/916 1346/269/916
f 1351/270/917 1350/268/917 1349/266/917
f 1353/286/916 1356/287/916 1354/288/916
f 1359/289/915 1358/288/915 1357/286/915
f 1363/286/917 1362/287/917 1361/289/917
f 1365/270/918 1368/268/919 1366/269/919
f 1369/270/873 1372/268/873 1370/266/873
f 1375/290/920 1374/291/920 1373/292/921
f 1377/291/922 1380/290/922 1378/293/923
f 1383/292/924 1382/293/924 1381/291/924
f 1387/273/925 1386/274/926 1385/272/925
f 1389/272/927 1392/271/927 1390/274/927
f 1395/272/928 1394/271/929 1393/274/930
f 1399/274/931 1398/273/932 1397/271/933
f 1403/273/934 1402/274/934 1401/272/934
f 1405/274/935 1408/273/936 1406/271/937
f 1409/271/938 1412/272/939 1410/273/940
f 1415/274/562 1414/273/562 1413/271/562
f 1419/274/562 1418/273/562 1417/271/562
f 1423/274/941 1422/273/941 1421/271/941
f 1425/271/942 1428/272/942 1426/273/942
f 1431/274/873 1430/273/873 1429/271/873
f 1433/275/943 1436/276/944 1434/277/943
f 1437/266/945 1440/269/946 1438/268/946
f 1441/268/945 1444/284/947 1442/285/947
f 1445/270/874 1448/268/874 1446/269/875
f 1451/268/873 1450/270/873 1449/269/873
f 1455/266/948 1454/269/607 1453/270/948
f 1457/289/947 1460/288/945 1458/287/945
f 1463/266/949 1462/269/949 1461/270/949
f 1465/292/950 1468/293/951 1466/291/950
f 1471/294/952 1470/295/953 1469/296/954
f 1475/296/955 1474/297/955 1473/295/956
f 1479/292/957 1478/293/957 1477/291/957
f 1481/295/958 1484/294/958 1482/297/958
f 1487/294/959 1486/295/959 1485/296/959
f 1491/291/960 1490/290/961 1489/292/960
f 1495/296/962 1494/297/963 1493/295/964
f 1497/295/965 1500/294/965 1498/297/965
f 1501/271/966 1504/272/966 1502/273/966
f 1505/272/883 1508/271/883 1506/274/883
f 1511/274/967 1510/273/967 1509/271/967
f 1513/273/873 1516/274/873 1514/272/873
f 1517/272/968 1520/271/968 1518/274/968
f 1521/271/969 1524/272/969 1522/273/969
f 1525/271/969 1528/272/969 1526/273/969
f 1531/275/970 1530/276/970 1529/277/970
f 1535/278/971 1534/277/972 1533/275/973
f 1537/278/974 1540/279/975 1538/280/976
f 1541/280/977 1544/276/978 1542/279/979
f 1547/265/879 1546/266/878 1545/267/879
f 1549/267/980 1552/270/980 1550/266/980
f 1555/266/881 1554/265/881 1553/267/881
f 1559/269/981 1558/267/981 1557/268/981
f 1563/267/877 1562/269/881 1561/268/881
f 1567/294/954 1566/295/954 1565/296/954
f 1569/294/982 1572/295/982 1570/296/982
f 1573/295/954 1576/294/954 1574/297/954
f 1579/296/983 1578/297/983 1577/295/983
f 1581/296/984 1584/297/954 1582/295/954
f 1585/297/985 1588/296/985 1586/294/985
f 1589/295/616 1592/294/616 1590/297/616
f 1595/296/986 1594/297/616 1593/295/986
f 1599/274/987 1598/273/988 1597/271/989
f 1603/276/990 1602/275/990 1601/278/990
f 1607/275/991 1606/276/992 1605/277/991
f 1609/275/993 1612/276/993 1610/277/993
f 1615/278/994 1614/277/995 1613/275/996
f 1619/275/997 1618/276/998 1617/277/999
f 1623/280/1000 1622/276/1001 1621/279/1002
f 1625/279/1003 1628/278/1004 1626/276/988
f 1629/278/1005 1632/279/1006 1630/280/1006
f 1635/276/1007 1634/280/1008 1633/278/1007
f 1637/276/1009 1640/280/1010 1638/278/1009
f 1641/278/653 1644/279/653 1642/280/653
f 1647/298/873 1646/299/873 1645/300/873
f 1651/268/566 1650/265/944 1649/269/566
f 1655/267/567 1654/270/566 1653/265/943
f 1659/276/653 1658/275/1011 1657/278/1012
f 1663/268/607 1662/265/607 1661/269/607
f 1665/265/1013 1668/268/1013 1666/269/1013
f 1671/267/987 1670/269/987 1669/268/988
f 1675/267/607 1674/270/607 1673/265/607
f 1679/265/917 1678/266/917 1677/267/917
f 1683/266/987 1682/265/987 1681/267/987
f 1685/267/869 1688/270/869 1686/266/869
f 1167/265/863 1168/270/863 1166/266/863
f 1171/266/607 1172/270/607 1170/265/607
f 1173/265/865 1175/267/1078 1176/268/866
f 1179/267/607 1180/265/607 1178/269/607
f 1183/267/868 1184/266/868 1182/270/868
f 1185/267/869 1187/265/869 1188/270/869
f 1191/268/870 1192/267/1079 1190/265/871
f 1195/266/607 1196/268/607 1194/269/607
f 1197/270/873 1199/269/873 1200/268/873
f 1201/270/874 1203/266/874 1204/268/874
f 1205/266/873 1207/270/873 1208/269/873
f 1209/270/876 1211/266/876 1212/268/876
f 1215/267/877 1216/266/562 1214/270/562
f 1219/265/878 1220/270/879 1218/266/879
f 1221/267/880 1223/265/880 1224/270/880
f 1227/268/881 1228/267/877 1226/265/881
f 1229/269/882 1231/265/882 1232/267/882
f 1233/271/877 1235/274/877 1236/272/877
f 1237/271/873 1239/274/873 1240/272/873
f 1241/271/607 1243/274/607 1244/272/607
f 1247/274/883 1248/272/884 1246/273/884
f 1251/266/885 1252/268/885 1250/269/885
f 1255/266/567 1256/270/567 1254/265/567
f 1259/267/566 1260/265/567 1258/269/566
f 1261/275/833 1263/278/873 1264/276/873
f 1267/275/887 1268/278/1080 1266/276/888
f 1269/277/735 1271/275/735 1272/278/735
f 1275/278/890 1276/276/1081 1274/277/891
f 1279/274/893 1280/272/893 1278/273/893
f 1283/275/894 1284/278/1082 1282/276/895
f 1285/275/897 1287/278/1083 1288/276/898
f 1291/278/900 1292/276/1084 1290/277/901
f 1293/279/903 1295/280/903 1296/278/904
f 1297/279/905 1299/280/905 1300/278/905
f 1301/278/906 1303/276/1085 1304/279/907
f 1305/280/909 1307/278/1006 1308/276/910
f 1309/278/911 1311/276/911 1312/279/911
f 1315/276/912 1316/279/913 1314/280/913
f 1319/279/896 1320/280/896 1318/278/896
f 1323/276/653 1324/279/648 1322/280/653
f 1327/281/914 1328/282/730 1326/282/914
f 1331/268/915 1332/285/915 1330/284/915
f 1333/269/916 1335/268/916 1336/285/916
f 1339/269/917 1340/284/917 1338/285/917
f 1343/266/915 1344/268/915 1342/269/915
f 1345/270/916 1347/266/916 1348/268/916
f 1351/270/917 1352/269/917 1350/268/917
f 1353/286/916 1355/289/916 1356/287/916
f 1359/289/915 1360/287/915 1358/288/915
f 1363/286/917 1364/288/917 1362/287/917
f 1365/270/918 1367/266/918 1368/268/919
f 1369/270/873 1371/269/873 1372/268/873
f 1375/290/920 1376/293/920 1374/291/920
f 1377/291/922 1379/292/922 1380/290/922
f 1383/292/924 1384/290/924 1382/293/924
f 1387/273/925 1388/271/926 1386/274/926
f 1389/272/927 1391/273/927 1392/271/927
f 1395/272/928 1396/273/1086 1394/271/929
f 1399/274/931 1400/272/1087 1398/273/932
f 1403/273/934 1404/271/934 1402/274/934
f 1405/274/935 1407/272/1088 1408/273/936
f 1409/271/938 1411/274/1089 1412/272/939
f 1415/274/562 1416/272/562 1414/273/562
f 1419/274/562 1420/272/562 1418/273/562
f 1423/274/941 1424/272/941 1422/273/941
f 1425/271/942 1427/274/942 1428/272/942
f 1431/274/873 1432/272/873 1430/273/873
f 1433/275/943 1435/278/944 1436/276/944
f 1437/266/945 1439/270/945 1440/269/946
f 1441/268/945 1443/269/945 1444/284/947
f 1445/270/874 1447/266/874 1448/268/874
f 1451/268/873 1452/266/873 1450/270/873
f 1455/266/948 1456/268/607 1454/269/607
f 1457/289/947 1459/286/947 1460/288/945
f 1463/266/949 1464/268/949 1462/269/949
f 1465/292/950 1467/290/951 1468/293/951
f 1471/294/952 1472/297/1090 1470/295/953
f 1475/296/955 1476/294/955 1474/297/955
f 1479/292/957 1480/290/957 1478/293/957
f 1481/295/958 1483/296/1091 1484/294/958
f 1487/294/959 1488/297/1092 1486/295/959
f 1491/291/960 1492/293/961 1490/290/961
f 1495/296/962 1496/294/1093 1494/297/963
f 1497/295/965 1499/296/965 1500/294/965
f 1501/271/966 1503/274/966 1504/272/966
f 1505/272/883 1507/273/883 1508/271/883
f 1511/274/967 1512/272/967 1510/273/967
f 1513/273/873 1515/271/873 1516/274/873
f 1517/272/968 1519/273/968 1520/271/968
f 1521/271/969 1523/274/969 1524/272/969
f 1525/271/969 1527/274/969 1528/272/969
f 1531/275/970 1532/278/970 1530/276/970
f 1535/278/971 1536/276/1094 1534/277/972
f 1537/278/974 1539/276/1095 1540/279/975
f 1541/280/977 1543/278/1096 1544/276/978
f 1547/265/879 1548/270/878 1546/266/878
f 1549/267/980 1551/265/980 1552/270/980
f 1555/266/881 1556/270/881 1554/265/881
f 1559/269/981 1560/265/981 1558/267/981
f 1563/267/877 1564/265/877 1562/269/881
f 1567/294/954 1568/297/954 1566/295/954
f 1569/294/982 1571/297/1097 1572/295/982
f 1573/295/954 1575/296/954 1576/294/954
f 1579/296/983 1580/294/1098 1578/297/983
f 1581/296/984 1583/294/984 1584/297/954
f 1585/297/985 1587/295/985 1588/296/985
f 1589/295/616 1591/296/616 1592/294/616
f 1595/296/986 1596/294/1099 1594/297/616
f 1599/274/987 1600/272/988 1598/273/988
f 1603/276/990 1604/277/990 1602/275/990
f 1607/275/991 1608/278/992 1606/276/992
f 1609/275/993 1611/278/993 1612/276/993
f 1615/278/994 1616/276/1100 1614/277/995
f 1619/275/997 1620/278/1101 1618/276/998
f 1623/280/1000 1624/278/1102 1622/276/1001
f 1625/279/1003 1627/280/1103 1628/278/1004
f 1629/278/1005 1631/276/1005 1632/279/1006
f 1635/276/1007 1636/279/1008 1634/280/1008
f 1637/276/1009 1639/279/1103 1640/280/1010
f 1641/278/653 1643/276/653 1644/279/653
f 1647/298/873 1648/301/873 1646/299/873
f 1651/268/566 1652/267/944 1650/265/944
f 1655/267/567 1656/266/566 1654/270/566
f 1659/276/653 1660/277/1104 1658/275/1011
f 1663/268/607 1664/267/607 1662/265/607
f 1665/265/1013 1667/267/1013 1668/268/1013
f 1671/267/987 1672/265/987 1670/269/987
f 1675/267/607 1676/266/607 1674/270/607
f 1679/265/917 1680/270/917 1678/266/917
f 1683/266/987 1684/270/987 1682/265/987
f 1685/267/869 1687/265/869 1688/270/869
o Walls
v -16.820316 16.982996 10.052982
v -17.400173 13.328315 10.052982
v -16.820316 13.328316 10.052982
v -17.400171 17.747999 10.052981
v -13.240738 13.328316 10.052982
v -16.820316 13.328315 10.833020
v -16.820316 16.982996 10.833019
v -17.340250 17.747997 10.112565
v -17.340250 13.328316 10.112566
v -17.340250 12.520901 5.973772
v -17.340252 9.418613 10.112566
v -17.340250 0.218103 5.973773
v -17.340252 0.218105 10.112567
v -17.340252 6.801789 10.112566
v -17.340252 4.085337 10.112566
v -17.340250 12.520900 10.112566
v -13.240738 13.392019 10.052981
v -17.400171 13.392019 10.052983
v -17.400173 9.418614 10.052983
v -17.400171 6.801789 10.052982
v -17.400173 0.218103 10.052983
v -17.400173 4.085336 10.052982
v -17.400173 12.520901 10.052982
v -13.240739 12.520900 10.052983
v -13.240738 9.418613 10.052983
v -17.340250 17.747997 1.875280
v -17.340250 13.328314 1.875282
v -17.340250 17.747999 5.973772
v -17.340250 12.520900 1.875281
v -17.340250 13.328316 5.973773
v -17.340252 9.418613 5.973772
v -17.340250 6.801789 1.875281
v -17.340250 9.418613 1.875281
v -9.141322 13.328878 10.052982
v -13.240738 17.747999 10.052981
v -13.240738 16.982994 10.052982
v -9.141321 4.085336 10.052982
v -13.240740 0.218104 10.052983
v -13.240740 4.085337 10.052983
v -9.141322 9.418613 10.052983
v -13.240740 6.801789 10.052982
v -9.141321 16.982996 10.052982
v -9.141321 16.982996 10.833019
v -5.061943 16.982996 10.833019
v -9.141321 13.328876 10.833019
v -5.061944 13.328314 10.833019
v -9.141320 17.747997 10.052981
v -5.061943 16.982994 10.052982
v -9.141321 6.801788 10.052982
v -5.061943 12.520898 10.052982
v -9.141321 12.520899 10.052982
v -9.141321 13.392019 10.052982
v -9.141322 0.218102 10.052983
v -5.061945 0.218104 10.052983
v -5.061944 6.801787 10.052983
v -0.962829 16.982994 10.052982
v -0.962829 16.982994 10.833019
v -0.962829 13.328314 10.052982
v -5.061943 13.328314 10.052982
v -5.061943 17.747995 10.052982
v -0.962827 17.747995 10.052982
v -0.962830 10.884834 10.052982
v -5.061944 10.884834 10.052982
v -5.061944 9.418612 10.052983
v -5.061944 7.293833 10.052983
v -0.962830 13.392017 10.052982
v -5.061944 13.392017 10.052982
v -5.061945 4.085335 10.052983
v -0.962829 9.418612 10.052983
v -13.240739 16.982996 10.833019
v -13.240739 13.328314 10.833020
v -0.962829 13.328312 10.833020
v -0.962830 4.085334 10.052984
v -0.962830 0.218102 10.052984
v -0.962830 6.801787 10.052982
v -0.962830 7.293832 10.052984
v -0.962828 12.520899 10.052984
v -17.340250 6.801790 5.973773
v -17.340252 4.085337 5.973774
v -0.962826 6.801786 -14.500023
v -0.962825 13.328312 -15.279922
v 11.334836 13.328310 -15.279921
v 15.351189 12.520895 -10.420129
v 15.351189 16.982990 -15.279921
v 11.334834 16.982990 -15.279921
v 11.334835 16.982990 -14.500022
v 15.351191 13.328310 -15.279922
v 15.351189 13.328310 -14.500023
v 15.474294 17.747992 -14.500021
v 15.351190 16.982990 -14.500022
v 11.334835 17.747992 -14.500024
v 15.474295 13.328310 -14.500022
v 15.351189 17.747992 -10.420130
v 15.351189 17.747992 -14.559193
v 15.351190 12.520895 -14.559194
v 15.351187 9.418610 -14.559192
v 15.351189 13.328310 -14.559195
v 15.474295 12.520895 -14.500022
v 15.474294 13.392014 -14.500021
v 15.474295 9.418610 -14.500023
v 15.351188 6.801785 -12.002293
v 15.351188 6.801785 -14.559191
v 11.334833 6.801786 -14.500021
v 15.474293 6.801785 -14.500021
v 15.351188 0.218100 -12.002293
v 15.351187 0.218101 -14.559193
v 15.351188 4.085333 -14.559193
v 11.334835 0.218102 -14.500023
v 11.334835 4.085335 -14.500023
v 15.474293 0.218101 -14.500021
v 15.474291 4.085333 -14.500020
v 7.235585 16.982990 -15.279922
v 7.235585 13.328311 -15.279922
v 11.334835 13.328310 -14.500024
v 7.235586 17.747992 -14.500023
v 7.235585 12.520895 -14.500023
v 11.334835 12.520895 -14.500020
v 11.334837 13.392014 -14.500023
v 7.235584 9.418611 -14.500022
v 15.351187 0.218101 -10.420128
v 15.351188 4.085334 -12.002292
v 15.351188 6.801785 -10.420129
v 11.334835 9.418610 -14.500023
v 15.351189 13.328309 -10.420130
v 15.351188 9.418610 -10.420131
v 7.235586 13.328311 -14.500022
v 3.136353 13.328310 -15.279922
v 3.136351 13.328311 -14.500022
v 3.136353 16.982992 -14.500023
v 15.351187 4.085334 -10.420128
v 8.815164 4.085333 -14.500021
v 8.815165 0.218101 -14.500023
v 7.235585 4.085334 -14.500022
v 7.235585 0.218102 -14.500021
v 8.815164 6.801785 -14.500021
v 7.235585 16.982992 -14.500022
v 3.136352 13.392015 -14.500021
v 7.235585 13.392015 -14.500023
v 3.136353 12.520897 -14.500021
v 3.136351 9.418611 -14.500021
v 7.235585 6.801786 -14.500023
v 3.136351 4.085335 -14.500021
v -0.962826 13.328312 -14.500022
v 3.136353 16.982992 -15.279922
v -0.962826 16.982990 -15.279921
v -0.962827 16.982990 -14.500023
v -0.962826 17.747993 -14.500022
v 3.136354 17.747993 -14.500023
v -0.962826 13.392015 -14.500022
v -0.962826 9.418612 -14.500023
v -0.962826 12.520896 -14.500021
v 3.136351 6.801786 -14.500021
v 3.136352 0.218102 -14.500023
v -9.141317 12.520898 -14.500025
v -5.061942 6.801786 -14.500026
v -5.061940 4.085333 -14.500025
v -9.141317 17.747995 -14.500025
v -5.061941 16.982994 -15.279925
v -9.141317 13.328251 -15.279924
v -9.141318 13.328250 -14.500025
v -9.141317 13.392016 -14.500026
v -5.061938 12.520898 -14.500025
v -0.962827 4.085333 -14.500025
v -0.962827 0.218100 -14.500023
v -5.061941 0.218101 -14.500025
v -0.962826 6.801786 -14.500023
v -9.141316 16.982994 -14.500024
v -5.061938 16.982994 -14.500025
v -5.061939 17.747995 -14.500025
v -5.061941 9.418611 -14.500026
v -0.962826 9.418611 -14.500025
v -0.962826 12.520897 -14.500025
v -0.962825 16.982996 -15.279924
v -0.962825 13.328312 -15.279922
v -0.962826 13.328311 -14.500025
v -5.061940 13.328312 -14.500025
v -5.061940 13.392015 -14.500025
v 3.136351 0.218099 -14.500025
v 3.136352 4.085332 -14.500023
v 3.136351 6.801785 -14.500023
v -0.962826 16.982994 -14.500026
v -0.962825 17.747997 -14.500024
v -9.141315 16.982994 -15.279924
v -5.061939 13.328313 -15.279923
v -0.962826 13.392015 -14.500022
v -5.061942 16.982996 10.833019
v -5.061944 13.328314 10.833019
v -0.962828 16.982994 10.833019
v -5.061941 16.982994 -15.279925
v -9.141317 13.328251 -15.279924
v -0.962825 16.982996 -15.279924
v -0.962825 13.328312 -15.279922
v -9.141321 13.328821 10.833019
v -9.141323 16.982996 10.833019
v -13.240739 16.982996 10.833018
v -13.240739 13.328314 10.833019
v -16.820320 13.328314 10.833018
v -16.820320 16.982996 10.833018
v -9.141323 13.327662 10.833018
v -9.141323 16.982996 10.833017
v -13.240735 13.328316 -15.279924
v -16.820312 16.983000 -15.279922
v -16.820312 13.328316 -15.279924
v -9.141318 16.983000 -15.279925
v -9.141317 13.327738 -15.279923
v -13.240736 16.983000 -15.279926
v 11.334833 16.982992 10.833020
v 11.334832 13.328310 10.833020
v 7.235581 13.328312 10.833019
v 7.235583 16.982992 10.833019
v 3.136350 16.982992 10.833019
v 3.136349 13.328312 10.833019
v -0.962828 16.982992 10.833017
v -0.962829 13.328312 10.833019
v 15.351192 16.982990 -15.279921
v 11.334836 13.328310 -15.279921
v -9.141315 16.982994 -15.279924
v -5.061939 13.328313 -15.279923
v 15.351190 16.982994 10.833023
v 15.351187 13.328314 10.833019
v 11.334838 16.982994 10.833020
v 11.334835 13.328313 10.833020
v 11.334834 16.982990 -15.279921
v 15.351191 13.328310 -15.279922
v 7.235585 16.982990 -15.279922
v 7.235585 13.328311 -15.279922
v 3.136353 13.328310 -15.279922
v 3.136353 16.982992 -15.279922
v -0.962826 16.982990 -15.279921
v 15.993835 0.281689 1.096076
v 15.993858 4.361203 1.096077
v 15.993879 8.441319 1.096076
v 15.993836 0.281689 -5.541663
v 15.993860 4.361200 -2.223208
v 15.993879 8.441320 -2.223208
v 15.993881 8.441319 -5.541664
v 15.993835 0.281690 -2.223207
v 15.993902 12.520896 1.096075
v 15.993906 12.520895 -2.223208
v 15.993858 4.361203 -5.541663
v 15.993904 12.520896 -5.541663
v -0.962829 10.884834 10.052982
v -0.962829 13.392017 10.052982
v -0.962829 9.418612 10.052982
v 15.351183 0.218097 5.973775
v 15.351184 0.218098 10.112568
v 15.351184 4.085333 10.112568
v 15.474290 0.218098 10.052984
v 11.334832 0.218099 10.052984
v 15.351185 4.085332 5.973773
v 15.474293 4.085332 10.052983
v 15.351185 6.801785 5.973773
v 15.351187 9.418612 5.973773
v 15.351185 6.801786 10.112567
v 15.351185 9.418612 10.112568
v 15.474294 6.801785 10.052983
v 15.474292 9.418612 10.052984
v 15.351185 12.520897 10.112570
v 15.474293 12.520897 10.052984
v 7.235581 0.218100 10.052984
v 11.334833 4.085333 10.052984
v 15.351186 16.982994 10.833020
v 15.351183 13.328314 10.833020
v 15.351187 13.328315 10.052984
v 15.351186 13.328314 10.112568
v 15.474293 13.392017 10.052983
v 15.351186 17.747999 10.112568
v 15.351187 17.747999 5.973773
v 15.351187 13.328314 5.973773
v 15.474295 17.747997 10.052984
v 15.474293 13.328316 10.052983
v 15.351185 0.218098 1.875282
v 7.235582 6.801786 10.052982
v 7.235583 4.085333 10.052983
v 15.351185 6.801785 1.875283
v 15.351185 4.085333 1.875282
v 11.334833 17.748001 10.052982
v 15.351187 16.982996 10.052984
v 11.334831 6.801786 10.052984
v 11.334833 9.418612 10.052984
v 11.334835 12.520897 10.052983
v 7.235583 9.418612 10.052984
v 15.351187 9.418611 1.875282
v 11.334835 13.328314 10.052984
v 11.334833 13.328314 10.833021
v 15.351187 12.520899 5.973775
v 11.334834 13.392017 10.052982
v 7.235584 16.982996 10.833020
v 11.334835 16.982996 10.052983
v 11.334834 16.982998 10.833020
v 15.351189 12.520897 1.875282
v 15.351187 13.328315 1.875283
v 15.351189 17.747999 1.875282
v 7.235584 17.747999 10.052982
v 3.136349 6.801786 10.052983
v 3.136349 9.418612 10.052982
v 3.136349 12.520899 10.052983
v 7.235584 12.520899 10.052982
v 7.235584 13.328316 10.052983
v 7.235584 13.328315 10.833020
v 3.136349 13.328316 10.833021
v -0.962829 4.085334 10.052983
v -0.962830 0.218102 10.052984
v 3.136349 4.085332 10.052983
v 3.136348 0.218101 10.052984
v 7.235583 13.392017 10.052983
v 3.136351 16.982998 10.833019
v -0.962829 6.801787 10.052982
v 3.136350 16.982998 10.052983
v 7.235583 16.982998 10.052983
v -0.962829 7.293832 10.052983
v 3.136350 13.328315 10.052983
v -0.962829 13.328316 10.052982
v -0.962829 13.328316 10.833019
v 3.136350 13.392018 10.052983
v -0.962828 12.520899 10.052983
v -0.962829 16.982996 10.052982
v -0.962827 16.982996 10.833019
v -0.962827 17.747999 10.052982
v 3.136351 17.747999 10.052983
v -17.340250 6.801789 1.875281
v -5.061940 4.085333 -14.500025
v -9.141317 13.392016 -14.500026
v -9.141318 16.983000 -15.279925
v -9.141317 13.327738 -15.279923
v -13.240736 16.983000 -15.279926
v -17.340248 0.218101 -14.559195
v -17.400166 0.218102 -14.500025
v -17.340246 4.085337 -14.559195
v -17.400166 4.085336 -14.500025
v -17.340248 4.085338 -10.420132
v -17.340248 0.218102 -10.420131
v -17.340250 4.085336 -6.321621
v -17.340248 9.418615 -10.420132
v -17.340248 6.801790 -14.559197
v -17.340246 9.418615 -14.559194
v -17.400167 6.801790 -14.500025
v -17.400166 9.418615 -14.500026
v -17.340246 6.801790 -10.420130
v -13.240734 9.418614 -14.500026
v -17.400166 12.520904 -14.500026
v -17.340248 0.218101 -6.321619
v -13.240735 0.218100 -14.500025
v -17.340248 9.418614 -6.321621
v -17.340248 13.328318 -10.420132
v -17.340248 12.520905 -14.559196
v -17.340246 13.328320 -14.559196
v -17.400164 13.392021 -14.500025
v -13.240731 12.520901 -14.500024
v -13.240734 13.392021 -14.500025
v -17.400166 13.328318 -14.500028
v -17.340248 17.748003 -14.559196
v -13.240732 6.801788 -14.500024
v -13.240736 4.085335 -14.500026
v -16.820314 13.328316 -15.279926
v -16.820314 13.328317 -14.500025
v -16.820312 16.983000 -15.279926
v -17.340250 6.801790 -6.321621
v -17.340246 12.520903 -10.420132
v -17.340250 4.085336 -2.223209
v -17.340250 0.218102 -2.223208
v -17.400164 17.748001 -14.500027
v -16.820314 16.983000 -14.500028
v -17.340248 17.748003 -6.321623
v -17.340248 17.748005 -10.420134
v -17.340248 13.328318 -6.321623
v -17.340250 9.418615 -2.223209
v -17.340250 4.085336 1.875280
v -17.340250 0.218102 1.875282
v -17.340252 0.218101 5.973773
v -5.061942 0.218100 -14.500023
v -9.141318 0.218100 -14.500023
v -17.340248 6.801790 -2.223209
v -17.340250 9.418615 1.875282
v -9.141317 13.327736 -14.500026
v -13.240734 13.328316 -15.279925
v -13.240733 13.328319 -14.500025
v -17.340248 12.520904 -6.321621
v -9.141319 12.520901 -14.500026
v -17.340250 6.801790 5.973772
v -17.340250 4.085337 5.973773
v -9.141319 4.085333 -14.500025
v -17.340250 12.520903 1.875283
v -13.240732 16.983000 -14.500025
v -9.141318 6.801787 -14.500026
v -9.141319 9.418613 -14.500026
v -5.061940 6.801787 -14.500025
v -13.240734 17.748001 -14.500026
v -9.141316 16.982998 -14.500025
v -9.141318 17.748003 -14.500026
v -17.340250 13.328318 1.875282
v -17.340248 12.520904 -2.223210
v -17.340248 17.748005 -2.223210
v -17.340250 13.328318 -2.223210
v -17.340250 17.748003 1.875281
v -5.061939 12.520901 -14.500026
v -5.061940 9.418613 -14.500026
v 15.993835 0.281689 1.096076
v 15.993858 4.361203 1.096077
v 15.993879 8.441319 1.096076
v 15.993836 0.281689 -5.541663
v 15.993881 8.441319 -5.541664
v 15.351187 0.281689 1.096076
v 15.351189 4.637461 1.096076
v 15.351187 8.993834 1.096075
v 15.351187 0.281689 -2.223206
v 15.993835 0.281690 -2.223207
v 15.351187 0.281690 1.915849
v 15.993902 12.520896 1.096075
v 15.993906 12.520895 -2.223208
v 15.351187 8.993834 1.915849
v 15.351187 4.637459 1.915850
v 15.351187 17.747995 1.875282
v 15.993858 4.361203 -5.541663
v 15.351189 13.328312 1.915850
v 15.351189 8.993839 -5.541663
v 15.351188 12.520895 1.096075
v 15.993904 12.520896 -5.541663
v 15.351191 13.328310 1.875283
v 15.351189 13.328312 -2.223207
v 15.351188 0.281689 -5.541663
v 15.351187 0.281690 -6.361350
v 15.351189 12.520895 -5.541663
v 15.351189 0.218098 -6.321620
v 15.351190 4.085333 -10.420128
v 15.351189 0.218100 -10.420129
v 15.351187 4.637461 -6.361350
v 15.351187 4.637460 -5.541663
v 15.351191 17.747997 -2.223208
v 15.351190 13.328312 -6.321620
v 15.351191 6.801785 -6.321620
v 15.351190 4.085333 -6.321620
v 15.351190 6.801785 -10.420128
v 15.351191 13.328311 -6.361350
v 15.351189 8.993835 -6.361350
v 15.351191 9.418610 -6.321621
v 15.351191 9.418610 -10.420129
v 15.351189 12.520895 -10.420129
v 15.351190 13.328312 -10.420130
v 15.351192 12.520896 -6.321619
v 15.351190 17.747997 -6.321621
v 15.351190 17.747995 -10.420129
vn -0.0000 -1.0000 -0.0000
vn -0.0000 -0.0000 -1.0000
vn -0.0001 1.0000 -0.0000
vn -0.0000 1.0000 -0.0000
vn 1.0000 -0.0000 -0.0000
vn 0.0001 1.0000 -0.0000
vn -1.0000 -0.0000 -0.0000
vn -0.0000 -0.0000 1.0000
vn -0.7814 -0.6212 -0.0596
vt 0.127000 0.978500
vt 0.002000 0.998000
vt 0.021500 0.978500
vt 0.127000 0.998000
vt 0.002000 0.873000
vt 0.021500 0.873000
vt 0.021500 0.986300
vt 0.127000 0.986300
vt 0.127000 0.877000
vt 0.123000 0.474600
vt 0.002000 0.388700
vt 0.002000 0.474600
vt 0.002000 0.314500
vt 0.123000 0.388700
vt 0.123000 0.314500
vt 0.002000 0.236300
vt 0.123000 0.127000
vt 0.002000 0.127000
vt 0.998000 0.853500
vt 0.873000 0.873000
vt 0.998000 0.873000
vt 0.002000 0.853500
vt 0.127000 0.873000
vt 0.127000 0.853500
vt 0.002000 0.763700
vt 0.127000 0.689500
vt 0.002000 0.689500
vt 0.127000 0.611300
vt 0.002000 0.611300
vt 0.002000 0.502000
vt 0.127000 0.502000
vt 0.252000 0.998000
vt 0.252000 0.877000
vt 0.627000 0.849600
vt 0.502000 0.763700
vt 0.502000 0.849600
vt 0.627000 0.853500
vt 0.752000 0.873000
vt 0.752000 0.853500
vt 0.502000 0.689500
vt 0.627000 0.763700
vt 0.627000 0.689500
vt 0.252000 0.978500
vt 0.021500 0.998000
vt 0.252000 0.853500
vt 0.252000 0.873000
vt 0.252000 0.502000
vt 0.252000 0.611300
vt 0.252000 0.689500
vt 0.127000 0.763700
vt 0.252000 0.763700
vt 0.377000 0.806600
vt 0.377000 0.763700
vt 0.377000 0.697300
vt 0.377000 0.689500
vt 0.377000 0.873000
vt 0.377000 0.853500
vt 0.377000 0.502000
vt 0.377000 0.978500
vt 0.377000 0.998000
vt 0.974600 0.877000
vt 0.826200 0.935500
vt 0.974600 0.935500
vt 0.502000 0.697300
vt 0.502000 0.873000
vt 0.502000 0.853500
vt 0.502000 0.806600
vt 0.502000 0.611300
vt 0.502000 0.502000
vt 0.377000 0.611300
vt 0.826200 0.877000
vt 0.123000 0.998000
vt 0.002000 0.877000
vt 0.123000 0.877000
vt 0.998000 0.849600
vt 0.877000 0.763700
vt 0.877000 0.849600
vt 0.873000 0.853500
vt 0.127000 0.752000
vt 0.002000 0.752000
vt 0.564500 0.998000
vt 0.564500 0.877000
vt 0.580100 0.955100
vt 0.998000 0.689500
vt 0.998000 0.763700
vt 0.127000 0.123000
vt 0.189500 0.002000
vt 0.127000 0.002000
vt 0.642600 0.955100
vt 0.748000 0.877000
vt 0.748000 0.955100
vt 0.373000 0.123000
vt 0.267600 0.002000
vt 0.267600 0.123000
vt 0.252000 0.752000
vt 0.748000 0.998000
vt 0.642600 0.998000
vt 0.752000 0.998000
vt 0.814500 0.955100
vt 0.752000 0.877000
vt 0.814500 0.877000
vt 0.998000 0.877000
vt 0.892600 0.939500
vt 0.998000 0.939500
vt 0.892600 0.955100
vt 0.998000 0.998000
vt 0.998000 0.955100
vt 0.814500 0.998000
vt 0.377000 0.752000
vt 0.502000 0.752000
vt 0.627000 0.873000
vt 0.627000 0.502000
vt 0.627000 0.752000
vt 0.439500 0.252000
vt 0.623000 0.435500
vt 0.623000 0.252000
vt 0.439500 0.002000
vt 0.623000 0.185500
vt 0.439500 0.185500
vt 0.439500 0.310500
vt 0.623000 0.127000
vt 0.623000 0.310500
vt 0.439500 0.314500
vt 0.623000 0.498000
vt 0.439500 0.498000
vt 0.623000 0.002000
vt 0.439500 0.435500
vt 0.439500 0.127000
vt 0.623000 0.314500
vt 0.998000 0.002000
vt 0.877000 0.127000
vt 0.998000 0.127000
vt 0.752000 0.002000
vt 0.877000 0.002000
vt 0.998000 0.248000
vt 0.752000 0.127000
vt 0.627000 0.002000
vt 0.627000 0.127000
vt 0.877000 0.248000
vt 0.752000 0.248000
vt 0.627000 0.248000
vt 0.877000 0.502000
vt 0.998000 0.611300
vt 0.998000 0.502000
vt 0.877000 0.611300
vt 0.877000 0.689500
vt 0.127000 0.849600
vt 0.877000 0.853500
vt 0.752000 0.502000
vt 0.752000 0.611300
vt 0.252000 0.236300
vt 0.127000 0.127000
vt 0.127000 0.236300
vt 0.752000 0.689500
vt 0.252000 0.314500
vt 0.127000 0.314500
vt 0.752000 0.763700
vt 0.127000 0.388700
vt 0.252000 0.388700
vt 0.627000 0.611300
vt 0.252000 0.474600
vt 0.877000 0.873000
vt 0.877000 0.752000
vt 0.998000 0.752000
vt 0.252000 0.849600
vt 0.752000 0.752000
vt 0.377000 0.849600
vt 0.498000 0.998000
vt 0.377000 0.877000
vt 0.252000 0.490200
vt 0.334000 0.509800
vt 0.252000 0.509800
vt 0.103500 0.127000
vt 0.123000 0.252000
vt 0.103500 0.252000
vt 0.123000 0.377000
vt 0.123000 0.478500
vt 0.103500 0.377000
vt 0.103500 0.478500
vt 0.134800 0.853500
vt 0.084000 0.873000
vt 0.134800 0.873000
vt 0.103500 0.498000
vt 0.099600 0.873000
vt 0.017600 0.853500
vt 0.248000 0.236300
vt 0.373000 0.127000
vt 0.248000 0.127000
vt 0.248000 0.314500
vt 0.373000 0.236300
vt 0.373000 0.314500
vt 0.248000 0.388700
vt 0.373000 0.388700
vt 0.373000 0.474600
vt 0.248000 0.474600
vt 0.123000 0.236300
vt 0.189500 0.123000
vt 0.642600 0.877000
vt 0.373000 0.002000
vt 0.892600 0.877000
vt 0.892600 0.998000
vt 0.002000 0.849600
vt 0.252000 0.127000
vt 0.127000 0.474600
vt 0.498000 0.877000
vt 0.334000 0.490200
s 1
usemtl 6BAEF3850EA1C5D4735795D7E1F068B9
f 1881/415/1106 1883/416/1106 1882/417/1106
f 1885/418/1106 1883/419/1106 1884/420/1106
f 1875/421/1106 1888/422/1106 1874/423/1106
f 1875/424/1106 1876/425/1106 1902/426/1106
f 1890/427/1112 1889/420/1112 1894/419/1112
f 1892/417/1112 1889/428/1112 1893/415/1112
f 1896/421/1106 1898/422/1106 1895/423/1106
f 1897/415/1106 1899/416/1106 1898/417/1106
f 1900/420/1106 1901/427/1106 1899/419/1106
f 1903/425/1112 1904/424/1112 1912/426/1112
f 1911/423/1112 1914/429/1112 1904/421/1112
f 1916/416/1112 1914/415/1112 1913/417/1112
f 1916/419/1112 1880/418/1112 1915/420/1112
f 1905/422/1112 1906/421/1112 1877/423/1112
f 1879/425/1112 1906/424/1112 1880/426/1112
f 1908/426/1106 1909/430/1106 1907/425/1106
f 1881/415/1106 1884/428/1106 1883/416/1106
f 1885/418/1106 1886/427/1106 1883/419/1106
f 1875/421/1106 1887/429/1106 1888/422/1106
f 1875/424/1106 1874/430/1106 1876/425/1106
f 1890/427/1112 1891/418/1112 1889/420/1112
f 1892/417/1112 1894/416/1112 1889/428/1112
f 1896/421/1106 1897/429/1106 1898/422/1106
f 1897/415/1106 1900/428/1106 1899/416/1106
f 1900/420/1106 1902/418/1106 1901/427/1106
f 1903/425/1112 1911/430/1112 1904/424/1112
f 1911/423/1112 1913/422/1112 1914/429/1112
f 1916/416/1112 1915/428/1112 1914/415/1112
f 1916/419/1112 1917/427/1112 1880/418/1112
f 1905/422/1112 1878/429/1112 1906/421/1112
f 1879/425/1112 1877/430/1112 1906/424/1112
f 1908/426/1106 1910/424/1106 1909/430/1106
usemtl A24A288B2F89A54B68DF9A69BEEF22FE
f 1724/302/1105 1695/303/1105 1689/304/1105
f 1723/305/1106 1689/304/1106 1692/303/1106
f 1690/306/1106 1689/304/1106 1691/307/1106
f 1693/305/1107 1694/308/1108 1759/309/1107
f 1691/307/1109 1695/303/1109 1694/306/1109
f 1696/303/1109 1718/310/1109 1716/305/1109
f 1704/311/1109 1719/312/1109 1698/313/1109
f 1766/314/1109 1699/315/1109 1702/316/1109
f 1767/317/1109 1701/318/1109 1700/319/1109
f 1702/316/1109 1767/317/1109 1766/314/1109
f 1704/320/1109 1718/321/1109 1697/322/1109
f 1711/323/1106 1705/324/1106 1712/325/1106
f 1707/326/1106 1729/327/1106 1708/328/1106
f 1708/328/1106 1727/329/1106 1710/330/1106
f 1709/331/1106 1727/329/1106 1726/332/1106
f 1712/325/1106 1707/326/1106 1711/323/1106
f 1714/333/1109 1718/310/1109 1715/334/1109
f 1698/335/1109 1721/336/1109 1717/337/1109
f 1717/338/1109 1718/339/1109 1698/340/1109
f 1720/341/1109 1719/342/1109 1766/343/1109
f 1731/333/1105 1724/302/1105 1730/344/1105
f 1693/345/1107 1733/309/1108 1722/305/1108
f 1723/305/1106 1730/344/1106 1724/302/1106
f 1739/346/1106 1705/324/1106 1740/347/1106
f 1741/348/1106 1727/329/1106 1725/349/1106
f 1737/350/1106 1727/329/1106 1729/327/1106
f 1737/350/1106 1713/351/1106 1728/352/1106
f 1712/325/1106 1728/352/1106 1713/351/1106
f 1736/302/1105 1731/333/1105 1730/344/1105
f 1733/308/1108 1747/305/1110 1722/345/1108
f 1735/333/1106 1736/302/1106 1730/344/1106
f 1728/352/1106 1751/353/1106 1752/354/1106
f 1753/355/1106 1743/356/1106 1737/350/1106
f 1739/346/1106 1755/357/1106 1738/358/1106
f 1739/346/1106 1738/358/1106 1751/353/1106
f 1725/349/1106 1742/359/1106 1741/348/1106
f 1743/356/1106 1725/349/1106 1737/350/1106
f 1728/352/1106 1753/355/1106 1737/350/1106
f 1736/360/1105 1745/333/1105 1732/361/1105
f 1747/345/1110 1760/309/1108 1746/305/1108
f 1749/333/1106 1736/360/1106 1748/361/1106
f 1757/362/1106 1751/363/1106 1750/364/1106
f 1763/341/1106 1753/355/1106 1764/365/1106
f 1738/358/1106 1754/366/1106 1765/367/1106
f 1738/358/1106 1750/368/1106 1751/353/1106
f 1742/359/1106 1761/369/1106 1762/370/1106
f 1763/341/1106 1756/371/1106 1743/356/1106
f 1752/372/1106 1764/364/1106 1753/363/1106
f 1772/303/1111 1776/307/1111 1778/304/1111
f 1772/303/1105 1774/302/1105 1773/305/1105
f 1770/308/1108 1776/305/1108 1775/309/1108
f 1779/305/1112 1778/304/1112 1777/303/1112
f 1780/306/1112 1778/304/1112 1776/307/1112
f 1781/373/1111 1785/374/1111 1812/375/1111
f 1783/376/1111 1813/377/1111 1771/378/1111
f 1771/379/1111 1785/322/1111 1783/320/1111
f 1805/325/1112 1787/306/1112 1806/324/1112
f 1786/323/1112 1811/380/1112 1788/381/1112
f 1810/382/1113 1790/383/1113 1789/384/1113
f 1790/385/1111 1813/377/1111 1784/386/1111
f 1811/387/1112 1792/388/1112 1788/389/1112
f 1809/390/1111 1794/391/1111 1793/392/1111
f 1796/393/1112 1799/394/1112 1797/395/1112
f 1773/305/1105 1824/344/1105 1800/333/1105
f 1770/309/1108 1814/345/1108 1802/305/1108
f 1774/302/1112 1803/333/1112 1824/344/1112
f 1805/325/1112 1826/347/1112 1804/346/1112
f 1805/325/1112 1807/396/1112 1811/380/1112
f 1809/390/1111 1808/397/1111 1818/398/1111
f 1810/382/1111 1809/390/1111 1818/398/1111
f 1807/399/1112 1823/400/1112 1811/401/1112
f 1823/400/1112 1791/402/1112 1811/401/1112
f 1796/403/1112 1819/404/1112 1820/405/1112
f 1815/308/1108 1814/305/1108 1801/309/1108
f 1800/333/1105 1817/360/1105 1832/361/1105
f 1819/406/1112 1822/407/1112 1820/408/1112
f 1829/409/1112 1819/406/1112 1823/400/1112
f 1824/344/1112 1836/361/1112 1817/360/1112
f 1827/358/1112 1826/347/1112 1825/357/1112
f 1807/396/1112 1827/358/1112 1828/410/1112
f 1840/356/1112 1807/396/1112 1828/410/1112
f 1840/356/1112 1821/349/1112 1829/350/1112
f 1821/349/1112 1841/359/1112 1822/348/1112
f 1832/361/1105 1834/344/1105 1833/333/1105
f 1769/308/1108 1816/305/1108 1815/309/1108
f 1817/360/1112 1835/333/1112 1834/344/1112
f 1827/358/1112 1837/366/1112 1839/367/1112
f 1828/410/1112 1839/367/1112 1838/411/1112
f 1840/356/1112 1838/411/1112 1768/341/1112
f 1847/308/1108 1864/305/1108 1872/309/1108
f 1842/340/1112 1865/412/1112 1849/339/1112
f 1851/369/1112 1853/413/1112 1852/370/1112
f 1846/305/1105 1855/344/1105 1871/333/1105
f 1843/343/1112 1851/369/1112 1854/341/1112
f 1855/344/1112 1857/305/1112 1845/333/1112
f 1854/341/1112 1858/414/1112 1843/343/1112
f 1859/411/1112 1850/338/1112 1858/414/1112
f 1872/308/1108 1863/305/1108 1862/309/1108
f 1850/338/1112 1873/366/1112 1865/412/1112
f 1866/359/1112 1851/369/1112 1852/370/1112
f 1861/333/1105 1856/302/1105 1846/305/1105
f 1854/341/1112 1867/371/1112 1868/356/1112
f 1869/344/1112 1857/305/1112 1856/302/1112
f 1933/332/1111 1935/330/1111 1938/329/1111
f 1937/443/1106 1939/444/1106 1936/445/1106
f 1942/328/1111 1938/329/1111 1935/330/1111
f 1944/385/1106 1949/446/1106 1967/447/1106
f 1942/328/1111 1941/351/1111 1940/327/1111
f 1967/447/1106 1945/386/1106 1944/385/1106
f 1943/326/1111 1974/448/1111 1941/351/1111
f 1969/449/1106 1945/386/1106 1968/377/1106
f 1949/446/1106 1948/450/1106 1962/451/1106
f 1952/307/1111 1950/303/1111 1966/304/1111
f 1972/345/1108 1951/309/1108 1952/305/1108
f 1974/325/1111 1953/306/1111 1957/324/1111
f 1969/449/1106 1954/322/1106 1947/320/1106
f 1956/373/1111 1953/374/1111 1955/303/1111
f 1959/306/1106 1966/304/1106 1958/303/1106
f 1964/452/1111 1933/453/1111 1938/454/1111
f 1967/447/1106 1962/451/1106 1961/455/1106
f 1977/302/1105 1950/303/1105 1978/305/1105
f 1963/456/1111 1938/454/1111 1940/457/1111
f 1965/305/1106 1966/304/1106 1977/302/1106
f 1967/447/1106 1970/458/1106 1968/377/1106
f 1968/377/1106 1986/340/1106 1969/449/1106
f 1963/456/1111 1941/459/1111 1971/460/1111
f 1988/308/1108 1972/305/1108 1987/345/1108
f 1992/461/1106 1948/450/1106 1993/413/1106
f 1941/459/1111 1979/462/1111 1971/460/1111
f 1986/340/1106 1975/463/1106 1969/449/1106
f 1977/302/1105 1976/333/1105 1998/344/1105
f 1962/451/1106 1983/343/1106 1961/455/1106
f 1979/323/1111 1957/324/1111 1980/306/1111
f 1980/334/1111 1956/305/1111 1981/333/1111
f 1977/302/1106 1982/333/1106 1965/305/1106
f 1983/343/1106 1970/458/1106 1961/455/1106
f 1986/340/1106 1984/342/1106 1985/338/1106
f 2000/345/1108 1988/309/1108 1987/305/1108
f 1992/461/1106 1991/370/1106 1990/369/1106
f 1986/340/1106 2003/412/1106 1994/339/1106
f 1998/344/1105 1995/361/1105 1997/360/1105
f 1983/343/1106 1990/369/1106 1996/341/1106
f 1982/333/1106 1997/360/1106 2008/361/1106
f 1984/342/1106 1999/365/1106 1932/336/1106
f 1983/343/1106 1996/341/1106 1999/365/1106
f 1984/342/1106 1930/368/1106 1985/338/1106
f 2001/345/1108 1989/309/1108 2000/305/1108
f 2004/367/1106 2003/412/1106 1985/338/1106
f 1930/368/1106 2004/367/1106 1985/338/1106
f 1997/360/1105 2006/333/1105 2005/344/1105
f 2007/333/1106 1997/360/1106 2005/344/1106
f 2020/332/1109 2017/330/1109 2019/329/1109
f 2016/445/1112 2042/446/1112 2018/444/1112
f 2027/327/1109 2017/330/1109 2023/328/1109
f 2025/385/1112 2042/446/1112 2041/447/1112
f 2021/349/1109 2020/332/1109 2019/329/1109
f 2023/328/1109 2022/351/1109 2027/327/1109
f 2025/385/1112 2028/464/1112 2026/465/1112
f 2046/350/1109 2019/329/1109 2027/327/1109
f 2024/326/1109 2047/448/1109 2022/351/1109
f 2029/320/1112 2028/464/1112 2037/449/1112
f 2030/348/1109 2048/371/1109 2049/359/1109
f 2070/451/1112 2031/443/1112 2060/450/1112
f 2027/327/1109 2032/352/1109 2046/350/1109
f 2047/325/1109 2035/306/1109 2033/324/1109
f 2029/320/1112 2038/463/1112 2036/322/1112
f 2039/306/1112 2051/304/1112 2050/303/1112
f 2040/303/1109 2033/310/1109 2035/374/1109
f 2073/455/1112 2042/446/1112 2070/451/1112
f 2064/309/1110 2044/345/1108 2065/305/1110
f 2045/303/1109 2044/307/1109 2043/306/1109
f 2046/350/1109 2048/371/1109 2021/349/1109
f 2022/351/1109 2066/466/1109 2032/352/1109
f 2056/369/1109 2049/359/1109 2048/371/1109
f 2046/350/1109 2055/354/1109 2061/356/1109
f 2041/447/1112 2074/467/1112 2028/464/1112
f 2047/346/1109 2054/357/1109 2066/358/1109
f 2014/305/1105 2051/304/1105 2045/303/1105
f 2076/305/1112 2051/304/1112 2072/302/1112
f 2052/333/1109 2033/310/1109 2053/305/1109
f 2009/341/1109 2048/371/1109 2061/356/1109
f 2032/352/1109 2080/468/1109 2055/354/1109
f 2069/461/1109 2057/370/1109 2056/369/1109
f 2028/464/1112 2067/340/1112 2037/449/1112
f 2070/451/1112 2059/413/1112 2010/461/1112
f 2055/354/1109 2009/341/1109 2061/356/1109
f 2064/308/1110 2063/305/1110 2013/309/1110
f 2066/358/1109 2082/366/1109 2080/367/1109
f 2037/449/1112 2011/339/1112 2038/463/1112
f 2081/361/1109 2054/334/1109 2052/333/1109
f 2009/341/1109 2069/461/1109 2056/369/1109
f 2073/455/1112 2010/461/1112 2075/343/1112
f 2062/336/1109 2080/468/1109 2071/337/1109
f 2012/333/1105 2072/302/1105 2014/305/1105
f 2075/343/1112 2074/467/1112 2073/455/1112
f 2072/302/1112 2078/333/1112 2076/305/1112
f 2080/367/1109 2079/412/1109 2071/338/1109
f 2083/469/1109 2082/470/1109 2081/361/1109
f 2067/340/1112 2085/414/1112 2084/338/1112
f 2086/471/1108 2094/472/1108 2091/473/1108
f 2091/474/1106 2087/475/1106 2086/318/1106
f 2092/476/1106 2088/477/1106 2087/475/1106
f 2095/471/1108 2109/472/1108 2094/473/1108
f 2091/474/1111 2100/475/1111 2092/476/1111
f 2097/478/1106 2093/479/1106 2105/480/1106
f 2099/477/1111 2092/476/1111 2100/475/1111
f 2109/474/1112 2102/475/1112 2116/476/1112
f 2105/481/1105 2098/482/1105 2097/483/1105
f 2099/477/1111 2105/484/1111 2093/479/1111
f 2116/476/1112 2090/477/1112 2104/479/1112
f 2103/306/1111 2108/485/1111 2105/486/1111
f 2111/485/1105 2106/306/1105 2098/486/1105
f 2101/333/1111 2108/470/1111 2107/334/1111
f 2116/476/1111 2110/318/1111 2109/474/1111
f 2106/478/1112 2104/479/1112 2090/477/1112
f 2108/482/1111 2111/486/1111 2105/481/1111
f 2120/487/1111 2114/488/1111 2112/489/1111
f 2123/477/1111 2116/476/1111 2104/479/1111
f 2129/469/1111 2108/470/1111 2117/361/1111
f 2119/490/1111 2113/491/1111 2120/487/1111
f 2108/485/1111 2122/306/1111 2111/486/1111
f 2121/492/1111 2124/493/1111 2125/494/1111
f 2123/477/1111 2111/484/1111 2122/478/1111
f 2126/495/1111 2124/493/1111 2128/496/1111
f 2126/379/1111 2118/322/1111 2127/321/1111
f 2130/305/1111 2118/334/1111 2129/333/1111
f 1790/383/1111 1809/390/1111 1789/384/1111
f 1724/302/1105 1758/305/1105 1695/303/1105
f 1723/305/1106 1724/302/1106 1689/304/1106
f 1690/306/1106 1692/303/1106 1689/304/1106
f 1693/305/1107 1691/345/1108 1694/308/1108
f 1691/307/1109 1689/304/1109 1695/303/1109
f 1696/303/1109 1697/374/1109 1718/310/1109
f 1704/311/1109 1699/315/1109 1719/312/1109
f 1766/314/1109 1719/312/1109 1699/315/1109
f 1767/317/1109 1703/497/1109 1701/318/1109
f 1702/316/1109 1703/497/1109 1767/317/1109
f 1704/320/1109 1698/379/1109 1718/321/1109
f 1711/323/1106 1706/306/1106 1705/324/1106
f 1707/326/1106 1713/351/1106 1729/327/1106
f 1708/328/1106 1729/327/1106 1727/329/1106
f 1709/331/1106 1710/330/1106 1727/329/1106
f 1712/325/1106 1713/351/1106 1707/326/1106
f 1714/333/1109 1716/305/1109 1718/310/1109
f 1698/335/1109 1719/342/1109 1721/336/1109
f 1717/338/1109 1715/412/1109 1718/339/1109
f 1720/341/1109 1721/336/1109 1719/342/1109
f 1731/333/1105 1758/305/1105 1724/302/1105
f 1693/345/1107 1759/308/1107 1733/309/1108
f 1723/305/1106 1735/333/1106 1730/344/1106
f 1739/346/1106 1712/325/1106 1705/324/1106
f 1741/348/1106 1726/332/1106 1727/329/1106
f 1737/350/1106 1725/349/1106 1727/329/1106
f 1737/350/1106 1729/327/1106 1713/351/1106
f 1712/325/1106 1739/346/1106 1728/352/1106
f 1736/302/1105 1732/305/1105 1731/333/1105
f 1733/308/1108 1734/309/1110 1747/305/1110
f 1735/333/1106 1748/305/1106 1736/302/1106
f 1728/352/1106 1739/346/1106 1751/353/1106
f 1739/346/1106 1740/347/1106 1755/357/1106
f 1725/349/1106 1756/371/1106 1742/359/1106
f 1743/356/1106 1756/371/1106 1725/349/1106
f 1728/352/1106 1752/354/1106 1753/355/1106
f 1736/360/1105 1744/344/1105 1745/333/1105
f 1747/345/1110 1734/308/1110 1760/309/1108
f 1749/333/1106 1744/344/1106 1736/360/1106
f 1757/362/1106 1752/372/1106 1751/363/1106
f 1763/341/1106 1743/356/1106 1753/355/1106
f 1738/358/1106 1755/357/1106 1754/366/1106
f 1738/358/1106 1765/367/1106 1750/368/1106
f 1742/359/1106 1756/371/1106 1761/369/1106
f 1763/341/1106 1761/369/1106 1756/371/1106
f 1752/372/1106 1757/362/1106 1764/364/1106
f 1772/303/1111 1775/306/1111 1776/307/1111
f 1772/303/1105 1778/304/1105 1774/302/1105
f 1770/308/1108 1802/345/1108 1776/305/1108
f 1779/305/1112 1774/302/1112 1778/304/1112
f 1780/306/1112 1777/303/1112 1778/304/1112
f 1781/373/1111 1782/303/1111 1785/374/1111
f 1783/376/1111 1784/386/1111 1813/377/1111
f 1771/379/1111 1812/321/1111 1785/322/1111
f 1805/325/1112 1786/323/1112 1787/306/1112
f 1786/323/1112 1805/325/1112 1811/380/1112
f 1790/385/1111 1810/447/1111 1813/377/1111
f 1811/387/1112 1791/498/1112 1792/388/1112
f 1809/390/1111 1795/499/1111 1794/391/1111
f 1796/393/1112 1798/500/1112 1799/394/1112
f 1773/305/1105 1774/302/1105 1824/344/1105
f 1770/309/1108 1801/308/1108 1814/345/1108
f 1774/302/1112 1779/305/1112 1803/333/1112
f 1805/325/1112 1806/324/1112 1826/347/1112
f 1805/325/1112 1804/346/1112 1807/396/1112
f 1809/390/1111 1793/392/1111 1808/397/1111
f 1810/382/1111 1789/384/1111 1809/390/1111
f 1807/399/1112 1829/409/1112 1823/400/1112
f 1796/403/1112 1797/501/1112 1819/404/1112
f 1815/308/1108 1816/345/1108 1814/305/1108
f 1800/333/1105 1824/344/1105 1817/360/1105
f 1819/406/1112 1821/502/1112 1822/407/1112
f 1829/409/1112 1821/502/1112 1819/406/1112
f 1824/344/1112 1803/333/1112 1836/361/1112
f 1827/358/1112 1804/346/1112 1826/347/1112
f 1807/396/1112 1804/346/1112 1827/358/1112
f 1840/356/1112 1829/350/1112 1807/396/1112
f 1840/356/1112 1830/371/1112 1821/349/1112
f 1821/349/1112 1830/371/1112 1841/359/1112
f 1832/361/1105 1817/360/1105 1834/344/1105
f 1769/308/1108 1831/345/1108 1816/305/1108
f 1817/360/1112 1836/361/1112 1835/333/1112
f 1827/358/1112 1825/357/1112 1837/366/1112
f 1828/410/1112 1827/358/1112 1839/367/1112
f 1840/356/1112 1828/410/1112 1838/411/1112
f 1847/308/1108 1848/345/1108 1864/305/1108
f 1842/340/1112 1850/338/1112 1865/412/1112
f 1851/369/1112 1844/461/1112 1853/413/1112
f 1846/305/1105 1856/302/1105 1855/344/1105
f 1843/343/1112 1844/461/1112 1851/369/1112
f 1855/344/1112 1856/302/1112 1857/305/1112
f 1854/341/1112 1859/411/1112 1858/414/1112
f 1859/411/1112 1860/367/1112 1850/338/1112
f 1872/308/1108 1864/345/1108 1863/305/1108
f 1850/338/1112 1860/367/1112 1873/366/1112
f 1866/359/1112 1867/371/1112 1851/369/1112
f 1861/333/1105 1869/344/1105 1856/302/1105
f 1854/341/1112 1851/369/1112 1867/371/1112
f 1869/344/1112 1870/333/1112 1857/305/1112
f 1933/332/1111 1934/331/1111 1935/330/1111
f 1937/443/1106 1949/446/1106 1939/444/1106
f 1942/328/1111 1940/327/1111 1938/329/1111
f 1944/385/1106 1939/444/1106 1949/446/1106
f 1942/328/1111 1943/326/1111 1941/351/1111
f 1967/447/1106 1968/377/1106 1945/386/1106
f 1943/326/1111 1946/503/1111 1974/448/1111
f 1969/449/1106 1947/320/1106 1945/386/1106
f 1949/446/1106 1937/443/1106 1948/450/1106
f 1952/307/1111 1951/306/1111 1950/303/1111
f 1972/345/1108 1973/308/1108 1951/309/1108
f 1974/325/1111 1946/323/1111 1953/306/1111
f 1969/449/1106 1975/463/1106 1954/322/1106
f 1956/373/1111 1957/375/1111 1953/374/1111
f 1959/306/1106 1952/307/1106 1966/304/1106
f 1964/452/1111 1960/504/1111 1933/453/1111
f 1967/447/1106 1949/446/1106 1962/451/1106
f 1977/302/1105 1966/304/1105 1950/303/1105
f 1963/456/1111 1964/452/1111 1938/454/1111
f 1965/305/1106 1958/303/1106 1966/304/1106
f 1967/447/1106 1961/455/1106 1970/458/1106
f 1968/377/1106 1970/458/1106 1986/340/1106
f 1963/456/1111 1940/457/1111 1941/459/1111
f 1988/308/1108 1973/309/1108 1972/305/1108
f 1992/461/1106 1962/451/1106 1948/450/1106
f 1941/459/1111 1974/505/1111 1979/462/1111
f 1986/340/1106 1994/339/1106 1975/463/1106
f 1977/302/1105 1978/305/1105 1976/333/1105
f 1962/451/1106 1992/461/1106 1983/343/1106
f 1979/323/1111 1974/325/1111 1957/324/1111
f 1980/334/1111 1957/310/1111 1956/305/1111
f 1977/302/1106 1998/344/1106 1982/333/1106
f 1983/343/1106 1984/342/1106 1970/458/1106
f 1986/340/1106 1970/458/1106 1984/342/1106
f 2000/345/1108 1989/308/1108 1988/309/1108
f 1992/461/1106 1993/413/1106 1991/370/1106
f 1986/340/1106 1985/338/1106 2003/412/1106
f 1998/344/1105 1976/333/1105 1995/361/1105
f 1983/343/1106 1992/461/1106 1990/369/1106
f 1982/333/1106 1998/344/1106 1997/360/1106
f 1984/342/1106 1983/343/1106 1999/365/1106
f 1984/342/1106 1932/336/1106 1930/368/1106
f 2001/345/1108 2002/308/1108 1989/309/1108
f 2004/367/1106 1931/366/1106 2003/412/1106
f 1997/360/1105 1995/361/1105 2006/333/1105
f 2007/333/1106 2008/361/1106 1997/360/1106
f 2020/332/1109 2015/331/1109 2017/330/1109
f 2016/445/1112 2031/443/1112 2042/446/1112
f 2027/327/1109 2019/329/1109 2017/330/1109
f 2025/385/1112 2018/444/1112 2042/446/1112
f 2021/349/1109 2030/348/1109 2020/332/1109
f 2023/328/1109 2024/326/1109 2022/351/1109
f 2025/385/1112 2041/447/1112 2028/464/1112
f 2046/350/1109 2021/349/1109 2019/329/1109
f 2024/326/1109 2034/503/1109 2047/448/1109
f 2029/320/1112 2026/465/1112 2028/464/1112
f 2030/348/1109 2021/349/1109 2048/371/1109
f 2070/451/1112 2042/446/1112 2031/443/1112
f 2027/327/1109 2022/351/1109 2032/352/1109
f 2047/325/1109 2034/323/1109 2035/306/1109
f 2029/320/1112 2037/449/1112 2038/463/1112
f 2039/306/1112 2044/307/1112 2051/304/1112
f 2040/303/1109 2053/305/1109 2033/310/1109
f 2073/455/1112 2041/447/1112 2042/446/1112
f 2064/309/1110 2043/308/1108 2044/345/1108
f 2045/303/1109 2051/304/1109 2044/307/1109
f 2046/350/1109 2061/356/1109 2048/371/1109
f 2022/351/1109 2047/448/1109 2066/466/1109
f 2056/369/1109 2057/370/1109 2049/359/1109
f 2046/350/1109 2032/352/1109 2055/354/1109
f 2041/447/1112 2073/455/1112 2074/467/1112
f 2047/346/1109 2033/347/1109 2054/357/1109
f 2014/305/1105 2072/302/1105 2051/304/1105
f 2076/305/1112 2050/303/1112 2051/304/1112
f 2052/333/1109 2054/334/1109 2033/310/1109
f 2009/341/1109 2056/369/1109 2048/371/1109
f 2032/352/1109 2066/466/1109 2080/468/1109
f 2069/461/1109 2058/413/1109 2057/370/1109
f 2028/464/1112 2074/467/1112 2067/340/1112
f 2070/451/1112 2060/450/1112 2059/413/1112
f 2055/354/1109 2062/336/1109 2009/341/1109
f 2064/308/1110 2065/345/1110 2063/305/1110
f 2066/358/1109 2054/357/1109 2082/366/1109
f 2037/449/1112 2067/340/1112 2011/339/1112
f 2081/361/1109 2082/470/1109 2054/334/1109
f 2009/341/1109 2068/343/1109 2069/461/1109
f 2073/455/1112 2070/451/1112 2010/461/1112
f 2062/336/1109 2055/354/1109 2080/468/1109
f 2012/333/1105 2077/344/1105 2072/302/1105
f 2075/343/1112 2085/414/1112 2074/467/1112
f 2072/302/1112 2077/344/1112 2078/333/1112
f 2080/367/1109 2082/366/1109 2079/412/1109
f 2083/469/1109 2079/506/1109 2082/470/1109
f 2067/340/1112 2074/467/1112 2085/414/1112
f 2086/471/1108 2095/507/1108 2094/472/1108
f 2091/474/1106 2092/476/1106 2087/475/1106
f 2092/476/1106 2093/479/1106 2088/477/1106
f 2095/471/1108 2089/507/1108 2109/472/1108
f 2091/474/1111 2096/318/1111 2100/475/1111
f 2097/478/1106 2088/477/1106 2093/479/1106
f 2099/477/1111 2093/479/1111 2092/476/1111
f 2109/474/1112 2089/318/1112 2102/475/1112
f 2105/481/1105 2111/486/1105 2098/482/1105
f 2099/477/1111 2103/478/1111 2105/484/1111
f 2116/476/1112 2102/475/1112 2090/477/1112
f 2101/333/1111 2117/361/1111 2108/470/1111
f 2116/476/1111 2115/475/1111 2110/318/1111
f 2106/478/1112 2111/480/1112 2104/479/1112
f 2120/487/1111 2113/491/1111 2114/488/1111
f 2123/477/1111 2115/475/1111 2116/476/1111
f 2129/469/1111 2118/506/1111 2108/470/1111
f 2119/490/1111 2121/492/1111 2113/491/1111
f 2121/492/1111 2119/490/1111 2124/493/1111
f 2123/477/1111 2104/479/1111 2111/484/1111
f 2126/495/1111 2125/494/1111 2124/493/1111
f 2126/379/1111 2128/320/1111 2118/322/1111
f 2130/305/1111 2127/310/1111 2118/334/1111
f 1790/383/1111 1795/499/1111 1809/390/1111
usemtl 0DFDA5D7E937E9CA2C8C11E019070541
f 1918/431/1111 1922/432/1111 1925/433/1111
f 1920/434/1111 1922/432/1111 1919/435/1111
f 1922/432/1111 1921/436/1111 1925/433/1111
f 1923/437/1111 1926/438/1111 1927/439/1111
f 1928/440/1111 1923/437/1111 1924/441/1111
f 1929/442/1111 1923/437/1111 1927/439/1111
f 1918/431/1111 1919/435/1111 1922/432/1111
f 1920/434/1111 1923/437/1111 1922/432/1111
f 1922/432/1111 1928/440/1111 1921/436/1111
f 1923/437/1111 1920/434/1111 1926/438/1111
f 1928/440/1111 1922/432/1111 1923/437/1111
f 1929/442/1111 1924/441/1111 1923/437/1111
o Roof
v -9.142178 17.684555 -14.561157
v -5.062680 17.684555 -10.422276
v -13.241632 17.684557 -10.422273
v -9.142178 17.684557 -10.422275
v -13.241632 18.768162 -10.422276
v -13.241632 17.684557 -6.322933
v -0.963270 17.684555 -14.561160
v -5.062684 17.684557 -14.561160
v -0.963270 17.684555 -10.422276
v -9.142179 18.768162 -10.422275
v -13.241631 17.684557 -2.223997
v -13.241632 18.768162 -6.322934
v -13.241631 18.768162 -2.223998
v -5.062682 18.768162 -10.422276
v -0.963270 18.768162 -10.422276
v -9.142179 18.768162 -10.422275
v -9.142177 18.768162 -6.322935
v -5.062682 18.768162 -10.422276
v -0.963269 18.768160 -6.322935
v -0.963270 18.768162 -10.422276
v -5.062679 18.768162 -6.322935
v -5.062678 18.768164 -2.223998
v 3.136392 18.768160 -6.322936
v 3.136393 18.768162 -2.223999
v -0.963268 18.768162 -2.223998
v -0.963266 18.768162 1.874876
v 3.136394 18.768162 1.874876
v 15.474380 17.684551 -14.561160
v 11.335128 17.684553 -14.561159
v 7.235792 17.684553 -10.422276
v 15.474382 17.684553 -10.422274
v 7.235788 17.684553 -14.561160
v 11.335130 18.768158 -10.422279
v 11.335131 17.684553 -10.422277
v 11.335131 18.768158 -6.322937
v 3.136388 17.684553 -14.561160
v -0.963270 17.684553 -14.561159
v 15.474384 17.684553 -6.322937
v 11.335131 17.684553 -6.322937
v 11.335132 17.684553 -2.224001
v 7.235792 18.768158 -10.422276
v 3.136391 17.684553 -10.422277
v 11.335133 18.768158 -2.224000
v 3.136390 18.768158 -10.422276
v -0.963271 18.768160 -10.422276
v -0.963271 17.684553 -10.422276
v 11.335130 18.768158 -10.422279
v 11.335131 18.768158 -6.322937
v 7.235792 18.768158 -10.422276
v 7.235792 18.768158 -6.322935
v 3.136390 18.768158 -10.422276
v -0.963271 18.768160 -10.422276
v 3.136391 18.768158 -6.322936
v -0.963268 18.768158 -6.322935
v 7.235793 18.768158 -2.223999
v 3.136393 18.768158 -2.223998
v -13.241626 17.684555 5.974141
v -17.401081 17.684557 5.974141
v -13.241627 17.684557 10.113086
v -17.401079 17.684557 10.113086
v -13.241627 17.684557 10.113086
v -9.142172 17.684557 10.113087
v -13.241626 17.684555 5.974141
v -9.142172 17.684555 5.974138
v -13.241628 17.684555 1.874878
v -17.401083 17.684557 1.874877
v -13.241626 17.684555 5.974141
v -17.401081 17.684557 5.974141
v -5.062676 17.684557 5.974139
v -9.142172 17.684555 5.974138
v -5.062675 17.684555 10.113085
v -9.142172 17.684557 10.113087
v -13.241629 18.768160 1.874876
v -13.241628 17.684555 1.874878
v -13.241625 18.768162 5.974139
v -13.241626 17.684555 5.974141
v -13.241625 18.768162 5.974139
v -13.241626 17.684555 5.974141
v -9.142172 18.768162 5.974138
v -9.142172 17.684555 5.974138
v -13.241631 17.684555 -2.223997
v -17.401085 17.684555 -2.223996
v -13.241628 17.684555 1.874878
v -17.401083 17.684557 1.874877
v -5.062675 17.684555 10.113085
v -0.963264 17.684555 10.113085
v -5.062676 17.684557 5.974139
v -0.963264 17.684555 5.974139
v -9.142172 18.768162 5.974138
v -9.142172 17.684555 5.974138
v -5.062675 18.768160 5.974139
v -5.062676 17.684557 5.974139
v -13.241630 18.768160 -2.223997
v -13.241631 17.684555 -2.223997
v -13.241629 18.768160 1.874876
v -13.241628 17.684555 1.874878
v -17.401085 17.684555 -2.223996
v -13.241631 17.684555 -2.223997
v -17.401083 17.684557 -6.322931
v -13.241628 17.684555 -6.322932
v -5.062675 18.768160 5.974139
v -5.062676 17.684557 5.974139
v -0.963266 18.768160 5.974139
v -0.963264 17.684555 5.974139
v 3.136396 17.684555 10.113083
v 3.136395 17.684555 5.974136
v -0.963264 17.684555 10.113085
v -0.963264 17.684555 5.974139
v -13.241630 18.768160 -6.322933
v -13.241628 17.684555 -6.322932
v -13.241630 18.768160 -2.223997
v -13.241631 17.684555 -2.223997
v -13.241631 17.684555 -10.422272
v -17.401085 17.684555 -10.422272
v -13.241628 17.684555 -6.322932
v -17.401083 17.684557 -6.322931
v -0.963266 18.768160 5.974139
v -0.963264 17.684555 5.974139
v 3.136394 18.768160 5.974137
v 3.136395 17.684555 5.974136
v -13.241631 18.768160 -10.422274
v -13.241631 17.684555 -10.422272
v -13.241630 18.768160 -6.322933
v -13.241628 17.684555 -6.322932
v -13.241632 17.684553 -14.561157
v -17.401087 17.684555 -14.561153
v -13.241631 17.684555 -10.422272
v -17.401085 17.684555 -10.422272
v -9.142178 18.768160 -10.422274
v -9.142179 17.684555 -10.422274
v -13.241631 18.768160 -10.422274
v -13.241631 17.684555 -10.422272
v -9.142177 17.684555 -14.561159
v -13.241632 17.684553 -14.561157
v -9.142179 17.684555 -10.422274
v -13.241631 17.684555 -10.422272
v -9.142174 18.768160 1.874877
v -13.241629 18.768160 1.874876
v -9.142172 18.768162 5.974138
v -13.241625 18.768162 5.974139
v -5.062675 18.768160 5.974139
v -5.062676 18.768160 1.874877
v -9.142172 18.768162 5.974138
v -9.142174 18.768160 1.874877
v -9.142175 18.768160 -2.223997
v -13.241630 18.768160 -2.223997
v -9.142174 18.768160 1.874877
v -13.241629 18.768160 1.874876
v -0.963266 18.768160 1.874876
v -5.062676 18.768160 1.874877
v -0.963266 18.768160 5.974139
v -5.062675 18.768160 5.974139
v -9.142175 18.768160 -2.223997
v -9.142174 18.768160 1.874877
v -5.062679 18.768160 -2.223999
v -5.062676 18.768160 1.874877
v -9.142177 18.768160 -6.322933
v -13.241630 18.768160 -6.322933
v -9.142175 18.768160 -2.223997
v -13.241630 18.768160 -2.223997
v -0.963268 18.768158 -2.223998
v -5.062679 18.768160 -2.223999
v -0.963266 18.768160 1.874876
v -5.062676 18.768160 1.874877
v -5.062679 18.768160 -6.322933
v -9.142177 18.768160 -6.322933
v -5.062679 18.768160 -2.223999
v -9.142175 18.768160 -2.223997
v -9.142177 18.768160 -6.322933
v -9.142178 18.768160 -10.422274
v -13.241630 18.768160 -6.322933
v -13.241631 18.768160 -10.422274
v 15.474389 17.684555 10.113082
v 11.335137 17.684555 10.113084
v 15.474388 17.684553 5.974137
v 11.335132 17.684553 -2.224001
v 15.474388 17.684553 1.874874
v 15.474384 17.684551 -6.322935
v 11.335131 17.684553 -6.322937
v 15.474386 17.684553 -2.224001
v 7.235795 17.684555 5.974137
v 11.335135 17.684555 5.974137
v 11.335134 17.684553 1.874875
v 11.335136 18.768160 5.974137
v 7.235795 18.768160 5.974136
v 11.335133 18.768158 1.874875
v 11.335131 18.768158 -6.322937
v 11.335133 18.768158 -2.223999
v 3.136394 17.684555 5.974137
v 3.136394 18.768160 5.974137
v 11.335136 18.768160 5.974137
v 7.235795 18.768160 5.974136
v 11.335133 18.768158 1.874875
v 11.335131 18.768158 -6.322937
v 7.235792 18.768158 -6.322935
v 11.335133 18.768158 -2.223999
v 7.235793 18.768158 -2.223999
v 7.235795 18.768158 1.874875
v 3.136394 18.768160 5.974137
v 3.136394 18.768160 1.874876
v 3.136393 18.768158 -2.223999
v -0.963266 18.768160 1.874876
v -0.963266 18.768160 5.974138
v 3.136395 17.684555 5.974137
v 3.136397 17.684555 10.113083
v 7.235795 17.684555 5.974136
v 7.235796 17.684555 10.113084
v 3.136394 18.768160 5.974137
v 3.136395 17.684555 5.974137
v 7.235795 18.768160 5.974136
v 7.235795 17.684555 5.974136
v 11.335135 17.684555 10.113082
v 11.335135 17.684555 5.974138
v 7.235796 17.684555 10.113084
v 7.235795 17.684555 5.974136
v 7.235795 18.768160 5.974136
v 7.235795 18.768158 1.874875
v 3.136394 18.768160 5.974137
v 3.136394 18.768160 1.874875
vn -0.0000 -1.0000 -0.0000
vn 1.0000 -0.0000 -0.0000
vn -0.0000 -0.0000 1.0000
vn -1.0000 -0.0000 -0.0000
vn -0.0000 -0.0000 -1.0000
vt 0.814500 0.498000
vt 0.998000 0.314500
vt 0.814500 0.314500
vt 0.810500 0.252000
vt 0.627000 0.310500
vt 0.627000 0.252000
vt 0.810500 0.310500
vt 0.998000 0.498000
vt 0.998000 0.252000
vt 0.814500 0.310500
vt 0.998000 0.310500
vt 0.439500 0.314500
vt 0.623000 0.498000
vt 0.439500 0.498000
vt 0.623000 0.314500
vt 0.439500 0.064500
vt 0.623000 0.248000
vt 0.439500 0.248000
vt 0.623000 0.189500
vt 0.439500 0.373000
vt 0.439500 0.189500
vt 0.627000 0.498000
vt 0.810500 0.314500
vt 0.627000 0.314500
vt 0.814500 0.252000
vt 0.623000 0.064500
vt 0.810500 0.498000
vt 0.439500 0.185500
vt 0.623000 0.002000
vt 0.623000 0.185500
vt 0.439500 0.002000
vt 0.623000 0.373000
s 1
usemtl 8E01A1DCA1D48932B3C99A0644FCA84B
f 2131/508/1114 2132/509/1114 2134/510/1114
f 2142/511/1115 2133/512/1115 2135/513/1115
f 2140/511/1116 2133/512/1116 2134/514/1116
f 2137/508/1114 2132/509/1114 2138/515/1114
f 2144/516/1116 2134/517/1116 2132/518/1116
f 2143/513/1115 2136/514/1115 2142/511/1115
f 2145/516/1116 2132/517/1116 2139/518/1116
f 2158/529/1114 2164/530/1114 2159/531/1114
f 2159/515/1114 2160/510/1114 2162/508/1114
f 2169/510/1114 2161/515/1114 2168/508/1114
f 2172/510/1114 2162/515/1114 2160/509/1114
f 2163/513/1116 2160/514/1116 2164/512/1116
f 2165/511/1117 2164/512/1117 2169/514/1117
f 2172/510/1114 2167/515/1114 2166/508/1114
f 2171/516/1116 2172/517/1116 2160/518/1116
f 2165/511/1117 2170/512/1117 2173/513/1117
f 2174/532/1116 2176/518/1116 2172/517/1116
f 2189/531/1114 2188/534/1114 2187/530/1114
f 2193/510/1114 2192/515/1114 2191/508/1114
f 2195/510/1114 2198/515/1114 2196/508/1114
f 2199/509/1114 2202/508/1114 2200/510/1114
f 2205/513/1115 2204/514/1115 2203/511/1115
f 2209/511/1118 2208/512/1118 2207/513/1118
f 2211/510/1114 2214/515/1114 2212/508/1114
f 2215/515/1114 2218/510/1114 2216/508/1114
f 2219/516/1118 2222/517/1118 2220/518/1118
f 2225/511/1115 2224/512/1115 2223/513/1115
f 2229/508/1114 2228/509/1114 2227/515/1114
f 2233/532/1118 2232/518/1118 2231/516/1118
f 2235/515/1114 2238/510/1114 2236/509/1114
f 2241/513/1115 2240/514/1115 2239/511/1115
f 2243/510/1114 2246/515/1114 2244/508/1114
f 2249/516/1118 2248/517/1118 2247/532/1118
f 2253/511/1115 2252/512/1115 2251/513/1115
f 2255/531/1114 2258/534/1114 2256/529/1114
f 2261/513/1116 2260/514/1116 2259/511/1116
f 2265/510/1114 2264/515/1114 2263/508/1114
f 2303/529/1114 2312/530/1114 2305/534/1114
f 2312/510/1114 2307/515/1114 2305/508/1114
f 2310/515/1114 2313/510/1114 2306/509/1114
f 2308/515/1114 2306/510/1114 2309/509/1114
f 2316/511/1117 2312/512/1117 2314/513/1117
f 2314/513/1118 2311/514/1118 2315/511/1118
f 2318/513/1117 2313/514/1117 2316/511/1117
f 2317/511/1117 2306/512/1117 2318/513/1117
f 2315/532/1118 2319/518/1118 2320/516/1118
f 2336/509/1114 2335/508/1114 2334/510/1114
f 2340/532/1118 2339/518/1118 2338/516/1118
f 2342/515/1114 2345/510/1114 2343/509/1114
f 2131/508/1114 2138/515/1114 2132/509/1114
f 2142/511/1115 2136/514/1115 2133/512/1115
f 2140/511/1116 2135/513/1116 2133/512/1116
f 2137/508/1114 2139/510/1114 2132/509/1114
f 2144/516/1116 2140/532/1116 2134/517/1116
f 2143/513/1115 2141/512/1115 2136/514/1115
f 2145/516/1116 2144/532/1116 2132/517/1116
f 2158/529/1114 2161/534/1114 2164/530/1114
f 2159/515/1114 2164/509/1114 2160/510/1114
f 2169/510/1114 2164/509/1114 2161/515/1114
f 2172/510/1114 2166/508/1114 2162/515/1114
f 2163/513/1116 2171/511/1116 2160/514/1116
f 2165/511/1117 2163/513/1117 2164/512/1117
f 2172/510/1114 2176/509/1114 2167/515/1114
f 2171/516/1116 2174/532/1116 2172/517/1116
f 2165/511/1117 2169/514/1117 2170/512/1117
f 2174/532/1116 2175/516/1116 2176/518/1116
f 2189/531/1114 2190/529/1114 2188/534/1114
f 2193/510/1114 2194/509/1114 2192/515/1114
f 2195/510/1114 2197/509/1114 2198/515/1114
f 2199/509/1114 2201/515/1114 2202/508/1114
f 2205/513/1115 2206/512/1115 2204/514/1115
f 2209/511/1118 2210/514/1118 2208/512/1118
f 2211/510/1114 2213/509/1114 2214/515/1114
f 2215/515/1114 2217/509/1114 2218/510/1114
f 2219/516/1118 2221/532/1118 2222/517/1118
f 2225/511/1115 2226/514/1115 2224/512/1115
f 2229/508/1114 2230/510/1114 2228/509/1114
f 2233/532/1118 2234/517/1118 2232/518/1118
f 2235/515/1114 2237/508/1114 2238/510/1114
f 2241/513/1115 2242/512/1115 2240/514/1115
f 2243/510/1114 2245/509/1114 2246/515/1114
f 2249/516/1118 2250/518/1118 2248/517/1118
f 2253/511/1115 2254/514/1115 2252/512/1115
f 2255/531/1114 2257/530/1114 2258/534/1114
f 2261/513/1116 2262/512/1116 2260/514/1116
f 2265/510/1114 2266/509/1114 2264/515/1114
f 2303/529/1114 2304/531/1114 2312/530/1114
f 2312/510/1114 2313/509/1114 2307/515/1114
f 2310/515/1114 2307/508/1114 2313/510/1114
f 2308/515/1114 2310/508/1114 2306/510/1114
f 2316/511/1117 2313/514/1117 2312/512/1117
f 2314/513/1118 2312/512/1118 2311/514/1118
f 2318/513/1117 2306/512/1117 2313/514/1117
f 2317/511/1117 2309/514/1117 2306/512/1117
f 2315/532/1118 2311/517/1118 2319/518/1118
f 2336/509/1114 2337/515/1114 2335/508/1114
f 2340/532/1118 2341/517/1118 2339/518/1118
f 2342/515/1114 2344/508/1114 2345/510/1114
usemtl 6BAEF3850EA1C5D4735795D7E1F068B9
f 2151/519/1114 2146/520/1114 2148/521/1114
f 2151/522/1114 2150/521/1114 2149/519/1114
f 2155/523/1114 2151/524/1114 2149/525/1114
f 2154/523/1114 2149/524/1114 2153/525/1114
f 2156/526/1114 2154/527/1114 2157/528/1114
f 2179/520/1114 2178/519/1114 2180/522/1114
f 2180/519/1114 2181/520/1114 2179/521/1114
f 2183/519/1114 2182/520/1114 2181/521/1114
f 2183/524/1114 2185/523/1114 2186/533/1114
f 2267/535/1114 2270/536/1114 2268/537/1114
f 2273/536/1114 2272/535/1114 2271/538/1114
f 2277/528/1114 2276/539/1114 2275/527/1114
f 2281/538/1114 2280/537/1114 2279/535/1114
f 2285/527/1114 2284/526/1114 2283/539/1114
f 2289/523/1114 2288/524/1114 2287/525/1114
f 2291/527/1114 2294/526/1114 2292/539/1114
f 2297/523/1114 2296/524/1114 2295/525/1114
f 2299/519/1114 2302/520/1114 2300/521/1114
f 2323/535/1114 2322/536/1114 2328/537/1114
f 2326/527/1114 2328/526/1114 2327/539/1114
f 2326/523/1114 2325/524/1114 2324/525/1114
f 2330/526/1114 2327/527/1114 2328/528/1114
f 2329/538/1114 2332/537/1114 2330/535/1114
f 2346/538/1114 2349/537/1114 2347/535/1114
f 2151/519/1114 2147/522/1114 2146/520/1114
f 2151/522/1114 2148/520/1114 2150/521/1114
f 2155/523/1114 2152/533/1114 2151/524/1114
f 2154/523/1114 2155/533/1114 2149/524/1114
f 2156/526/1114 2155/539/1114 2154/527/1114
f 2179/520/1114 2177/521/1114 2178/519/1114
f 2180/519/1114 2183/522/1114 2181/520/1114
f 2183/519/1114 2184/522/1114 2182/520/1114
f 2183/524/1114 2180/525/1114 2185/523/1114
f 2267/535/1114 2269/538/1114 2270/536/1114
f 2273/536/1114 2274/537/1114 2272/535/1114
f 2277/528/1114 2278/526/1114 2276/539/1114
f 2281/538/1114 2282/536/1114 2280/537/1114
f 2285/527/1114 2286/528/1114 2284/526/1114
f 2289/523/1114 2290/533/1114 2288/524/1114
f 2291/527/1114 2293/528/1114 2294/526/1114
f 2297/523/1114 2298/533/1114 2296/524/1114
f 2299/519/1114 2301/522/1114 2302/520/1114
f 2323/535/1114 2321/538/1114 2322/536/1114
f 2326/527/1114 2323/528/1114 2328/526/1114
f 2326/523/1114 2327/533/1114 2325/524/1114
f 2330/526/1114 2331/539/1114 2327/527/1114
f 2329/538/1114 2333/536/1114 2332/537/1114
f 2346/538/1114 2348/536/1114 2349/537/1114
o Table
v -9.137759 3.554617 -7.341068
v -9.137758 0.282750 -7.341382
v -9.137759 3.554621 -9.893171
v -9.137758 0.282749 -9.893170
v -9.137759 3.554621 -9.893171
v -9.137758 0.282749 -9.893170
v -7.362002 3.554617 -9.893171
v -7.362004 0.282752 -9.893171
v -9.401735 3.809572 -10.160393
v -9.137759 3.809569 -9.893171
v -9.401734 3.809569 -7.341005
v -9.137759 3.809569 -7.341048
v -9.401734 3.809569 -7.341005
v -9.401737 3.554619 -7.341033
v -9.401735 3.809572 -10.160393
v -9.401735 3.554624 -10.160394
v -7.621966 3.809569 -10.160394
v -7.621968 3.809569 -9.893171
v -9.401735 3.809572 -10.160393
v -9.137759 3.809569 -9.893171
v -7.621966 3.809569 -10.160394
v -9.401735 3.809572 -10.160393
v -7.621969 3.554619 -10.160394
v -9.401735 3.554624 -10.160394
v -9.137757 3.554618 -4.789765
v -9.137758 0.282747 -4.789765
v -9.137759 3.554617 -7.341068
v -9.137758 0.282750 -7.341382
v -9.137759 3.767077 -7.341047
v -9.137759 3.767080 -9.893171
v -9.137759 4.638159 -7.340967
v -9.137759 4.638165 -9.893171
v -7.621969 4.638163 -9.893171
v -9.137759 4.638165 -9.893171
v -7.621967 3.767079 -9.893171
v -9.137759 3.767080 -9.893171
v -7.362004 0.282752 -9.893171
v -5.570790 0.282748 -9.893171
v -7.362002 3.554617 -9.893171
v -5.570790 3.554617 -9.893171
v -7.621969 4.638163 -9.893171
v -8.321873 6.529049 -9.893171
v -9.137759 4.638165 -9.893171
v -9.137759 6.529051 -9.893171
v -9.137759 4.638159 -7.340967
v -9.137759 4.638165 -9.893171
v -9.137759 6.529042 -7.340780
v -9.137759 6.529051 -9.893171
v -9.401734 3.809569 -7.341005
v -9.401736 3.809568 -4.521881
v -9.401737 3.554619 -7.341033
v -9.401732 3.554616 -4.521904
v -9.401734 3.809569 -7.341005
v -9.137759 3.809569 -7.341048
v -9.401736 3.809568 -4.521881
v -9.137758 3.809571 -4.789765
v -9.137757 3.554618 -4.789765
v -7.362003 3.554620 -4.789766
v -9.137758 0.282747 -4.789765
v -7.362003 0.282750 -4.789766
v -9.137759 6.529042 -7.340780
v -9.137759 6.529051 -9.893171
v -8.321875 6.529044 -7.340888
v -8.321873 6.529049 -9.893171
v -9.137759 3.767077 -7.341047
v -9.137759 4.638159 -7.340967
v -9.137758 3.767077 -4.789766
v -9.137757 4.638161 -4.789765
v -5.302271 3.809568 -10.160394
v -5.570791 3.809575 -9.893171
v -7.621966 3.809569 -10.160394
v -7.621968 3.809569 -9.893171
v -7.621966 3.809569 -10.160394
v -7.621969 3.554619 -10.160394
v -5.302271 3.809568 -10.160394
v -5.302270 3.554621 -10.160395
v -5.570790 3.767076 -9.893171
v -5.570791 4.638161 -9.893171
v -7.621967 3.767079 -9.893171
v -7.621969 4.638163 -9.893171
v -9.137759 4.638159 -7.340967
v -9.137759 6.529042 -7.340780
v -9.137757 4.638161 -4.789765
v -9.137759 6.529045 -4.789766
v -7.621969 4.638163 -9.893171
v -7.461990 4.638165 -9.640462
v -7.621966 4.638160 -7.341153
v -7.461987 4.638162 -8.160923
v -5.570791 4.638161 -9.893171
v -5.822200 4.638158 -9.640670
v -7.621969 4.638163 -9.893171
v -7.461990 4.638165 -9.640462
v -8.321875 6.529044 -7.340888
v -8.321873 6.529049 -9.893171
v -7.621966 4.638160 -7.341153
v -7.621969 4.638163 -9.893171
v -7.461985 4.850620 -9.640444
v -5.822200 4.638158 -9.640670
v -7.461990 4.638165 -9.640462
v -5.570790 3.554617 -9.893171
v -5.570790 0.282748 -9.893171
v -5.570790 3.554619 -7.341520
v -5.570790 0.282747 -7.341833
v -7.621967 3.809570 -4.522106
v -7.621968 3.554616 -4.522131
v -9.401736 3.809568 -4.521881
v -9.401732 3.554616 -4.521904
v -8.321871 6.529048 -4.789766
v -9.137759 6.529045 -4.789766
v -8.321875 6.529044 -7.340888
v -9.137759 6.529042 -7.340780
v -7.621967 3.767076 -4.789766
v -9.137758 3.767077 -4.789766
v -7.621965 4.638162 -4.789766
v -9.137757 4.638161 -4.789765
v -9.401736 3.809568 -4.521881
v -9.137758 3.809571 -4.789765
v -7.621967 3.809570 -4.522106
v -7.621966 3.809570 -4.789766
v -7.461987 4.638162 -8.160923
v -7.461985 4.850621 -8.160902
v -5.822204 4.850622 -8.161110
v -7.621966 4.638160 -7.341153
v -7.461987 4.638162 -8.160923
v -5.570790 4.638163 -7.341416
v -5.822200 4.638159 -8.161128
v -9.137757 4.638161 -4.789765
v -9.137759 6.529045 -4.789766
v -7.621965 4.638162 -4.789766
v -8.321871 6.529048 -4.789766
v -7.362003 3.554620 -4.789766
v -5.570790 3.554616 -4.789766
v -7.362003 0.282750 -4.789766
v -5.570790 0.282748 -4.789766
v -7.621965 4.638162 -4.789766
v -8.321871 6.529048 -4.789766
v -7.621966 4.638160 -7.341153
v -8.321875 6.529044 -7.340888
v -7.621965 4.638162 -4.789766
v -7.621966 4.638160 -7.341153
v -5.570790 4.638158 -4.789766
v -5.570790 4.638163 -7.341416
v -5.570790 3.554619 -7.341520
v -5.570790 0.282747 -7.341833
v -5.570790 3.554616 -4.789766
v -5.570790 0.282748 -4.789766
v -5.570790 4.638163 -7.341416
v -5.570791 4.638161 -9.893171
v -5.570790 3.767078 -7.341497
v -5.570790 3.767076 -9.893171
v -5.302270 3.809570 -7.341528
v -5.302271 3.809568 -10.160394
v -5.302270 3.554616 -7.341553
v -5.302270 3.554621 -10.160395
v -5.302270 3.809570 -7.341528
v -5.570790 3.809570 -7.341489
v -5.302271 3.809568 -10.160394
v -5.570791 3.809575 -9.893171
v -5.822200 4.638159 -8.161128
v -5.822203 4.850620 -9.640652
v -5.570790 4.638163 -7.341416
v -5.822200 4.638159 -8.161128
v -5.570791 4.638161 -9.893171
v -5.822200 4.638158 -9.640670
v -7.621967 3.767076 -4.789766
v -7.621965 4.638162 -4.789766
v -5.570790 3.767075 -4.789766
v -5.570790 4.638158 -4.789766
v -7.621967 3.809570 -4.522106
v -7.621966 3.809570 -4.789766
v -5.302270 3.809569 -4.522403
v -5.570790 3.809571 -4.789766
v -7.621967 3.809570 -4.522106
v -5.302270 3.809569 -4.522403
v -7.621968 3.554616 -4.522131
v -5.302269 3.554622 -4.522428
v -5.570790 3.767075 -4.789766
v -5.570790 4.638158 -4.789766
v -5.570790 3.767078 -7.341497
v -5.570790 4.638163 -7.341416
v -5.302270 3.809569 -4.522403
v -5.570790 3.809571 -4.789766
v -5.302270 3.809570 -7.341528
v -5.570790 3.809570 -7.341489
v -5.302270 3.809570 -7.341528
v -5.302270 3.554616 -7.341553
v -5.302270 3.809569 -4.522403
v -5.302269 3.554622 -4.522428
v -6.652257 4.727431 -6.029732
v -6.536830 4.727393 -5.842528
v -6.686309 4.684945 -6.008748
v -6.718979 4.684948 -5.871178
v -6.652254 4.684937 -6.029740
v -6.514652 4.684902 -5.997118
v -6.718979 4.727442 -5.871173
v -6.686310 4.727439 -6.008743
v -6.514657 4.727394 -5.997115
v -6.536826 4.684900 -5.842530
v -6.201042 4.727280 -5.297927
v -6.201041 4.684786 -5.297932
v -6.570883 4.727400 -5.821540
v -6.570885 4.684907 -5.821540
v -6.235093 4.684789 -5.276943
v -6.235093 4.727290 -5.276933
v -6.233908 4.727295 -5.465564
v -6.222025 4.727287 -5.331963
v -6.170948 4.727274 -5.363446
v -6.284986 4.727307 -5.434076
v -6.284986 4.684813 -5.434081
v -6.170947 4.684784 -5.363456
v -6.233907 4.684801 -5.465569
v -6.222028 4.684791 -5.331969
v -6.322134 5.360522 -7.021347
v -6.402127 5.403015 -7.061323
v -6.622096 4.595672 -7.181334
v -6.702085 4.638162 -7.221308
v -6.782073 4.638162 -7.081338
v -6.482112 5.403014 -6.941351
v -6.402127 5.360525 -6.901375
v -6.702083 4.595667 -7.041365
v -6.722085 5.934159 -6.501403
v -5.942183 4.616919 -7.381357
v -6.142158 5.955407 -7.481171
v -6.222148 5.934158 -7.521157
v -6.422119 4.616912 -6.361608
v -6.342132 4.638156 -6.321633
v -6.642094 5.955405 -6.461427
v -5.842195 4.638162 -7.321389
vn -1.0000 -0.0000 -0.0000
vn -0.0000 -0.0000 -1.0000
vn -0.0000 1.0000 -0.0000
vn -0.0000 -0.0000 1.0000
vn 0.9378 0.3471 -0.0000
vn -0.0001 0.0001 -1.0000
vn 1.0000 -0.0000 -0.0000
vn 0.0001 -0.0001 1.0000
vn 0.0003 1.0000 0.0001
vn 0.0003 1.0000 -0.0000
vn -0.9729 -0.0000 -0.2310
vn -0.9729 -0.0000 -0.2311
vn 0.2307 0.0002 -0.9730
vn 0.2307 0.0001 -0.9730
vn -0.3178 -0.0000 0.9482
vn -0.3178 -0.0001 0.9482
vn -0.5247 0.0001 -0.8513
vn 0.9899 0.0001 0.1420
vn 0.8512 0.0001 -0.5248
vn -0.8512 -0.0000 0.5248
vn -0.8512 -0.0001 0.5248
vn 0.5248 -0.0001 0.8512
vn 0.5248 -0.0002 0.8512
vn -0.5248 0.0001 -0.8513
vn 0.5247 -0.0002 0.8513
vn 0.4511 0.0097 -0.8924
vn -0.7935 0.3970 -0.4613
vn -0.7654 0.4036 -0.5013
vn -0.7609 0.4045 -0.5073
vn -0.4429 0.0096 0.8965
vn -0.8754 -0.2367 -0.4215
vn -0.8758 -0.2381 -0.4198
vn -0.8775 -0.2437 -0.4130
vn 0.5097 0.0120 -0.8603
vn 0.4508 0.0008 -0.8926
vn 0.5123 0.0125 -0.8587
vn -0.4457 -0.0065 0.8952
vn -0.2076 0.9729 -0.1018
vn 0.8684 0.2463 0.4305
vn 0.8686 0.2470 0.4296
vn 0.8675 0.2436 0.4338
vn 0.2306 0.0002 -0.9730
vn 0.5247 -0.0001 0.8513
vn 0.8512 0.0002 -0.5248
vn -0.7972 0.3960 -0.4556
vn -0.8736 -0.2311 -0.4283
vn 0.4471 0.0001 -0.8945
vn 0.8695 0.2497 0.4263
vt 0.377000 0.498000
vt 0.564500 0.314500
vt 0.564500 0.498000
vt 0.748000 0.314500
vt 0.748000 0.498000
vt 0.998000 0.998000
vt 0.845700 0.939500
vt 0.845700 0.998000
vt 0.998000 0.939500
vt 0.564500 0.064500
vt 0.377000 0.127000
vt 0.377000 0.064500
vt 0.841800 0.873000
vt 0.752000 0.814500
vt 0.752000 0.873000
vt 0.377000 0.314500
vt 0.841800 0.998000
vt 0.564500 0.127000
vt 0.377000 0.310500
vt 0.564500 0.935500
vt 0.748000 0.998000
vt 0.564500 0.998000
vt 0.748000 0.064500
vt 0.841800 0.814500
vt 0.998000 0.873000
vt 0.998000 0.814500
vt 0.748000 0.127000
vt 0.564500 0.310500
vt 0.748000 0.752000
vt 0.619100 0.724600
vt 0.728500 0.724600
vt 0.728500 0.587900
vt 0.748000 0.564500
vt 0.564500 0.752000
vt 0.748000 0.935500
vt 0.712900 0.705100
vt 0.712900 0.607400
vt 0.634800 0.607400
vt 0.634800 0.705100
vt 0.377000 0.935500
vt 0.377000 0.998000
vt 0.619100 0.587900
vt 0.752000 0.998000
vt 0.377000 0.752000
vt 0.377000 0.564500
vt 0.564500 0.502000
vt 0.564500 0.564500
vt 0.377000 0.502000
vt 0.982400 0.705100
vt 0.943400 0.705100
vt 0.962900 0.740200
vt 0.943400 0.662100
vt 0.982400 0.662100
vt 0.994100 0.709000
vt 0.994100 0.666000
vt 0.962900 0.630900
vt 0.755900 0.810500
vt 0.752000 0.627000
vt 0.752000 0.810500
vt 0.755900 0.627000
vt 0.927700 0.627000
vt 0.935500 0.810500
vt 0.935500 0.627000
vt 0.752000 0.802700
vt 0.935500 0.802700
vt 0.748000 0.310500
vt 0.748000 0.502000
vt 0.927700 0.810500
s 1
usemtl 7D9E9E1B763B277D1EAAF4B2B84A2E8A
f 2352/540/1119 2351/541/1119 2350/542/1119
f 2356/542/1120 2355/543/1120 2354/544/1120
f 2360/545/1121 2359/546/1121 2358/547/1121
f 2364/547/1119 2363/548/1119 2362/545/1119
f 2366/545/1121 2369/546/1121 2367/548/1121
f 2372/548/1120 2371/547/1120 2370/545/1120
f 2376/542/1119 2375/543/1119 2374/544/1119
f 2378/549/1119 2381/550/1119 2379/551/1119
f 2382/552/1120 2385/553/1120 2383/554/1120
f 2386/541/1120 2389/540/1120 2387/555/1120
f 2392/554/1120 2391/556/1120 2390/552/1120
f 2394/557/1119 2397/558/1119 2395/550/1119
f 2398/545/1119 2401/546/1119 2399/547/1119
f 2402/545/1121 2405/546/1121 2403/548/1121
f 2406/540/1122 2409/541/1122 2407/542/1122
f 2412/559/1121 2411/560/1121 2410/561/1121
f 2416/562/1119 2415/557/1119 2414/549/1119
f 2420/545/1121 2419/546/1121 2418/547/1121
f 2422/545/1120 2425/546/1120 2423/548/1120
f 2428/563/1120 2427/564/1120 2426/565/1120
f 2432/566/1119 2431/567/1119 2430/557/1119
f 2434/568/1121 2437/569/1121 2435/570/1121
f 2440/568/1121 2439/571/1121 2438/572/1121
f 2444/573/1123 2443/574/1123 2442/559/1123
f 2469/569/1119 2446/575/1119 2448/570/1119
f 2447/571/1124 2446/575/1124 2509/576/1124
f 2449/544/1125 2452/541/1125 2450/543/1125
f 2471/577/1121 2446/575/1121 2470/578/1121
f 2453/545/1126 2456/546/1126 2454/548/1126
f 2457/579/1121 2460/561/1121 2458/580/1121
f 2461/563/1122 2464/554/1122 2462/553/1122
f 2467/545/1121 2466/546/1121 2465/547/1121
f 2469/569/1126 2471/577/1126 2470/578/1126
f 2472/573/1121 2475/581/1121 2473/569/1121
f 2476/554/1122 2479/556/1122 2477/582/1122
f 2482/541/1122 2481/544/1122 2480/542/1122
f 2484/583/1123 2487/559/1123 2485/579/1123
f 2490/584/1121 2489/573/1121 2488/583/1121
f 2492/542/1125 2495/555/1125 2493/541/1125
f 2498/585/1125 2497/572/1125 2496/586/1125
f 2502/548/1125 2501/547/1125 2500/545/1125
f 2504/545/1121 2507/546/1121 2505/548/1121
f 2508/581/1125 2509/576/1125 2471/577/1125
f 2512/572/1121 2511/581/1121 2510/586/1121
f 2514/563/1122 2517/564/1122 2515/552/1122
f 2518/545/1121 2521/546/1121 2519/548/1121
f 2522/545/1126 2525/546/1126 2523/547/1126
f 2526/587/1125 2529/586/1125 2527/584/1125
f 2532/545/1121 2531/546/1121 2530/547/1121
f 2534/545/1125 2537/546/1125 2535/548/1125
f 2352/540/1119 2353/555/1119 2351/541/1119
f 2356/542/1120 2357/541/1120 2355/543/1120
f 2360/545/1121 2361/548/1121 2359/546/1121
f 2364/547/1119 2365/546/1119 2363/548/1119
f 2366/545/1121 2368/547/1121 2369/546/1121
f 2372/548/1120 2373/546/1120 2371/547/1120
f 2376/542/1119 2377/541/1119 2375/543/1119
f 2378/549/1119 2380/557/1119 2381/550/1119
f 2382/552/1120 2384/563/1120 2385/553/1120
f 2386/541/1120 2388/542/1120 2389/540/1120
f 2392/554/1120 2393/582/1120 2391/556/1120
f 2394/557/1119 2396/567/1119 2397/558/1119
f 2398/545/1119 2400/548/1119 2401/546/1119
f 2402/545/1121 2404/547/1121 2405/546/1121
f 2406/540/1122 2408/555/1122 2409/541/1122
f 2412/559/1121 2413/574/1121 2411/560/1121
f 2416/562/1119 2417/566/1119 2415/557/1119
f 2420/545/1121 2421/548/1121 2419/546/1121
f 2422/545/1120 2424/547/1120 2425/546/1120
f 2428/563/1120 2429/552/1120 2427/564/1120
f 2432/566/1119 2433/605/1119 2431/567/1119
f 2434/568/1121 2436/573/1121 2437/569/1121
f 2440/568/1121 2441/570/1121 2439/571/1121
f 2444/573/1123 2445/568/1123 2443/574/1123
f 2469/569/1119 2470/578/1119 2446/575/1119
f 2447/571/1124 2448/570/1124 2446/575/1124
f 2449/544/1125 2451/542/1125 2452/541/1125
f 2471/577/1121 2509/576/1121 2446/575/1121
f 2453/545/1126 2455/547/1126 2456/546/1126
f 2457/579/1121 2459/559/1121 2460/561/1121
f 2461/563/1122 2463/552/1122 2464/554/1122
f 2467/545/1121 2468/548/1121 2466/546/1121
f 2469/569/1126 2508/581/1126 2471/577/1126
f 2472/573/1121 2474/586/1121 2475/581/1121
f 2476/554/1122 2478/552/1122 2479/556/1122
f 2482/541/1122 2483/543/1122 2481/544/1122
f 2484/583/1123 2486/573/1123 2487/559/1123
f 2490/584/1121 2491/586/1121 2489/573/1121
f 2492/542/1125 2494/540/1125 2495/555/1125
f 2498/585/1125 2499/606/1125 2497/572/1125
f 2502/548/1125 2503/546/1125 2501/547/1125
f 2504/545/1121 2506/547/1121 2507/546/1121
f 2508/581/1125 2447/571/1125 2509/576/1125
f 2512/572/1121 2513/571/1121 2511/581/1121
f 2514/563/1122 2516/565/1122 2517/564/1122
f 2518/545/1121 2520/547/1121 2521/546/1121
f 2522/545/1126 2524/548/1126 2525/546/1126
f 2526/587/1125 2528/585/1125 2529/586/1125
f 2532/545/1121 2533/548/1121 2531/546/1121
f 2534/545/1125 2536/547/1125 2537/546/1125
usemtl 2B0F73152E296146042C2A1A37837005
f 2538/588/1127 2539/589/1128 2546/590/1127
f 2550/591/1128 2538/588/1127 2545/592/1128
f 2545/591/1129 2541/593/1130 2544/589/1130
f 2542/591/1131 2546/593/1132 2543/589/1132
f 2550/594/1133 2541/589/1134 2551/591/1133
f 2540/591/1135 2538/593/1135 2542/589/1135
f 2550/591/1128 2545/592/1128 2544/595/1128
f 2547/594/1136 2546/589/1136 2539/591/1136
f 2548/591/1137 2547/593/1137 2539/589/1137
f 2551/594/1138 2553/589/1139 2550/591/1138
f 2553/594/1128 2539/589/1128 2550/591/1128
f 2552/594/1140 2548/589/1140 2553/591/1141
f 2555/594/1128 2554/589/1128 2557/591/1128
f 2554/591/1142 2558/593/1142 2557/589/1142
f 2556/591/1137 2560/593/1137 2554/589/1137
f 2561/594/1143 2556/589/1143 2555/591/1143
f 2550/591/1128 2539/589/1128 2538/588/1127
f 2545/591/1129 2540/594/1129 2541/593/1130
f 2542/591/1131 2538/594/1160 2546/593/1132
f 2550/594/1133 2544/593/1134 2541/589/1134
f 2540/591/1135 2545/594/1135 2538/593/1135
f 2547/594/1136 2543/593/1136 2546/589/1136
f 2548/591/1137 2549/594/1137 2547/593/1137
f 2551/594/1138 2552/593/1139 2553/589/1139
f 2553/594/1128 2548/593/1128 2539/589/1128
f 2552/594/1140 2549/593/1161 2548/589/1140
f 2555/594/1128 2556/593/1128 2554/589/1128
f 2554/591/1142 2560/594/1142 2558/593/1142
f 2556/591/1137 2559/594/1162 2560/593/1137
f 2561/594/1143 2559/593/1143 2556/589/1143
usemtl 040DAB6F78A0E2EFD4C68C7391D3D1CD
f 2562/596/1144 2565/597/1144 2563/598/1144
f 2565/599/1145 2567/598/1146 2563/596/1147
f 2568/598/1148 2566/599/1148 2569/597/1148
f 2570/598/1149 2571/599/1150 2574/597/1151
f 2571/600/1152 2572/601/1153 2577/602/1154
f 2576/598/1155 2574/599/1155 2575/597/1155
f 2570/603/1156 2572/601/1156 2573/604/1156
f 2577/602/1157 2576/598/1158 2575/597/1159
f 2562/596/1144 2564/599/1144 2565/597/1144
f 2565/599/1145 2566/597/1163 2567/598/1146
f 2568/598/1148 2567/596/1148 2566/599/1148
f 2570/598/1149 2573/596/1164 2571/599/1150
f 2571/600/1152 2573/607/1165 2572/601/1153
f 2576/598/1155 2570/596/1155 2574/599/1155
f 2570/603/1156 2576/598/1156 2572/601/1156
f 2577/602/1157 2572/601/1166 2576/598/1158
