# Blender 5.0.1
# www.blender.org
mtllib ps6.mtl
o Plane.001
v -0.028697 0.583288 0.298786
v -0.047885 -0.041260 0.299036
v -0.047885 1.098969 0.244664
v -0.023898 0.697545 0.298786
v -0.047885 -0.041260 -0.299036
v -0.031166 0.583191 0.242807
v -0.028694 0.583191 0.256345
v -0.023898 0.697545 0.242807
v -0.047885 1.105403 -0.299036
v 0.018994 0.698312 0.298786
v 0.047885 -0.041260 0.299036
v 0.024435 0.583191 0.242807
v 0.018994 0.698312 0.242807
v 0.047885 1.098969 0.244664
v 0.047885 -0.041260 -0.299036
v -0.029903 0.586958 0.298786
v 0.026907 0.583191 0.256345
v -0.031166 0.590918 0.298786
v 0.047885 1.105403 -0.299036
v -0.031166 0.594782 0.298786
v 0.021466 0.698312 0.256345
v -0.031166 0.598645 0.298786
v -0.047885 -0.029906 0.299036
v -0.031166 0.602509 0.298786
v -0.031166 0.606372 0.298786
v -0.047885 -0.018553 0.299036
v -0.031166 0.610236 0.298786
v -0.047885 -0.007200 0.299036
v -0.031166 0.614099 0.298786
v -0.047885 0.004153 0.299036
v -0.047885 0.015506 0.299036
v -0.031166 0.617962 0.298786
v -0.047885 0.026859 0.299036
v -0.031166 0.621826 0.298786
v -0.047885 0.038212 0.299036
v -0.031166 0.625689 0.298786
v -0.047885 0.049565 0.299036
v -0.031166 0.629553 0.298786
v -0.047885 0.060918 0.299036
v -0.031166 0.633416 0.298786
v -0.031166 0.637280 0.298786
v -0.047885 0.072271 0.299036
v -0.047885 0.083624 0.299036
v -0.031166 0.641143 0.298786
v -0.047885 0.094977 0.299036
v -0.031166 0.645006 0.298786
v -0.047885 0.106331 0.299036
v -0.031166 0.648870 0.298786
v -0.047885 0.117684 0.299036
v -0.031166 0.652733 0.298786
v -0.031166 0.656597 0.298786
v -0.047885 0.129037 0.299036
v -0.047885 0.140390 0.299036
v -0.031166 0.660460 0.298786
v -0.047885 0.151743 0.299036
v -0.031166 0.664324 0.298786
v -0.047885 0.163096 0.299036
v -0.031166 0.668187 0.298786
v -0.047885 0.174449 0.299036
v -0.031166 0.672051 0.298786
v -0.047885 0.185802 0.299036
v -0.031166 0.675914 0.298786
v -0.047885 0.197155 0.299036
v -0.031166 0.679778 0.298786
v -0.031166 0.683641 0.298786
v -0.047885 0.208508 0.299036
v -0.031166 0.687504 0.298786
v -0.047885 0.219861 0.299036
v -0.031166 0.691368 0.298786
v -0.047885 0.231214 0.299036
v -0.047885 0.242568 0.299036
v -0.027020 0.695269 0.298786
v -0.047885 0.253921 0.299036
v -0.027020 0.695269 0.242807
v -0.030142 0.692993 0.242807
v -0.047885 0.265274 0.299036
v -0.047885 0.276627 0.299036
v -0.029167 0.690717 0.242807
v -0.047885 0.287980 0.299036
v -0.030325 0.688441 0.242807
v -0.031166 0.679778 0.242807
v -0.047885 0.299333 0.299036
v -0.031166 0.675914 0.242807
v -0.031166 0.672051 0.242807
v -0.031166 0.668187 0.242807
v -0.047885 0.310686 0.299036
v -0.031166 0.664324 0.242807
v -0.031166 0.660460 0.242807
v -0.047885 0.322039 0.299036
v -0.031166 0.656597 0.242807
v -0.031166 0.652733 0.242807
v -0.047885 0.333392 0.299036
v -0.031166 0.648870 0.242807
v -0.031166 0.645006 0.242807
v -0.047885 0.344745 0.299036
v -0.031166 0.641143 0.242807
v -0.047885 0.356098 0.299036
v -0.031166 0.637280 0.242807
v -0.047885 0.367452 0.299036
v -0.031166 0.633416 0.242807
v -0.031166 0.629553 0.242807
v -0.031166 0.625689 0.242807
v -0.031166 0.621826 0.242807
v -0.047885 0.378805 0.299036
v -0.031166 0.617962 0.242807
v -0.047885 0.390158 0.299036
v -0.031166 0.614099 0.242807
v -0.031166 0.610235 0.242807
v -0.031166 0.606372 0.242807
v -0.047885 0.401511 0.299036
v -0.047885 0.412864 0.299036
v -0.031166 0.602509 0.242807
v -0.031166 0.598645 0.242807
v -0.047885 0.424217 0.299036
v -0.031166 0.594782 0.242807
v -0.031166 0.590918 0.242807
v -0.031166 0.587055 0.242807
v -0.047885 0.435570 0.299036
v 0.021326 0.695231 0.242807
v 0.023658 0.692151 0.242807
v -0.047885 0.446923 0.299036
v 0.024435 0.687504 0.242807
v 0.024435 0.683641 0.242807
v -0.047885 0.458276 0.299036
v 0.024435 0.679778 0.242807
v 0.024435 0.675914 0.242807
v -0.047885 0.469629 0.299036
v 0.024435 0.672051 0.242807
v 0.024435 0.668187 0.242807
v -0.047885 0.480983 0.299036
v 0.024435 0.664324 0.242807
v 0.024435 0.660460 0.242807
v -0.047885 0.492336 0.299036
v 0.024435 0.656597 0.242807
v 0.024435 0.652733 0.242807
v -0.047885 0.503689 0.299036
v 0.024435 0.648870 0.242807
v 0.024435 0.645006 0.242807
v -0.047885 0.515042 0.299036
v 0.024435 0.641143 0.242807
v 0.024435 0.637280 0.242807
v -0.047885 0.526395 0.299036
v 0.024435 0.633416 0.242807
v 0.024435 0.629553 0.242807
v -0.047885 0.537748 0.299036
v 0.024435 0.625689 0.242807
v -0.047885 0.549101 0.299036
v 0.024435 0.621826 0.242807
v 0.024435 0.617962 0.242807
v 0.024435 0.614099 0.242807
v -0.047885 0.560454 0.299036
v 0.024435 0.610235 0.242807
v 0.024435 0.606372 0.242807
v 0.024435 0.602509 0.242807
v -0.047885 0.571807 0.299036
v 0.024435 0.598645 0.242807
v 0.024435 0.594782 0.242807
v -0.047885 0.583160 0.299036
v 0.024435 0.590918 0.242807
v -0.047885 0.594513 0.299036
v 0.024435 0.587055 0.242807
v -0.047885 0.605867 0.299036
v -0.047885 0.617220 0.299036
v -0.047885 0.628573 0.299036
v 0.023798 0.695231 0.256345
v 0.026130 0.692151 0.256345
v -0.047885 0.639926 0.299036
v -0.047885 0.651279 0.299036
v 0.026907 0.687504 0.256345
v -0.047885 0.662632 0.299036
v 0.026907 0.683641 0.256345
v 0.026907 0.679778 0.256345
v -0.047885 0.673985 0.299036
v 0.026907 0.675914 0.256345
v -0.047885 0.685338 0.299036
v -0.047885 0.696691 0.299036
v 0.026907 0.672051 0.256345
v -0.047885 0.708044 0.299036
v 0.026907 0.668187 0.256345
v -0.047885 0.719398 0.299036
v 0.026907 0.664324 0.256345
v -0.047885 0.730751 0.299036
v 0.026907 0.660460 0.256345
v -0.047885 0.742104 0.299036
v 0.026907 0.656597 0.256345
v -0.047885 0.753457 0.299036
v 0.026907 0.652733 0.256345
v 0.026907 0.648870 0.256345
v -0.047885 0.764810 0.299036
v 0.026907 0.645006 0.256345
v -0.047885 0.776163 0.299036
v 0.026907 0.641143 0.256345
v -0.047885 0.787516 0.299036
v 0.026907 0.637280 0.256345
v -0.047885 0.798869 0.299036
v -0.047885 0.810222 0.299036
v 0.026907 0.633416 0.256345
v -0.047885 0.821575 0.299036
v 0.026907 0.629553 0.256345
v -0.047885 0.832928 0.299036
v 0.026907 0.625689 0.256345
v -0.047885 0.844282 0.299036
v 0.026907 0.621826 0.256345
v -0.047885 0.855635 0.299036
v 0.026907 0.617962 0.256345
v -0.047885 0.866988 0.299036
v 0.026907 0.614099 0.256345
v 0.026907 0.610235 0.256345
v -0.047885 0.878341 0.299036
v 0.026907 0.606372 0.256345
v -0.047885 0.889694 0.299036
v 0.026907 0.602509 0.256345
v -0.047885 0.901047 0.299036
v 0.026907 0.598645 0.256345
v -0.047885 0.912400 0.299036
v 0.026907 0.594782 0.256345
v -0.047885 0.923753 0.299036
v 0.026907 0.590918 0.256345
v -0.047885 0.935106 0.299036
v -0.047885 0.946459 0.299036
v 0.026907 0.587055 0.256345
v -0.047885 0.957812 0.299036
v -0.047885 0.969166 0.299036
v -0.047885 0.980519 0.299036
v -0.047885 0.991872 0.299036
v -0.047885 1.003225 0.299036
v -0.047885 1.014578 0.299036
v -0.047885 1.025931 0.299036
v -0.047885 1.037284 0.299036
v -0.047885 1.052277 0.295321
v -0.047885 1.062296 0.289980
v -0.047885 1.072314 0.284639
v -0.047885 1.084732 0.270285
v -0.047885 1.093352 0.254530
v -0.047885 1.094050 -0.299036
v -0.047885 1.082697 -0.299036
v -0.047885 1.071343 -0.299036
v -0.047885 1.059990 -0.299036
v -0.047885 1.048637 -0.299036
v -0.047885 1.037284 -0.299036
v -0.047885 1.025931 -0.299036
v -0.047885 1.014578 -0.299036
v -0.047885 1.003225 -0.299036
v -0.047885 0.991872 -0.299036
v -0.047885 0.980519 -0.299036
v -0.047885 0.969166 -0.299036
v -0.047885 0.957813 -0.299036
v -0.047885 0.946460 -0.299036
v -0.047885 0.935106 -0.299036
v -0.047885 0.923753 -0.299036
v -0.047885 0.912400 -0.299036
v -0.047885 0.901047 -0.299036
v -0.047885 0.889694 -0.299036
v -0.047885 0.878341 -0.299036
v -0.047885 0.866988 -0.299036
v -0.047885 0.855635 -0.299036
v -0.047885 0.844282 -0.299036
v -0.047885 0.832929 -0.299036
v -0.047885 0.821576 -0.299036
v -0.047885 0.810223 -0.299036
v -0.047885 0.798869 -0.299036
v -0.047885 0.787516 -0.299036
v -0.047885 0.776163 -0.299036
v -0.047885 0.764810 -0.299036
v -0.047885 0.753457 -0.299036
v -0.047885 0.742104 -0.299036
v -0.047885 0.730751 -0.299036
v -0.047885 0.719398 -0.299036
v -0.047885 0.708045 -0.299036
v -0.047885 0.696692 -0.299036
v -0.047885 0.685338 -0.299036
v -0.047885 0.673985 -0.299036
v -0.047885 0.662632 -0.299036
v -0.047885 0.651279 -0.299036
v -0.047885 0.639926 -0.299036
v -0.047885 0.628573 -0.299036
v -0.047885 0.617220 -0.299036
v -0.047885 0.605867 -0.299036
v -0.047885 0.594514 -0.299036
v -0.047885 0.583161 -0.299036
v -0.047885 0.571808 -0.299036
v -0.047885 0.560454 -0.299036
v -0.047885 0.549101 -0.299036
v -0.047885 0.537748 -0.299036
v -0.047885 0.526395 -0.299036
v -0.047885 0.515042 -0.299036
v -0.047885 0.503689 -0.299036
v -0.047885 0.492336 -0.299036
v -0.047885 0.480983 -0.299036
v -0.047885 0.469630 -0.299036
v -0.047885 0.458277 -0.299036
v -0.047885 0.446923 -0.299036
v -0.047885 0.435570 -0.299036
v -0.047885 0.424217 -0.299036
v -0.047885 0.412864 -0.299036
v -0.047885 0.401511 -0.299036
v -0.047885 0.390158 -0.299036
v -0.047885 0.378805 -0.299036
v -0.047885 0.367452 -0.299036
v -0.047885 0.356099 -0.299036
v -0.047885 0.344746 -0.299036
v -0.047885 0.333393 -0.299036
v -0.047885 0.322039 -0.299036
v -0.047885 0.310686 -0.299036
v -0.047885 0.299333 -0.299036
v -0.047885 0.287980 -0.299036
v -0.047885 0.276627 -0.299036
v -0.047885 0.265274 -0.299036
v -0.047885 0.253921 -0.299036
v -0.047885 0.242568 -0.299036
v -0.047885 0.231215 -0.299036
v -0.047885 0.219862 -0.299036
v -0.047885 0.208509 -0.299036
v -0.047885 0.197156 -0.299036
v -0.047885 0.185802 -0.299036
v -0.047885 0.174449 -0.299036
v -0.047885 0.163096 -0.299036
v -0.047885 0.151743 -0.299036
v -0.047885 0.140390 -0.299036
v -0.047885 0.129037 -0.299036
v -0.047885 0.117684 -0.299036
v -0.047885 0.106331 -0.299036
v -0.047885 0.094978 -0.299036
v -0.047885 0.083625 -0.299036
v -0.047885 0.072271 -0.299036
v -0.047885 0.060918 -0.299036
v -0.047885 0.049565 -0.299036
v -0.047885 0.038212 -0.299036
v -0.047885 0.026859 -0.299036
v -0.047885 0.015506 -0.299036
v -0.047885 0.004153 -0.299036
v -0.047885 -0.007200 -0.299036
v -0.047885 -0.018553 -0.299036
v -0.047885 -0.029906 -0.299036
v 0.047885 1.094050 -0.299036
v 0.047885 1.082697 -0.299036
v 0.047885 1.071343 -0.299036
v 0.047885 1.059990 -0.299036
v 0.047885 1.048637 -0.299036
v 0.047885 1.037284 -0.299036
v 0.047885 1.025931 -0.299036
v 0.047885 1.014578 -0.299036
v 0.047885 1.003225 -0.299036
v 0.047885 0.991872 -0.299036
v 0.047885 0.980519 -0.299036
v 0.047885 0.969166 -0.299036
v 0.047885 0.957813 -0.299036
v 0.047885 0.946460 -0.299036
v 0.047885 0.935106 -0.299036
v 0.047885 0.923753 -0.299036
v 0.047885 0.912400 -0.299036
v 0.047885 0.901047 -0.299036
v 0.047885 0.889694 -0.299036
v 0.047885 0.878341 -0.299036
v 0.047885 0.866988 -0.299036
v 0.047885 0.855635 -0.299036
v 0.047885 0.844282 -0.299036
v 0.047885 0.832929 -0.299036
v 0.047885 0.821576 -0.299036
v 0.047885 0.810223 -0.299036
v 0.047885 0.798869 -0.299036
v 0.047885 0.787516 -0.299036
v 0.047885 0.776163 -0.299036
v 0.047885 0.764810 -0.299036
v 0.047885 0.753457 -0.299036
v 0.047885 0.742104 -0.299036
v 0.047885 0.730751 -0.299036
v 0.047885 0.719398 -0.299036
v 0.047885 0.708045 -0.299036
v 0.047885 0.696692 -0.299036
v 0.047885 0.685338 -0.299036
v 0.047885 0.673985 -0.299036
v 0.047885 0.662632 -0.299036
v 0.047885 0.651279 -0.299036
v 0.047885 0.639926 -0.299036
v 0.047885 0.628573 -0.299036
v 0.047885 0.617220 -0.299036
v 0.047885 0.605867 -0.299036
v 0.047885 0.594514 -0.299036
v 0.047885 0.583161 -0.299036
v 0.047885 0.571808 -0.299036
v 0.047885 0.560454 -0.299036
v 0.047885 0.549101 -0.299036
v 0.047885 0.537748 -0.299036
v 0.047885 0.526395 -0.299036
v 0.047885 0.515042 -0.299036
v 0.047885 0.503689 -0.299036
v 0.047885 0.492336 -0.299036
v 0.047885 0.480983 -0.299036
v 0.047885 0.469630 -0.299036
v 0.047885 0.458277 -0.299036
v 0.047885 0.446923 -0.299036
v 0.047885 0.435570 -0.299036
v 0.047885 0.424217 -0.299036
v 0.047885 0.412864 -0.299036
v 0.047885 0.401511 -0.299036
v 0.047885 0.390158 -0.299036
v 0.047885 0.378805 -0.299036
v 0.047885 0.367452 -0.299036
v 0.047885 0.356099 -0.299036
v 0.047885 0.344746 -0.299036
v 0.047885 0.333393 -0.299036
v 0.047885 0.322039 -0.299036
v 0.047885 0.310686 -0.299036
v 0.047885 0.299333 -0.299036
v 0.047885 0.287980 -0.299036
v 0.047885 0.276627 -0.299036
v 0.047885 0.265274 -0.299036
v 0.047885 0.253921 -0.299036
v 0.047885 0.242568 -0.299036
v 0.047885 0.231215 -0.299036
v 0.047885 0.219862 -0.299036
v 0.047885 0.208509 -0.299036
v 0.047885 0.197156 -0.299036
v 0.047885 0.185802 -0.299036
v 0.047885 0.174449 -0.299036
v 0.047885 0.163096 -0.299036
v 0.047885 0.151743 -0.299036
v 0.047885 0.140390 -0.299036
v 0.047885 0.129037 -0.299036
v 0.047885 0.117684 -0.299036
v 0.047885 0.106331 -0.299036
v 0.047885 0.094978 -0.299036
v 0.047885 0.083625 -0.299036
v 0.047885 0.072271 -0.299036
v 0.047885 0.060918 -0.299036
v 0.047885 0.049565 -0.299036
v 0.047885 0.038212 -0.299036
v 0.047885 0.026859 -0.299036
v 0.047885 0.015506 -0.299036
v 0.047885 0.004153 -0.299036
v 0.047885 -0.007200 -0.299036
v 0.047885 -0.018553 -0.299036
v 0.047885 -0.029906 -0.299036
v 0.047885 1.093352 0.254530
v 0.047885 1.084732 0.270285
v 0.047885 1.072314 0.284639
v 0.047885 1.062296 0.289980
v 0.047885 1.048637 0.299036
v 0.047885 1.037284 0.299036
v 0.047885 1.025931 0.299036
v 0.047885 1.014578 0.299036
v 0.047885 1.003225 0.299036
v 0.047885 0.991872 0.299036
v 0.047885 0.980519 0.299036
v 0.047885 0.969166 0.299036
v 0.047885 0.957813 0.299036
v 0.047885 0.946460 0.299036
v 0.047885 0.935106 0.299036
v 0.047885 0.923753 0.299036
v 0.047885 0.912400 0.299036
v 0.047885 0.901047 0.299036
v 0.047885 0.889694 0.299036
v 0.047885 0.878341 0.299036
v 0.047885 0.866988 0.299036
v 0.047885 0.855635 0.299036
v 0.047885 0.844282 0.299036
v 0.047885 0.832929 0.299036
v 0.047885 0.821576 0.299036
v 0.047885 0.810223 0.299036
v 0.047885 0.798869 0.299036
v 0.047885 0.787516 0.299036
v 0.047885 0.776163 0.299036
v 0.047885 0.764810 0.299036
v 0.047885 0.753457 0.299036
v 0.047885 0.742104 0.299036
v 0.047885 0.730751 0.299036
v 0.047885 0.719398 0.299036
v 0.047885 0.708045 0.299036
v 0.047885 0.696692 0.299036
v 0.047885 0.685338 0.299036
v 0.047885 0.673985 0.299036
v 0.047885 0.662632 0.299036
v 0.047885 0.651279 0.299036
v 0.047885 0.639926 0.299036
v 0.047885 0.628573 0.299036
v 0.047885 0.617220 0.299036
v 0.047885 0.605867 0.299036
v 0.047885 0.594514 0.299036
v 0.047885 0.583161 0.299036
v 0.047885 0.571808 0.299036
v 0.047885 0.560454 0.299036
v 0.047885 0.549101 0.299036
v 0.047885 0.537748 0.299036
v 0.047885 0.526395 0.299036
v 0.047885 0.515042 0.299036
v 0.047885 0.503689 0.299036
v 0.047885 0.492336 0.299036
v 0.047885 0.480983 0.299036
v 0.047885 0.469630 0.299036
v 0.047885 0.458277 0.299036
v 0.047885 0.446923 0.299036
v 0.047885 0.435570 0.299036
v 0.047885 0.424217 0.299036
v 0.047885 0.412864 0.299036
v 0.047885 0.401511 0.299036
v 0.047885 0.390158 0.299036
v 0.047885 0.378805 0.299036
v 0.047885 0.367452 0.299036
v 0.047885 0.356099 0.299036
v 0.047885 0.344746 0.299036
v 0.047885 0.333393 0.299036
v 0.047885 0.322039 0.299036
v 0.047885 0.310686 0.299036
v 0.047885 0.299333 0.299036
v 0.047885 0.287980 0.299036
v 0.047885 0.276627 0.299036
v 0.047885 0.265274 0.299036
v 0.047885 0.253921 0.299036
v 0.047885 0.242568 0.299036
v 0.047885 0.231215 0.299036
v 0.047885 0.219862 0.299036
v 0.047885 0.208509 0.299036
v 0.047885 0.197156 0.299036
v 0.047885 0.185802 0.299036
v 0.047885 0.174449 0.299036
v 0.047885 0.163096 0.299036
v 0.047885 0.151743 0.299036
v 0.047885 0.140390 0.299036
v 0.047885 0.129037 0.299036
v 0.047885 0.117684 0.299036
v 0.047885 0.106331 0.299036
v 0.047885 0.094978 0.299036
v 0.047885 0.083625 0.299036
v 0.047885 0.072271 0.299036
v 0.047885 0.060918 0.299036
v 0.047885 0.049565 0.299036
v 0.047885 0.038212 0.299036
v 0.047885 0.026859 0.299036
v 0.047885 0.015506 0.299036
v 0.047885 0.004153 0.299036
v 0.047885 -0.007200 0.299036
v 0.047885 -0.018553 0.299036
v 0.047885 -0.029906 0.299036
v -0.028694 0.594514 0.299036
v 0.026064 0.585848 0.299036
v 0.026064 0.586764 0.299036
v 0.026907 0.590001 0.299036
v 0.026907 0.590918 0.299036
v 0.026907 0.594514 0.299036
v -0.028694 0.590918 0.299036
v -0.027731 0.586981 0.299036
v 0.024309 0.583482 0.299036
v -0.026811 0.583265 0.299036
v -0.026811 0.584182 0.299036
v -0.027731 0.587898 0.299036
v -0.028694 0.605867 0.299036
v 0.026907 0.598645 0.299036
v 0.026907 0.602509 0.299036
v 0.026907 0.605867 0.299036
v -0.028694 0.594782 0.299036
v -0.028694 0.598645 0.299036
v 0.026907 0.594782 0.299036
v -0.028694 0.602509 0.299036
v -0.028694 0.617220 0.299036
v 0.026907 0.617220 0.299036
v 0.026907 0.610235 0.299036
v 0.026907 0.614099 0.299036
v -0.028694 0.606372 0.299036
v -0.028694 0.610236 0.299036
v 0.026907 0.606372 0.299036
v -0.028694 0.614099 0.299036
v -0.028694 0.628573 0.299036
v 0.026907 0.621826 0.299036
v 0.026907 0.625689 0.299036
v 0.026907 0.628573 0.299036
v -0.028694 0.617962 0.299036
v -0.028694 0.621826 0.299036
v 0.026907 0.617962 0.299036
v -0.028694 0.625689 0.299036
v -0.028694 0.639926 0.299036
v 0.026907 0.633416 0.299036
v 0.026907 0.637280 0.299036
v 0.026907 0.639926 0.299036
v -0.028694 0.629553 0.299036
v -0.028694 0.633416 0.299036
v 0.026907 0.629553 0.299036
v -0.028694 0.637280 0.299036
v -0.028694 0.651279 0.299036
v 0.026907 0.645006 0.299036
v 0.026907 0.648870 0.299036
v 0.026907 0.651279 0.299036
v -0.028694 0.641143 0.299036
v -0.028694 0.645006 0.299036
v 0.026907 0.641143 0.299036
v -0.028694 0.648870 0.299036
v -0.028694 0.660460 0.299036
v -0.028694 0.662632 0.299036
v 0.026907 0.662632 0.299036
v 0.026907 0.660460 0.299036
v 0.026907 0.656597 0.299036
v -0.028694 0.652733 0.299036
v -0.028694 0.656597 0.299036
v 0.026907 0.652733 0.299036
v -0.028694 0.672051 0.299036
v -0.028694 0.673985 0.299036
v 0.026907 0.673985 0.299036
v 0.026907 0.672051 0.299036
v 0.026907 0.668187 0.299036
v -0.028694 0.664324 0.299036
v -0.028694 0.668187 0.299036
v 0.026907 0.664324 0.299036
v -0.028495 0.684780 0.299036
v -0.028220 0.685321 0.299036
v -0.028220 0.685338 0.299036
v 0.026907 0.685338 0.299036
v 0.026907 0.683641 0.299036
v 0.026907 0.679778 0.299036
v -0.028694 0.675914 0.299036
v -0.028694 0.679778 0.299036
v 0.026907 0.675914 0.299036
v -0.028495 0.681834 0.299036
v -0.024548 0.695269 0.299036
v -0.022598 0.696691 0.299036
v 0.023798 0.695231 0.299036
v 0.026130 0.692151 0.299036
v 0.022693 0.696692 0.299036
v -0.028451 0.688807 0.299036
v -0.028220 0.688267 0.299036
v -0.028451 0.691754 0.299036
v 0.026907 0.687504 0.299036
v -0.027710 0.692294 0.299036
v -0.021427 0.697545 0.299036
v 0.021466 0.698312 0.299036
v -0.024548 0.695269 0.298786
v -0.021427 0.697545 0.298786
v 0.021325 0.695233 0.256345
v 0.019027 0.698268 0.256345
v 0.019027 0.698268 0.298786
v 0.024167 0.584034 0.256345
v 0.023611 0.583283 0.256345
v -0.028694 0.583225 0.256345
v 0.024191 0.587055 0.256345
v 0.024167 0.586963 0.256345
v 0.024435 0.587989 0.256345
v 0.024435 0.590918 0.256345
v 0.024435 0.594782 0.256345
v 0.024435 0.598645 0.256345
v 0.024435 0.602509 0.256345
v 0.024435 0.606372 0.256345
v 0.024435 0.610235 0.256345
v 0.024435 0.614099 0.256345
v 0.024435 0.617962 0.256345
v 0.024435 0.621826 0.256345
v 0.024435 0.625689 0.256345
v 0.024435 0.629553 0.256345
v 0.024435 0.633416 0.256345
v 0.024435 0.637280 0.256345
v 0.024435 0.641143 0.256345
v 0.024435 0.645006 0.256345
v 0.024435 0.648870 0.256345
v 0.024435 0.652733 0.256345
v 0.024435 0.656597 0.256345
v 0.024435 0.660460 0.256345
v 0.024435 0.664324 0.256345
v 0.024435 0.668187 0.256345
v 0.024435 0.672051 0.256345
v 0.024435 0.675914 0.256345
v 0.024435 0.679778 0.256345
v 0.024435 0.683858 0.256345
v 0.024435 0.683641 0.256345
v 0.024435 0.687504 0.256345
v 0.024410 0.687654 0.256345
v 0.023629 0.692190 0.256345
v 0.023658 0.692151 0.256345
v 0.021326 0.695231 0.256345
v -0.026822 0.584199 0.298786
v -0.027725 0.586947 0.298785
v -0.027736 0.586982 0.298785
v -0.026822 0.583299 0.298786
v -0.027736 0.587916 0.298785
v -0.028694 0.590918 0.298786
v -0.028694 0.594782 0.298786
v -0.028694 0.594782 0.298786
v -0.028694 0.598645 0.298786
v -0.028694 0.598645 0.298786
v -0.028694 0.602509 0.298786
v -0.028694 0.602509 0.298786
v -0.028694 0.606372 0.298786
v -0.028694 0.610236 0.298786
v -0.028694 0.610236 0.298786
v -0.028694 0.614099 0.298786
v -0.028694 0.614099 0.298786
v -0.028694 0.617962 0.298786
v -0.028694 0.617962 0.298786
v -0.028694 0.621826 0.298786
v -0.028694 0.621826 0.298786
v -0.028694 0.625689 0.298786
v -0.028694 0.625689 0.298786
v -0.028694 0.629553 0.298786
v -0.028694 0.629553 0.298786
v -0.028694 0.633416 0.298786
v -0.028694 0.633416 0.298786
v -0.028694 0.637280 0.298786
v -0.028694 0.637280 0.298786
v -0.028694 0.641143 0.298786
v -0.028694 0.645006 0.298786
v -0.028694 0.648870 0.298786
v -0.028694 0.648870 0.298786
v -0.028694 0.652733 0.298786
v -0.028694 0.656597 0.298786
v -0.028694 0.660460 0.298786
v -0.028694 0.660460 0.298786
v -0.028694 0.664324 0.298786
v -0.028694 0.668187 0.298786
v -0.028694 0.668187 0.298786
v -0.028694 0.672051 0.298786
v -0.028694 0.675914 0.298786
v -0.028694 0.679778 0.298786
v -0.028694 0.679778 0.298786
v -0.028496 0.681822 0.298786
v -0.028491 0.684802 0.298786
v -0.028496 0.684751 0.298786
v -0.028496 0.683641 0.298786
v -0.028218 0.685339 0.298786
v -0.028211 0.688281 0.298786
v -0.028218 0.688268 0.298786
v -0.028218 0.687504 0.298786
v -0.028441 0.691748 0.298786
v -0.028447 0.691761 0.298786
v -0.028418 0.691407 0.298786
v -0.028428 0.691774 0.298786
v -0.024551 0.695267 0.298786
v -0.056028 -0.033394 0.294934
v -0.056028 1.091192 0.241307
v -0.056028 -0.033394 -0.294934
v -0.028698 0.583191 0.242807
v -0.056028 1.097538 -0.294934
v -0.021431 0.697545 0.242807
v 0.056028 -0.033394 0.294934
v 0.056028 1.091192 0.241307
v 0.056028 -0.033394 -0.294934
v 0.026903 0.583191 0.242807
v 0.056028 1.097538 -0.294934
v 0.021462 0.698312 0.242807
v -0.056028 -0.022197 0.294934
v -0.056028 -0.011000 0.294934
v -0.056028 0.000198 0.294934
v -0.056028 0.011395 0.294934
v -0.056028 0.022592 0.294934
v -0.056028 0.033790 0.294934
v -0.056028 0.044987 0.294934
v -0.056028 0.056184 0.294934
v -0.056028 0.067382 0.294934
v -0.056028 0.078579 0.294934
v -0.056028 0.089776 0.294934
v -0.056028 0.100974 0.294934
v -0.056028 0.112171 0.294934
v -0.056028 0.123368 0.294934
v -0.056028 0.134566 0.294934
v -0.056028 0.145763 0.294934
v -0.056028 0.156960 0.294934
v -0.056028 0.168158 0.294934
v -0.056028 0.179355 0.294934
v -0.056028 0.190552 0.294934
v -0.056028 0.201750 0.294934
v -0.056028 0.212947 0.294934
v -0.056028 0.224144 0.294934
v -0.056028 0.235342 0.294934
v -0.056028 0.246539 0.294934
v -0.056028 0.257736 0.294934
v -0.056028 0.268934 0.294934
v -0.056028 0.280131 0.294934
v -0.056028 0.291328 0.294934
v -0.024552 0.695269 0.242807
v -0.056028 0.302526 0.294934
v -0.027674 0.692993 0.242807
v -0.056028 0.313723 0.294934
v -0.026699 0.690717 0.242807
v -0.056028 0.324920 0.294934
v -0.027857 0.688441 0.242807
v -0.056028 0.336118 0.294934
v -0.028698 0.679778 0.242807
v -0.056028 0.347315 0.294934
v -0.056028 0.358513 0.294934
v -0.028698 0.675914 0.242807
v -0.056028 0.369710 0.294934
v -0.028698 0.672051 0.242807
v -0.028698 0.668187 0.242807
v -0.056028 0.380907 0.294934
v -0.028698 0.664324 0.242807
v -0.056028 0.392105 0.294934
v -0.028698 0.660460 0.242807
v -0.056028 0.403302 0.294934
v -0.056028 0.414499 0.294934
v -0.028698 0.656597 0.242807
v -0.056028 0.425697 0.294934
v -0.028698 0.652733 0.242807
v -0.028698 0.648870 0.242807
v -0.056028 0.436894 0.294934
v -0.028698 0.645006 0.242807
v -0.056028 0.448091 0.294934
v -0.028698 0.641143 0.242807
v -0.056028 0.459289 0.294934
v -0.028698 0.637280 0.242807
v -0.056028 0.470486 0.294934
v -0.056028 0.481683 0.294934
v -0.028698 0.633416 0.242807
v -0.056028 0.492881 0.294934
v -0.028698 0.629553 0.242807
v -0.028698 0.625689 0.242807
v -0.056028 0.504078 0.294934
v -0.028698 0.621826 0.242807
v -0.056028 0.515275 0.294934
v -0.028698 0.617962 0.242807
v -0.056028 0.526473 0.294934
v -0.028698 0.614099 0.242807
v -0.056028 0.537670 0.294934
v -0.028698 0.610235 0.242807
v -0.056028 0.548867 0.294934
v -0.028698 0.606372 0.242807
v -0.056028 0.560065 0.294934
v -0.028698 0.602509 0.242807
v -0.056028 0.571262 0.294934
v -0.056028 0.582460 0.294934
v -0.028698 0.598645 0.242807
v -0.028698 0.594782 0.242807
v -0.056028 0.593657 0.294934
v -0.056028 0.604854 0.294934
v -0.028698 0.590918 0.242807
v -0.056028 0.616052 0.294934
v -0.028698 0.587055 0.242807
v -0.056028 0.627249 0.294934
v 0.023794 0.695231 0.242807
v 0.026126 0.692151 0.242807
v -0.056028 0.638446 0.294934
v 0.026903 0.687504 0.242807
v -0.056028 0.649644 0.294934
v 0.026903 0.683641 0.242807
v -0.056028 0.660841 0.294934
v -0.056028 0.672038 0.294934
v 0.026903 0.679778 0.242807
v 0.026903 0.675914 0.242807
v -0.056028 0.683236 0.294934
v 0.026903 0.672051 0.242807
v -0.056028 0.694433 0.294934
v -0.056028 0.705630 0.294934
v 0.026903 0.668187 0.242807
v 0.026903 0.664324 0.242807
v -0.056028 0.716828 0.294934
v -0.056028 0.728025 0.294934
v 0.026903 0.660460 0.242807
v -0.056028 0.739222 0.294934
v 0.026903 0.656597 0.242807
v -0.056028 0.750420 0.294934
v 0.026903 0.652733 0.242807
v 0.026903 0.648870 0.242807
v -0.056028 0.761617 0.294934
v 0.026903 0.645006 0.242807
v -0.056028 0.772814 0.294934
v 0.026903 0.641143 0.242807
v -0.056028 0.784012 0.294934
v 0.026903 0.637280 0.242807
v -0.056028 0.795209 0.294934
v -0.056028 0.806406 0.294934
v 0.026903 0.633416 0.242807
v -0.056028 0.817604 0.294934
v 0.026903 0.629553 0.242807
v -0.056028 0.828801 0.294934
v 0.026903 0.625689 0.242807
v -0.056028 0.839998 0.294934
v 0.026903 0.621826 0.242807
v -0.056028 0.851196 0.294934
v 0.026903 0.617962 0.242807
v -0.056028 0.862393 0.294934
v 0.026903 0.614099 0.242807
v 0.026903 0.610235 0.242807
v -0.056028 0.873590 0.294934
v 0.026903 0.606372 0.242807
v -0.056028 0.884788 0.294934
v 0.026903 0.602509 0.242807
v -0.056028 0.895985 0.294934
v 0.026903 0.598645 0.242807
v -0.056028 0.907183 0.294934
v 0.026903 0.594782 0.242807
v -0.056028 0.918380 0.294934
v 0.026903 0.590918 0.242807
v -0.056028 0.929577 0.294934
v -0.056028 0.940775 0.294934
v 0.026903 0.587055 0.242807
v -0.056028 0.951972 0.294934
v -0.056028 0.963169 0.294934
v -0.056028 0.974367 0.294934
v -0.056028 0.985564 0.294934
v -0.056028 0.996761 0.294934
v -0.056028 1.007959 0.294934
v -0.056028 1.019156 0.294934
v -0.056028 1.030353 0.294934
v -0.056028 1.045141 0.291270
v -0.056028 1.055022 0.286002
v -0.056028 1.064903 0.280735
v -0.056028 1.077150 0.266577
v -0.056028 1.085652 0.251038
v -0.056028 1.086340 -0.294934
v -0.056028 1.075143 -0.294934
v -0.056028 1.063946 -0.294934
v -0.056028 1.052748 -0.294934
v -0.056028 1.041551 -0.294934
v -0.056028 1.030354 -0.294934
v -0.056028 1.019156 -0.294934
v -0.056028 1.007959 -0.294934
v -0.056028 0.996762 -0.294934
v -0.056028 0.985564 -0.294934
v -0.056028 0.974367 -0.294934
v -0.056028 0.963169 -0.294934
v -0.056028 0.951972 -0.294934
v -0.056028 0.940775 -0.294934
v -0.056028 0.929577 -0.294934
v -0.056028 0.918380 -0.294934
v -0.056028 0.907183 -0.294934
v -0.056028 0.895985 -0.294934
v -0.056028 0.884788 -0.294934
v -0.056028 0.873591 -0.294934
v -0.056028 0.862393 -0.294934
v -0.056028 0.851196 -0.294934
v -0.056028 0.839999 -0.294934
v -0.056028 0.828801 -0.294934
v -0.056028 0.817604 -0.294934
v -0.056028 0.806407 -0.294934
v -0.056028 0.795209 -0.294934
v -0.056028 0.784012 -0.294934
v -0.056028 0.772815 -0.294934
v -0.056028 0.761617 -0.294934
v -0.056028 0.750420 -0.294934
v -0.056028 0.739223 -0.294934
v -0.056028 0.728025 -0.294934
v -0.056028 0.716828 -0.294934
v -0.056028 0.705631 -0.294934
v -0.056028 0.694433 -0.294934
v -0.056028 0.683236 -0.294934
v -0.056028 0.672039 -0.294934
v -0.056028 0.660841 -0.294934
v -0.056028 0.649644 -0.294934
v -0.056028 0.638447 -0.294934
v -0.056028 0.627249 -0.294934
v -0.056028 0.616052 -0.294934
v -0.056028 0.604854 -0.294934
v -0.056028 0.593657 -0.294934
v -0.056028 0.582460 -0.294934
v -0.056028 0.571262 -0.294934
v -0.056028 0.560065 -0.294934
v -0.056028 0.548868 -0.294934
v -0.056028 0.537670 -0.294934
v -0.056028 0.526473 -0.294934
v -0.056028 0.515276 -0.294934
v -0.056028 0.504078 -0.294934
v -0.056028 0.492881 -0.294934
v -0.056028 0.481684 -0.294934
v -0.056028 0.470486 -0.294934
v -0.056028 0.459289 -0.294934
v -0.056028 0.448092 -0.294934
v -0.056028 0.436894 -0.294934
v -0.056028 0.425697 -0.294934
v -0.056028 0.414500 -0.294934
v -0.056028 0.403302 -0.294934
v -0.056028 0.392105 -0.294934
v -0.056028 0.380907 -0.294934
v -0.056028 0.369710 -0.294934
v -0.056028 0.358513 -0.294934
v -0.056028 0.347315 -0.294934
v -0.056028 0.336118 -0.294934
v -0.056028 0.324921 -0.294934
v -0.056028 0.313723 -0.294934
v -0.056028 0.302526 -0.294934
v -0.056028 0.291329 -0.294934
v -0.056028 0.280131 -0.294934
v -0.056028 0.268934 -0.294934
v -0.056028 0.257737 -0.294934
v -0.056028 0.246539 -0.294934
v -0.056028 0.235342 -0.294934
v -0.056028 0.224145 -0.294934
v -0.056028 0.212947 -0.294934
v -0.056028 0.201750 -0.294934
v -0.056028 0.190553 -0.294934
v -0.056028 0.179355 -0.294934
v -0.056028 0.168158 -0.294934
v -0.056028 0.156961 -0.294934
v -0.056028 0.145763 -0.294934
v -0.056028 0.134566 -0.294934
v -0.056028 0.123369 -0.294934
v -0.056028 0.112171 -0.294934
v -0.056028 0.100974 -0.294934
v -0.056028 0.089777 -0.294934
v -0.056028 0.078579 -0.294934
v -0.056028 0.067382 -0.294934
v -0.056028 0.056185 -0.294934
v -0.056028 0.044987 -0.294934
v -0.056028 0.033790 -0.294934
v -0.056028 0.022592 -0.294934
v -0.056028 0.011395 -0.294934
v -0.056028 0.000198 -0.294934
v -0.056028 -0.011000 -0.294934
v -0.056028 -0.022197 -0.294934
v 0.056028 1.086340 -0.294934
v 0.056028 1.075143 -0.294934
v 0.056028 1.063946 -0.294934
v 0.056028 1.052748 -0.294934
v 0.056028 1.041551 -0.294934
v 0.056028 1.030354 -0.294934
v 0.056028 1.019156 -0.294934
v 0.056028 1.007959 -0.294934
v 0.056028 0.996762 -0.294934
v 0.056028 0.985564 -0.294934
v 0.056028 0.974367 -0.294934
v 0.056028 0.963169 -0.294934
v 0.056028 0.951972 -0.294934
v 0.056028 0.940775 -0.294934
v 0.056028 0.929577 -0.294934
v 0.056028 0.918380 -0.294934
v 0.056028 0.907183 -0.294934
v 0.056028 0.895985 -0.294934
v 0.056028 0.884788 -0.294934
v 0.056028 0.873591 -0.294934
v 0.056028 0.862393 -0.294934
v 0.056028 0.851196 -0.294934
v 0.056028 0.839999 -0.294934
v 0.056028 0.828801 -0.294934
v 0.056028 0.817604 -0.294934
v 0.056028 0.806407 -0.294934
v 0.056028 0.795209 -0.294934
v 0.056028 0.784012 -0.294934
v 0.056028 0.772815 -0.294934
v 0.056028 0.761617 -0.294934
v 0.056028 0.750420 -0.294934
v 0.056028 0.739223 -0.294934
v 0.056028 0.728025 -0.294934
v 0.056028 0.716828 -0.294934
v 0.056028 0.705631 -0.294934
v 0.056028 0.694433 -0.294934
v 0.056028 0.683236 -0.294934
v 0.056028 0.672039 -0.294934
v 0.056028 0.660841 -0.294934
v 0.056028 0.649644 -0.294934
v 0.056028 0.638447 -0.294934
v 0.056028 0.627249 -0.294934
v 0.056028 0.616052 -0.294934
v 0.056028 0.604854 -0.294934
v 0.056028 0.593657 -0.294934
v 0.056028 0.582460 -0.294934
v 0.056028 0.571262 -0.294934
v 0.056028 0.560065 -0.294934
v 0.056028 0.548868 -0.294934
v 0.056028 0.537670 -0.294934
v 0.056028 0.526473 -0.294934
v 0.056028 0.515276 -0.294934
v 0.056028 0.504078 -0.294934
v 0.056028 0.492881 -0.294934
v 0.056028 0.481684 -0.294934
v 0.056028 0.470486 -0.294934
v 0.056028 0.459289 -0.294934
v 0.056028 0.448092 -0.294934
v 0.056028 0.436894 -0.294934
v 0.056028 0.425697 -0.294934
v 0.056028 0.414500 -0.294934
v 0.056028 0.403302 -0.294934
v 0.056028 0.392105 -0.294934
v 0.056028 0.380907 -0.294934
v 0.056028 0.369710 -0.294934
v 0.056028 0.358513 -0.294934
v 0.056028 0.347315 -0.294934
v 0.056028 0.336118 -0.294934
v 0.056028 0.324921 -0.294934
v 0.056028 0.313723 -0.294934
v 0.056028 0.302526 -0.294934
v 0.056028 0.291329 -0.294934
v 0.056028 0.280131 -0.294934
v 0.056028 0.268934 -0.294934
v 0.056028 0.257737 -0.294934
v 0.056028 0.246539 -0.294934
v 0.056028 0.235342 -0.294934
v 0.056028 0.224145 -0.294934
v 0.056028 0.212947 -0.294934
v 0.056028 0.201750 -0.294934
v 0.056028 0.190553 -0.294934
v 0.056028 0.179355 -0.294934
v 0.056028 0.168158 -0.294934
v 0.056028 0.156961 -0.294934
v 0.056028 0.145763 -0.294934
v 0.056028 0.134566 -0.294934
v 0.056028 0.123369 -0.294934
v 0.056028 0.112171 -0.294934
v 0.056028 0.100974 -0.294934
v 0.056028 0.089777 -0.294934
v 0.056028 0.078579 -0.294934
v 0.056028 0.067382 -0.294934
v 0.056028 0.056185 -0.294934
v 0.056028 0.044987 -0.294934
v 0.056028 0.033790 -0.294934
v 0.056028 0.022592 -0.294934
v 0.056028 0.011395 -0.294934
v 0.056028 0.000198 -0.294934
v 0.056028 -0.011000 -0.294934
v 0.056028 -0.022197 -0.294934
v 0.056028 1.085652 0.251038
v 0.056028 1.077150 0.266577
v 0.056028 1.064903 0.280735
v 0.056028 1.055022 0.286002
v 0.056028 1.041551 0.294934
v 0.056028 1.030354 0.294934
v 0.056028 1.019156 0.294934
v 0.056028 1.007959 0.294934
v 0.056028 0.996762 0.294934
v 0.056028 0.985564 0.294934
v 0.056028 0.974367 0.294934
v 0.056028 0.963169 0.294934
v 0.056028 0.951972 0.294934
v 0.056028 0.940775 0.294934
v 0.056028 0.929577 0.294934
v 0.056028 0.918380 0.294934
v 0.056028 0.907183 0.294934
v 0.056028 0.895985 0.294934
v 0.056028 0.884788 0.294934
v 0.056028 0.873591 0.294934
v 0.056028 0.862393 0.294934
v 0.056028 0.851196 0.294934
v 0.056028 0.839999 0.294934
v 0.056028 0.828801 0.294934
v 0.056028 0.817604 0.294934
v 0.056028 0.806407 0.294934
v 0.056028 0.795209 0.294934
v 0.056028 0.784012 0.294934
v 0.056028 0.772815 0.294934
v 0.056028 0.761617 0.294934
v 0.056028 0.750420 0.294934
v 0.056028 0.739223 0.294934
v 0.056028 0.728025 0.294934
v 0.056028 0.716828 0.294934
v 0.056028 0.705631 0.294934
v 0.056028 0.694433 0.294934
v 0.056028 0.683236 0.294934
v 0.056028 0.672039 0.294934
v 0.056028 0.660841 0.294934
v 0.056028 0.649644 0.294934
v 0.056028 0.638447 0.294934
v 0.056028 0.627249 0.294934
v 0.056028 0.616052 0.294934
v 0.056028 0.604854 0.294934
v 0.056028 0.593657 0.294934
v 0.056028 0.582460 0.294934
v 0.056028 0.571262 0.294934
v 0.056028 0.560065 0.294934
v 0.056028 0.548868 0.294934
v 0.056028 0.537670 0.294934
v 0.056028 0.526473 0.294934
v 0.056028 0.515276 0.294934
v 0.056028 0.504078 0.294934
v 0.056028 0.492881 0.294934
v 0.056028 0.481684 0.294934
v 0.056028 0.470486 0.294934
v 0.056028 0.459289 0.294934
v 0.056028 0.448092 0.294934
v 0.056028 0.436894 0.294934
v 0.056028 0.425697 0.294934
v 0.056028 0.414500 0.294934
v 0.056028 0.403302 0.294934
v 0.056028 0.392105 0.294934
v 0.056028 0.380907 0.294934
v 0.056028 0.369710 0.294934
v 0.056028 0.358513 0.294934
v 0.056028 0.347315 0.294934
v 0.056028 0.336118 0.294934
v 0.056028 0.324921 0.294934
v 0.056028 0.313723 0.294934
v 0.056028 0.302526 0.294934
v 0.056028 0.291329 0.294934
v 0.056028 0.280131 0.294934
v 0.056028 0.268934 0.294934
v 0.056028 0.257737 0.294934
v 0.056028 0.246539 0.294934
v 0.056028 0.235342 0.294934
v 0.056028 0.224145 0.294934
v 0.056028 0.212947 0.294934
v 0.056028 0.201750 0.294934
v 0.056028 0.190553 0.294934
v 0.056028 0.179355 0.294934
v 0.056028 0.168158 0.294934
v 0.056028 0.156961 0.294934
v 0.056028 0.145763 0.294934
v 0.056028 0.134566 0.294934
v 0.056028 0.123369 0.294934
v 0.056028 0.112171 0.294934
v 0.056028 0.100974 0.294934
v 0.056028 0.089777 0.294934
v 0.056028 0.078579 0.294934
v 0.056028 0.067382 0.294934
v 0.056028 0.056185 0.294934
v 0.056028 0.044987 0.294934
v 0.056028 0.033790 0.294934
v 0.056028 0.022592 0.294934
v 0.056028 0.011395 0.294934
v 0.056028 0.000198 0.294934
v 0.056028 -0.011000 0.294934
v 0.056028 -0.022197 0.294934
v -0.028698 0.593657 0.294934
v 0.025873 0.586700 0.294934
v 0.026903 0.590652 0.294934
v 0.026903 0.590918 0.294934
v 0.026903 0.593657 0.294934
v 0.025873 0.586435 0.294934
v -0.028698 0.590918 0.294934
v -0.027522 0.586965 0.294934
v -0.027522 0.587231 0.294934
v -0.026399 0.583547 0.294934
v -0.026399 0.583281 0.294934
v 0.023731 0.583546 0.294934
v -0.028698 0.602509 0.294934
v -0.028698 0.604854 0.294934
v 0.026903 0.604854 0.294934
v 0.026903 0.602509 0.294934
v 0.026903 0.598645 0.294934
v -0.028698 0.594782 0.294934
v -0.028698 0.598645 0.294934
v 0.026903 0.594782 0.294934
v -0.028698 0.614099 0.294934
v -0.028698 0.616052 0.294934
v 0.026903 0.616052 0.294934
v 0.026903 0.614099 0.294934
v 0.026903 0.610235 0.294934
v -0.028698 0.606372 0.294934
v -0.028698 0.610235 0.294934
v 0.026903 0.606372 0.294934
v -0.028698 0.625689 0.294934
v -0.028698 0.627249 0.294934
v 0.026903 0.627249 0.294934
v 0.026903 0.625689 0.294934
v 0.026903 0.621826 0.294934
v -0.028698 0.617962 0.294934
v -0.028698 0.621826 0.294934
v 0.026903 0.617962 0.294934
v -0.028698 0.637280 0.294934
v -0.028698 0.638446 0.294934
v 0.026903 0.638446 0.294934
v 0.026903 0.637280 0.294934
v 0.026903 0.633416 0.294934
v -0.028698 0.629553 0.294934
v -0.028698 0.633416 0.294934
v 0.026903 0.629553 0.294934
v -0.028698 0.648870 0.294934
v -0.028698 0.649644 0.294934
v 0.026903 0.649644 0.294934
v 0.026903 0.648870 0.294934
v 0.026903 0.645006 0.294934
v -0.028698 0.641143 0.294934
v -0.028698 0.645006 0.294934
v 0.026903 0.641143 0.294934
v -0.028698 0.660460 0.294934
v 0.026903 0.652733 0.294934
v -0.028698 0.660841 0.294934
v 0.026903 0.660841 0.294934
v 0.026903 0.660460 0.294934
v 0.026903 0.656597 0.294934
v -0.028698 0.652733 0.294934
v -0.028698 0.656597 0.294934
v -0.028698 0.672038 0.294934
v 0.026903 0.664324 0.294934
v 0.026903 0.668187 0.294934
v 0.026903 0.672038 0.294934
v -0.028698 0.664324 0.294934
v -0.028698 0.668187 0.294934
v -0.028640 0.683236 0.294934
v 0.026903 0.675914 0.294934
v 0.026903 0.679778 0.294934
v 0.026903 0.683236 0.294934
v -0.028698 0.672051 0.294934
v -0.028698 0.675914 0.294934
v -0.028698 0.679778 0.294934
v -0.028640 0.680374 0.294934
v 0.026903 0.672051 0.294934
v -0.025441 0.694433 0.294934
v 0.026903 0.687504 0.294934
v 0.024398 0.694433 0.294934
v 0.026126 0.692151 0.294934
v -0.028640 0.683971 0.294934
v -0.028628 0.687882 0.294934
v -0.028628 0.691480 0.294934
v -0.028561 0.684128 0.294934
v -0.028413 0.691636 0.294934
v -0.028561 0.687725 0.294934
v 0.026903 0.683641 0.294934
v 0.021462 0.698312 0.294934
v -0.024552 0.695269 0.294934
v -0.021431 0.697545 0.294934
v 0.023794 0.695231 0.294934
v -0.007540 0.880183 0.307385
v -0.007540 1.026735 0.307385
v -0.007540 0.880183 0.286826
v -0.007540 1.026735 0.286826
v 0.007540 0.880183 0.307385
v 0.007540 1.026735 0.307385
v 0.007540 0.880183 0.286826
v 0.007540 1.026735 0.286826
v 0.023466 0.811711 0.299372
v 0.023891 0.858489 0.299372
v -0.023306 0.812136 0.300137
v -0.022880 0.858914 0.300137
v -0.007540 0.039193 0.300034
v -0.007540 0.446075 0.300034
v -0.007540 0.039193 0.279475
v -0.007540 0.446075 0.279475
v 0.007540 0.039193 0.300034
v 0.007540 0.446075 0.300034
v 0.007540 0.039193 0.279475
v 0.007540 0.446075 0.279475
v -0.007540 0.473015 0.307385
v -0.007540 0.541777 0.307385
v -0.007540 0.473015 0.286826
v -0.007540 0.541777 0.286826
v 0.007540 0.473015 0.307385
v 0.007540 0.541777 0.307385
v 0.007540 0.473015 0.286826
v 0.007540 0.541777 0.286826
v 0.005116 0.039193 0.305819
v 0.005116 0.446075 0.305819
v 0.005116 0.039193 0.285260
v 0.005116 0.446075 0.285260
v 0.012512 0.039193 0.305819
v 0.012512 0.446075 0.305819
v 0.012512 0.039193 0.285260
v 0.012512 0.446075 0.285260
v -0.005869 0.039193 0.305819
v -0.005869 0.446075 0.305819
v -0.005869 0.039193 0.285260
v -0.005869 0.446075 0.285260
v 0.001527 0.039193 0.305819
v 0.001527 0.446075 0.305819
v 0.001527 0.039193 0.285260
v 0.001527 0.446075 0.285260
v -0.026847 0.583288 0.248710
v -0.022049 0.697545 0.248710
v -0.029317 0.583191 0.192731
v -0.022049 0.697545 0.192731
v 0.022877 0.583572 0.248723
v 0.020844 0.698312 0.248710
v 0.026284 0.583191 0.192731
v 0.020844 0.698312 0.192731
v -0.028053 0.586958 0.248710
v -0.029317 0.590918 0.248710
v -0.029317 0.594782 0.248710
v -0.029317 0.598645 0.248710
v -0.029317 0.602509 0.248710
v -0.029317 0.606372 0.248710
v -0.029317 0.610236 0.248710
v -0.029317 0.614099 0.248710
v -0.029317 0.617962 0.248710
v -0.029317 0.621826 0.248710
v -0.029317 0.625689 0.248710
v -0.029317 0.629553 0.248710
v -0.029317 0.633416 0.248710
v -0.029317 0.637280 0.248710
v -0.029317 0.641143 0.248710
v -0.029317 0.645007 0.248710
v -0.029317 0.648870 0.248710
v -0.029317 0.652733 0.248710
v -0.029317 0.656597 0.248710
v -0.029317 0.660460 0.248710
v -0.029317 0.664324 0.248710
v -0.029317 0.668187 0.248710
v -0.029317 0.672051 0.248710
v -0.029317 0.675914 0.248710
v -0.029317 0.679778 0.248710
v -0.029317 0.683641 0.248710
v -0.029317 0.687504 0.248710
v -0.029317 0.691368 0.248710
v -0.025171 0.695269 0.248710
v -0.025171 0.695269 0.192731
v -0.028293 0.692993 0.192731
v -0.027318 0.690717 0.192731
v -0.028475 0.688441 0.192731
v -0.029317 0.679778 0.192731
v -0.029317 0.675914 0.192731
v -0.029317 0.672051 0.192731
v -0.029317 0.668187 0.192731
v -0.029317 0.664324 0.192731
v -0.029317 0.660460 0.192731
v -0.029317 0.656597 0.192731
v -0.029317 0.652733 0.192731
v -0.029317 0.648870 0.192731
v -0.029317 0.645007 0.192731
v -0.029317 0.641143 0.192731
v -0.029317 0.637280 0.192731
v -0.029317 0.633416 0.192731
v -0.029317 0.629553 0.192731
v -0.029317 0.625689 0.192731
v -0.029317 0.621826 0.192731
v -0.029317 0.617962 0.192731
v -0.029317 0.614099 0.192731
v -0.029317 0.610236 0.192731
v -0.029317 0.606372 0.192731
v -0.029317 0.602509 0.192731
v -0.029317 0.598645 0.192731
v -0.029317 0.594782 0.192731
v -0.029317 0.590918 0.192731
v -0.029317 0.587055 0.192731
v 0.023176 0.695231 0.192731
v 0.025508 0.692151 0.192731
v 0.026284 0.687504 0.192731
v 0.026284 0.683641 0.192731
v 0.026284 0.679778 0.192731
v 0.026284 0.675914 0.192731
v 0.026284 0.672051 0.192731
v 0.026284 0.668187 0.192731
v 0.026284 0.664324 0.192731
v 0.026284 0.660460 0.192731
v 0.026284 0.656597 0.192731
v 0.026284 0.652733 0.192731
v 0.026284 0.648870 0.192731
v 0.026284 0.645007 0.192731
v 0.026284 0.641143 0.192731
v 0.026284 0.637280 0.192731
v 0.026284 0.633416 0.192731
v 0.026284 0.629553 0.192731
v 0.026284 0.625689 0.192731
v 0.026284 0.621826 0.192731
v 0.026284 0.617962 0.192731
v 0.026284 0.614099 0.192731
v 0.026284 0.610236 0.192731
v 0.026284 0.606372 0.192731
v 0.026284 0.602509 0.192731
v 0.026284 0.598645 0.192731
v 0.026284 0.594782 0.192731
v 0.026284 0.590918 0.192731
v 0.026284 0.587055 0.192731
v 0.023176 0.695231 0.248710
v 0.025508 0.692151 0.248710
v 0.026284 0.687504 0.248710
v 0.026284 0.683641 0.248710
v 0.026284 0.679778 0.248710
v 0.026284 0.675914 0.248710
v 0.026284 0.672051 0.248710
v 0.026284 0.668187 0.248710
v 0.026284 0.664324 0.248710
v 0.026284 0.660460 0.248710
v 0.026284 0.656597 0.248710
v 0.026284 0.652733 0.248710
v 0.026284 0.648870 0.248710
v 0.026284 0.645007 0.248710
v 0.026284 0.641143 0.248710
v 0.026284 0.637280 0.248710
v 0.026284 0.633416 0.248710
v 0.026284 0.629553 0.248710
v 0.026284 0.625689 0.248710
v 0.026284 0.621826 0.248710
v 0.026284 0.617962 0.248710
v 0.026284 0.614099 0.248710
v 0.026284 0.610236 0.248710
v 0.026284 0.606372 0.248710
v 0.026284 0.602509 0.248710
v 0.026284 0.598645 0.248710
v 0.026284 0.594782 0.248710
v 0.026284 0.590918 0.248710
v 0.025179 0.586674 0.248696
v -0.030540 0.583288 0.297578
v -0.029964 0.697545 0.297578
v -0.030836 0.583191 0.241599
v -0.029964 0.697545 0.241599
v -0.024574 0.583572 0.297591
v -0.024818 0.698312 0.297578
v -0.024165 0.583191 0.241599
v -0.024818 0.698312 0.241599
v -0.030684 0.586958 0.297578
v -0.030836 0.590918 0.297578
v -0.030836 0.594782 0.297578
v -0.030836 0.598645 0.297578
v -0.030836 0.602509 0.297578
v -0.030836 0.606372 0.297578
v -0.030836 0.610236 0.297578
v -0.030836 0.614099 0.297578
v -0.030836 0.617962 0.297578
v -0.030836 0.621826 0.297578
v -0.030836 0.625689 0.297578
v -0.030836 0.629553 0.297578
v -0.030836 0.633416 0.297578
v -0.030836 0.637280 0.297578
v -0.030836 0.641143 0.297578
v -0.030836 0.645007 0.297578
v -0.030836 0.648870 0.297578
v -0.030836 0.652733 0.297578
v -0.030836 0.656597 0.297578
v -0.030836 0.660460 0.297578
v -0.030836 0.664324 0.297578
v -0.030836 0.668187 0.297578
v -0.030836 0.672051 0.297578
v -0.030836 0.675914 0.297578
v -0.030836 0.679778 0.297578
v -0.030836 0.683641 0.297578
v -0.030836 0.687504 0.297578
v -0.030836 0.691368 0.297578
v -0.030339 0.695269 0.297578
v -0.030339 0.695269 0.241599
v -0.030713 0.692993 0.241599
v -0.030596 0.690717 0.241599
v -0.030735 0.688441 0.241599
v -0.030836 0.679778 0.241599
v -0.030836 0.675914 0.241599
v -0.030836 0.672051 0.241599
v -0.030836 0.668187 0.241599
v -0.030836 0.664324 0.241599
v -0.030836 0.660460 0.241599
v -0.030836 0.656597 0.241599
v -0.030836 0.652733 0.241599
v -0.030836 0.648870 0.241599
v -0.030836 0.645007 0.241599
v -0.030836 0.641143 0.241599
v -0.030836 0.637280 0.241599
v -0.030836 0.633416 0.241599
v -0.030836 0.629553 0.241599
v -0.030836 0.625689 0.241599
v -0.030836 0.621826 0.241599
v -0.030836 0.617962 0.241599
v -0.030836 0.614099 0.241599
v -0.030836 0.610236 0.241599
v -0.030836 0.606372 0.241599
v -0.030836 0.602509 0.241599
v -0.030836 0.598645 0.241599
v -0.030836 0.594782 0.241599
v -0.030836 0.590918 0.241599
v -0.030836 0.587055 0.241599
v -0.024538 0.695231 0.241599
v -0.024258 0.692151 0.241599
v -0.024165 0.687504 0.241599
v -0.024165 0.683641 0.241599
v -0.024165 0.679778 0.241599
v -0.024165 0.675914 0.241599
v -0.024165 0.672051 0.241599
v -0.024165 0.668187 0.241599
v -0.024165 0.664324 0.241599
v -0.024165 0.660460 0.241599
v -0.024165 0.656597 0.241599
v -0.024165 0.652733 0.241599
v -0.024165 0.648870 0.241599
v -0.024165 0.645007 0.241599
v -0.024165 0.641143 0.241599
v -0.024165 0.637280 0.241599
v -0.024165 0.633416 0.241599
v -0.024165 0.629553 0.241599
v -0.024165 0.625689 0.241599
v -0.024165 0.621826 0.241599
v -0.024165 0.617962 0.241599
v -0.024165 0.614099 0.241599
v -0.024165 0.610236 0.241599
v -0.024165 0.606372 0.241599
v -0.024165 0.602509 0.241599
v -0.024165 0.598645 0.241599
v -0.024165 0.594782 0.241599
v -0.024165 0.590918 0.241599
v -0.024165 0.587055 0.241599
v -0.024538 0.695231 0.297578
v -0.024258 0.692151 0.297578
v -0.024165 0.687504 0.297578
v -0.024165 0.683641 0.297578
v -0.024165 0.679778 0.297578
v -0.024165 0.675914 0.297578
v -0.024165 0.672051 0.297578
v -0.024165 0.668187 0.297578
v -0.024165 0.664324 0.297578
v -0.024165 0.660460 0.297578
v -0.024165 0.656597 0.297578
v -0.024165 0.652733 0.297578
v -0.024165 0.648870 0.297578
v -0.024165 0.645007 0.297578
v -0.024165 0.641143 0.297578
v -0.024165 0.637280 0.297578
v -0.024165 0.633416 0.297578
v -0.024165 0.629553 0.297578
v -0.024165 0.625689 0.297578
v -0.024165 0.621826 0.297578
v -0.024165 0.617962 0.297578
v -0.024165 0.614099 0.297578
v -0.024165 0.610236 0.297578
v -0.024165 0.606372 0.297578
v -0.024165 0.602509 0.297578
v -0.024165 0.598645 0.297578
v -0.024165 0.594782 0.297578
v -0.024165 0.590918 0.297578
v -0.024297 0.586674 0.297564
v 0.021945 0.583288 0.297578
v 0.022520 0.697545 0.297578
v 0.021648 0.583191 0.241599
v 0.022520 0.697545 0.241599
v 0.027911 0.583572 0.297591
v 0.027667 0.698312 0.297578
v 0.028320 0.583191 0.241599
v 0.027667 0.698312 0.241599
v 0.021800 0.586958 0.297578
v 0.021648 0.590918 0.297578
v 0.021648 0.594782 0.297578
v 0.021648 0.598645 0.297578
v 0.021648 0.602509 0.297578
v 0.021648 0.606372 0.297578
v 0.021648 0.610236 0.297578
v 0.021648 0.614099 0.297578
v 0.021648 0.617962 0.297578
v 0.021648 0.621826 0.297578
v 0.021648 0.625689 0.297578
v 0.021648 0.629553 0.297578
v 0.021648 0.633416 0.297578
v 0.021648 0.637280 0.297578
v 0.021648 0.641143 0.297578
v 0.021648 0.645007 0.297578
v 0.021648 0.648870 0.297578
v 0.021648 0.652733 0.297578
v 0.021648 0.656597 0.297578
v 0.021648 0.660460 0.297578
v 0.021648 0.664324 0.297578
v 0.021648 0.668187 0.297578
v 0.021648 0.672051 0.297578
v 0.021648 0.675914 0.297578
v 0.021648 0.679778 0.297578
v 0.021648 0.683641 0.297578
v 0.021648 0.687504 0.297578
v 0.021648 0.691368 0.297578
v 0.022146 0.695269 0.297578
v 0.022146 0.695269 0.241599
v 0.021771 0.692993 0.241599
v 0.021888 0.690717 0.241599
v 0.021749 0.688441 0.241599
v 0.021648 0.679778 0.241599
v 0.021648 0.675914 0.241599
v 0.021648 0.672051 0.241599
v 0.021648 0.668187 0.241599
v 0.021648 0.664324 0.241599
v 0.021648 0.660460 0.241599
v 0.021648 0.656597 0.241599
v 0.021648 0.652733 0.241599
v 0.021648 0.648870 0.241599
v 0.021648 0.645007 0.241599
v 0.021648 0.641143 0.241599
v 0.021648 0.637280 0.241599
v 0.021648 0.633416 0.241599
v 0.021648 0.629553 0.241599
v 0.021648 0.625689 0.241599
v 0.021648 0.621826 0.241599
v 0.021648 0.617962 0.241599
v 0.021648 0.614099 0.241599
v 0.021648 0.610236 0.241599
v 0.021648 0.606372 0.241599
v 0.021648 0.602509 0.241599
v 0.021648 0.598645 0.241599
v 0.021648 0.594782 0.241599
v 0.021648 0.590918 0.241599
v 0.021648 0.587055 0.241599
v 0.027947 0.695231 0.241599
v 0.028226 0.692151 0.241599
v 0.028320 0.687504 0.241599
v 0.028320 0.683641 0.241599
v 0.028320 0.679778 0.241599
v 0.028320 0.675914 0.241599
v 0.028320 0.672051 0.241599
v 0.028320 0.668187 0.241599
v 0.028320 0.664324 0.241599
v 0.028320 0.660460 0.241599
v 0.028320 0.656597 0.241599
v 0.028320 0.652733 0.241599
v 0.028320 0.648870 0.241599
v 0.028320 0.645007 0.241599
v 0.028320 0.641143 0.241599
v 0.028320 0.637280 0.241599
v 0.028320 0.633416 0.241599
v 0.028320 0.629553 0.241599
v 0.028320 0.625689 0.241599
v 0.028320 0.621826 0.241599
v 0.028320 0.617962 0.241599
v 0.028320 0.614099 0.241599
v 0.028320 0.610236 0.241599
v 0.028320 0.606372 0.241599
v 0.028320 0.602509 0.241599
v 0.028320 0.598645 0.241599
v 0.028320 0.594782 0.241599
v 0.028320 0.590918 0.241599
v 0.028320 0.587055 0.241599
v 0.027947 0.695231 0.297578
v 0.028226 0.692151 0.297578
v 0.028320 0.687504 0.297578
v 0.028320 0.683641 0.297578
v 0.028320 0.679778 0.297578
v 0.028320 0.675914 0.297578
v 0.028320 0.672051 0.297578
v 0.028320 0.668187 0.297578
v 0.028320 0.664324 0.297578
v 0.028320 0.660460 0.297578
v 0.028320 0.656597 0.297578
v 0.028320 0.652733 0.297578
v 0.028320 0.648870 0.297578
v 0.028320 0.645007 0.297578
v 0.028320 0.641143 0.297578
v 0.028320 0.637280 0.297578
v 0.028320 0.633416 0.297578
v 0.028320 0.629553 0.297578
v 0.028320 0.625689 0.297578
v 0.028320 0.621826 0.297578
v 0.028320 0.617962 0.297578
v 0.028320 0.614099 0.297578
v 0.028320 0.610236 0.297578
v 0.028320 0.606372 0.297578
v 0.028320 0.602509 0.297578
v 0.028320 0.598645 0.297578
v 0.028320 0.594782 0.297578
v 0.028320 0.590918 0.297578
v 0.028187 0.586674 0.297564
v 0.025006 0.575417 0.183668
v 0.024704 0.583757 0.297622
v -0.030961 0.574230 0.183509
v -0.031268 0.582872 0.297538
v 0.024925 0.581388 0.183546
v 0.024622 0.588943 0.298036
v -0.031066 0.580885 0.183055
v -0.031350 0.588058 0.297953
v 0.024998 0.575522 0.187340
v 0.024991 0.575640 0.191301
v 0.024981 0.575903 0.195155
v 0.024971 0.576165 0.199010
v 0.024961 0.576428 0.202864
v 0.024951 0.576691 0.206719
v 0.024941 0.576953 0.210573
v 0.024931 0.577216 0.214428
v 0.024921 0.577478 0.218282
v 0.024912 0.577741 0.222137
v 0.024902 0.578004 0.225991
v 0.024892 0.578266 0.229846
v 0.024882 0.578529 0.233700
v 0.024872 0.578791 0.237555
v 0.024862 0.579054 0.241409
v 0.024852 0.579316 0.245264
v 0.024842 0.579579 0.249118
v 0.024832 0.579842 0.252973
v 0.024823 0.580104 0.256827
v 0.024813 0.580367 0.260682
v 0.024803 0.580629 0.264536
v 0.024793 0.580892 0.268391
v 0.024783 0.581155 0.272245
v 0.024773 0.581417 0.276100
v 0.024763 0.581680 0.279954
v 0.024753 0.581942 0.283809
v 0.024743 0.582205 0.287663
v 0.024734 0.582467 0.291518
v 0.024716 0.583229 0.295376
v -0.031256 0.582344 0.295293
v -0.031244 0.581815 0.293048
v -0.031240 0.581777 0.290769
v -0.031232 0.581484 0.288508
v -0.031208 0.580795 0.279871
v -0.031199 0.580532 0.276017
v -0.031189 0.580269 0.272162
v -0.031179 0.580007 0.268308
v -0.031169 0.579744 0.264453
v -0.031159 0.579482 0.260599
v -0.031149 0.579219 0.256744
v -0.031139 0.578956 0.252890
v -0.031129 0.578694 0.249035
v -0.031120 0.578431 0.245181
v -0.031110 0.578169 0.241326
v -0.031100 0.577906 0.237472
v -0.031090 0.577644 0.233617
v -0.031080 0.577381 0.229763
v -0.031070 0.577118 0.225908
v -0.031060 0.576856 0.222054
v -0.031050 0.576593 0.218199
v -0.031040 0.576331 0.214345
v -0.031031 0.576068 0.210490
v -0.031021 0.575805 0.206636
v -0.031011 0.575543 0.202781
v -0.031001 0.575280 0.198927
v -0.030991 0.575018 0.195072
v -0.030981 0.574755 0.191218
v -0.030971 0.574493 0.187363
v -0.031347 0.588128 0.294861
v -0.031343 0.588197 0.291769
v -0.031333 0.587975 0.287126
v -0.031323 0.587712 0.283272
v -0.031313 0.587449 0.279417
v -0.031303 0.587187 0.275563
v -0.031293 0.586924 0.271708
v -0.031283 0.586662 0.267854
v -0.031274 0.586399 0.263999
v -0.031264 0.586137 0.260145
v -0.031254 0.585874 0.256290
v -0.031244 0.585611 0.252436
v -0.031234 0.585349 0.248581
v -0.031224 0.585086 0.244727
v -0.031214 0.584824 0.240872
v -0.031204 0.584561 0.237018
v -0.031194 0.584298 0.233163
v -0.031185 0.584036 0.229309
v -0.031175 0.583773 0.225454
v -0.031165 0.583511 0.221600
v -0.031155 0.583248 0.217745
v -0.031145 0.582986 0.213891
v -0.031135 0.582723 0.210036
v -0.031125 0.582460 0.206182
v -0.031115 0.582198 0.202327
v -0.031105 0.581935 0.198473
v -0.031096 0.581673 0.194618
v -0.031086 0.581410 0.190764
v -0.031076 0.581147 0.186909
v 0.024625 0.589013 0.294944
v 0.024628 0.589083 0.291852
v 0.024639 0.588860 0.287210
v 0.024649 0.588597 0.283355
v 0.024659 0.588335 0.279501
v 0.024669 0.588072 0.275646
v 0.024678 0.587809 0.271792
v 0.024688 0.587547 0.267937
v 0.024698 0.587284 0.264083
v 0.024708 0.587022 0.260228
v 0.024718 0.586759 0.256374
v 0.024728 0.586497 0.252519
v 0.024738 0.586234 0.248665
v 0.024748 0.585971 0.244810
v 0.024758 0.585709 0.240956
v 0.024767 0.585446 0.237101
v 0.024777 0.585184 0.233247
v 0.024787 0.584921 0.229392
v 0.024797 0.584658 0.225538
v 0.024807 0.584396 0.221683
v 0.024817 0.584133 0.217829
v 0.024827 0.583871 0.213974
v 0.024837 0.583608 0.210120
v 0.024847 0.583346 0.206265
v 0.024856 0.583083 0.202411
v 0.024866 0.582820 0.198556
v 0.024876 0.582558 0.194702
v 0.024886 0.582295 0.190847
v 0.024886 0.581874 0.186622
v 0.025006 0.689042 0.183668
v 0.024704 0.697382 0.297622
v -0.030961 0.687855 0.183509
v -0.031268 0.696497 0.297538
v 0.024925 0.695013 0.183546
v 0.024622 0.702568 0.298036
v -0.031066 0.694510 0.183055
v -0.031350 0.701683 0.297953
v 0.024998 0.689147 0.187340
v 0.024991 0.689265 0.191301
v 0.024981 0.689528 0.195155
v 0.024971 0.689790 0.199010
v 0.024961 0.690053 0.202864
v 0.024951 0.690315 0.206719
v 0.024941 0.690578 0.210573
v 0.024931 0.690841 0.214428
v 0.024921 0.691103 0.218282
v 0.024912 0.691366 0.222137
v 0.024902 0.691628 0.225991
v 0.024892 0.691891 0.229846
v 0.024882 0.692153 0.233700
v 0.024872 0.692416 0.237555
v 0.024862 0.692679 0.241409
v 0.024852 0.692941 0.245264
v 0.024842 0.693204 0.249118
v 0.024832 0.693466 0.252973
v 0.024823 0.693729 0.256827
v 0.024813 0.693992 0.260682
v 0.024803 0.694254 0.264536
v 0.024793 0.694517 0.268391
v 0.024783 0.694779 0.272245
v 0.024773 0.695042 0.276100
v 0.024763 0.695304 0.279954
v 0.024753 0.695567 0.283809
v 0.024743 0.695830 0.287663
v 0.024734 0.696092 0.291518
v 0.024716 0.696854 0.295376
v -0.031256 0.695968 0.295293
v -0.031244 0.695440 0.293048
v -0.031240 0.695402 0.290769
v -0.031232 0.695109 0.288508
v -0.031208 0.694419 0.279871
v -0.031199 0.694157 0.276017
v -0.031189 0.693894 0.272162
v -0.031179 0.693632 0.268308
v -0.031169 0.693369 0.264453
v -0.031159 0.693106 0.260599
v -0.031149 0.692844 0.256744
v -0.031139 0.692581 0.252890
v -0.031129 0.692319 0.249035
v -0.031120 0.692056 0.245181
v -0.031110 0.691793 0.241326
v -0.031100 0.691531 0.237472
v -0.031090 0.691268 0.233617
v -0.031080 0.691006 0.229763
v -0.031070 0.690743 0.225908
v -0.031060 0.690481 0.222054
v -0.031050 0.690218 0.218199
v -0.031040 0.689955 0.214345
v -0.031031 0.689693 0.210490
v -0.031021 0.689430 0.206636
v -0.031011 0.689168 0.202781
v -0.031001 0.688905 0.198927
v -0.030991 0.688643 0.195072
v -0.030981 0.688380 0.191218
v -0.030971 0.688117 0.187363
v -0.031347 0.701752 0.294861
v -0.031343 0.701822 0.291769
v -0.031333 0.701599 0.287126
v -0.031323 0.701337 0.283272
v -0.031313 0.701074 0.279417
v -0.031303 0.700812 0.275563
v -0.031293 0.700549 0.271708
v -0.031283 0.700286 0.267854
v -0.031274 0.700024 0.263999
v -0.031264 0.699761 0.260145
v -0.031254 0.699499 0.256290
v -0.031244 0.699236 0.252436
v -0.031234 0.698974 0.248581
v -0.031224 0.698711 0.244727
v -0.031214 0.698448 0.240872
v -0.031204 0.698186 0.237018
v -0.031194 0.697923 0.233163
v -0.031185 0.697661 0.229309
v -0.031175 0.697398 0.225454
v -0.031165 0.697135 0.221600
v -0.031155 0.696873 0.217745
v -0.031145 0.696610 0.213891
v -0.031135 0.696348 0.210036
v -0.031125 0.696085 0.206182
v -0.031115 0.695823 0.202327
v -0.031105 0.695560 0.198473
v -0.031096 0.695297 0.194618
v -0.031086 0.695035 0.190764
v -0.031076 0.694772 0.186909
v 0.024625 0.702638 0.294944
v 0.024628 0.702707 0.291852
v 0.024639 0.702484 0.287210
v 0.024649 0.702222 0.283355
v 0.024659 0.701959 0.279501
v 0.024669 0.701697 0.275646
v 0.024678 0.701434 0.271792
v 0.024688 0.701172 0.267937
v 0.024698 0.700909 0.264083
v 0.024708 0.700646 0.260228
v 0.024718 0.700384 0.256374
v 0.024728 0.700121 0.252519
v 0.024738 0.699859 0.248665
v 0.024748 0.699596 0.244810
v 0.024758 0.699334 0.240956
v 0.024767 0.699071 0.237101
v 0.024777 0.698808 0.233247
v 0.024787 0.698546 0.229392
v 0.024797 0.698283 0.225538
v 0.024807 0.698021 0.221683
v 0.024817 0.697758 0.217829
v 0.024827 0.697495 0.213974
v 0.024837 0.697233 0.210120
v 0.024847 0.696970 0.206265
v 0.024856 0.696708 0.202411
v 0.024866 0.696445 0.198556
v 0.024876 0.696183 0.194702
v 0.024886 0.695920 0.190847
v 0.024886 0.695499 0.186622
v -0.006897 0.604399 0.291468
v -0.006321 0.676965 0.291468
v -0.007193 0.604337 0.235490
v -0.006321 0.676965 0.235490
v -0.000931 0.604579 0.291482
v -0.001175 0.677451 0.291468
v -0.000522 0.604337 0.235490
v -0.001175 0.677451 0.235490
v -0.007041 0.606730 0.291468
v -0.007193 0.609245 0.291468
v -0.007193 0.611699 0.291468
v -0.007193 0.614152 0.291468
v -0.007193 0.616606 0.291468
v -0.007193 0.619060 0.291468
v -0.007193 0.621513 0.291468
v -0.007193 0.623967 0.291468
v -0.007193 0.626421 0.291468
v -0.007193 0.628875 0.291468
v -0.007193 0.631328 0.291468
v -0.007193 0.633782 0.291468
v -0.007193 0.636236 0.291468
v -0.007193 0.638689 0.291468
v -0.007193 0.641143 0.291468
v -0.007193 0.643597 0.291468
v -0.007193 0.646051 0.291468
v -0.007193 0.648504 0.291468
v -0.007193 0.650958 0.291468
v -0.007193 0.653412 0.291468
v -0.007193 0.655865 0.291468
v -0.007193 0.658319 0.291468
v -0.007193 0.660773 0.291468
v -0.007193 0.663226 0.291468
v -0.007193 0.665680 0.291468
v -0.007193 0.668134 0.291468
v -0.007193 0.670588 0.291468
v -0.007193 0.673041 0.291468
v -0.006696 0.675519 0.291468
v -0.006696 0.675519 0.235490
v -0.007070 0.674074 0.235490
v -0.006953 0.672628 0.235490
v -0.007092 0.671183 0.235490
v -0.007193 0.665680 0.235490
v -0.007193 0.663226 0.235490
v -0.007193 0.660773 0.235490
v -0.007193 0.658319 0.235490
v -0.007193 0.655865 0.235490
v -0.007193 0.653412 0.235490
v -0.007193 0.650958 0.235490
v -0.007193 0.648504 0.235490
v -0.007193 0.646051 0.235490
v -0.007193 0.643597 0.235490
v -0.007193 0.641143 0.235490
v -0.007193 0.638689 0.235490
v -0.007193 0.636236 0.235490
v -0.007193 0.633782 0.235490
v -0.007193 0.631328 0.235490
v -0.007193 0.628875 0.235490
v -0.007193 0.626421 0.235490
v -0.007193 0.623967 0.235490
v -0.007193 0.621513 0.235490
v -0.007193 0.619060 0.235490
v -0.007193 0.616606 0.235490
v -0.007193 0.614152 0.235490
v -0.007193 0.611699 0.235490
v -0.007193 0.609245 0.235490
v -0.007193 0.606791 0.235490
v -0.000895 0.675495 0.235490
v -0.000615 0.673539 0.235490
v -0.000522 0.670588 0.235490
v -0.000522 0.668134 0.235490
v -0.000522 0.665680 0.235490
v -0.000522 0.663226 0.235490
v -0.000522 0.660773 0.235490
v -0.000522 0.658319 0.235490
v -0.000522 0.655865 0.235490
v -0.000522 0.653412 0.235490
v -0.000522 0.650958 0.235490
v -0.000522 0.648504 0.235490
v -0.000522 0.646051 0.235490
v -0.000522 0.643597 0.235490
v -0.000522 0.641143 0.235490
v -0.000522 0.638689 0.235490
v -0.000522 0.636236 0.235490
v -0.000522 0.633782 0.235490
v -0.000522 0.631328 0.235490
v -0.000522 0.628875 0.235490
v -0.000522 0.626421 0.235490
v -0.000522 0.623967 0.235490
v -0.000522 0.621513 0.235490
v -0.000522 0.619060 0.235490
v -0.000522 0.616606 0.235490
v -0.000522 0.614152 0.235490
v -0.000522 0.611699 0.235490
v -0.000522 0.609245 0.235490
v -0.000522 0.606791 0.235490
v -0.000895 0.675495 0.291468
v -0.000615 0.673539 0.291468
v -0.000522 0.670588 0.291468
v -0.000522 0.668134 0.291468
v -0.000522 0.665680 0.291468
v -0.000522 0.663226 0.291468
v -0.000522 0.660773 0.291468
v -0.000522 0.658319 0.291468
v -0.000522 0.655865 0.291468
v -0.000522 0.653412 0.291468
v -0.000522 0.650958 0.291468
v -0.000522 0.648504 0.291468
v -0.000522 0.646051 0.291468
v -0.000522 0.643597 0.291468
v -0.000522 0.641143 0.291468
v -0.000522 0.638689 0.291468
v -0.000522 0.636236 0.291468
v -0.000522 0.633782 0.291468
v -0.000522 0.631328 0.291468
v -0.000522 0.628875 0.291468
v -0.000522 0.626421 0.291468
v -0.000522 0.623967 0.291468
v -0.000522 0.621513 0.291468
v -0.000522 0.619060 0.291468
v -0.000522 0.616606 0.291468
v -0.000522 0.614152 0.291468
v -0.000522 0.611699 0.291468
v -0.000522 0.609245 0.291468
v -0.000654 0.606549 0.291455
v -0.098148 -0.050113 0.277026
v -0.097378 1.141872 0.277529
v -0.102085 -0.050113 -0.287384
v -0.101165 1.141872 -0.287384
v -0.057565 -0.050113 0.303536
v -0.060296 1.104648 0.301751
v -0.053611 -0.050113 -0.287384
v -0.056873 1.104648 -0.287384
v -0.098148 0.005708 0.277026
v -0.098148 0.061529 0.277026
v -0.098148 0.117350 0.277026
v -0.098148 0.173171 0.277026
v -0.098148 0.228992 0.277026
v -0.098148 0.284813 0.277026
v -0.098148 0.340634 0.277026
v -0.098148 0.396455 0.277026
v -0.098148 0.452276 0.277026
v -0.098148 0.508097 0.277026
v -0.098148 0.563918 0.277026
v -0.098148 0.619739 0.277026
v -0.098148 0.675560 0.277026
v -0.098148 0.731381 0.277026
v -0.098148 0.787202 0.277026
v -0.098148 0.843023 0.277026
v -0.098148 0.898844 0.277026
v -0.098148 0.954665 0.277026
v -0.098148 1.010487 0.277026
v -0.098148 1.066308 0.277026
v -0.102085 1.066308 -0.287384
v -0.102085 1.010487 -0.287384
v -0.102085 0.954666 -0.287384
v -0.102085 0.898844 -0.287384
v -0.102085 0.843023 -0.287384
v -0.102085 0.787202 -0.287384
v -0.102085 0.731381 -0.287384
v -0.102085 0.675560 -0.287384
v -0.102085 0.619739 -0.287384
v -0.102085 0.563918 -0.287384
v -0.102085 0.508097 -0.287384
v -0.102085 0.452276 -0.287384
v -0.102085 0.396455 -0.287384
v -0.102085 0.340634 -0.287384
v -0.102085 0.284813 -0.287384
v -0.102085 0.228992 -0.287384
v -0.102085 0.173171 -0.287384
v -0.102085 0.117350 -0.287384
v -0.102085 0.061529 -0.287384
v -0.102085 0.005708 -0.287384
v -0.053611 1.066308 -0.287384
v -0.053611 1.010487 -0.287384
v -0.053611 0.954666 -0.287384
v -0.053611 0.898844 -0.287384
v -0.053611 0.843023 -0.287384
v -0.053611 0.787202 -0.287384
v -0.053611 0.731381 -0.287384
v -0.053611 0.675560 -0.287384
v -0.053611 0.619739 -0.287384
v -0.053611 0.563918 -0.287384
v -0.053611 0.508097 -0.287384
v -0.053611 0.452276 -0.287384
v -0.053611 0.396455 -0.287384
v -0.053611 0.340634 -0.287384
v -0.053611 0.284813 -0.287384
v -0.053611 0.228992 -0.287384
v -0.053611 0.173171 -0.287384
v -0.053611 0.117350 -0.287384
v -0.053611 0.061529 -0.287384
v -0.053611 0.005708 -0.287384
v -0.057565 1.066308 0.303536
v -0.057565 1.010487 0.303536
v -0.057565 0.954666 0.303536
v -0.057565 0.898844 0.303536
v -0.057565 0.843023 0.303536
v -0.057565 0.787202 0.303536
v -0.057565 0.731381 0.303536
v -0.057565 0.675560 0.303536
v -0.057565 0.619739 0.303536
v -0.057565 0.563918 0.303536
v -0.057565 0.508097 0.303536
v -0.057565 0.452276 0.303536
v -0.057565 0.396455 0.303536
v -0.057565 0.340634 0.303536
v -0.057565 0.284813 0.303536
v -0.057565 0.228992 0.303536
v -0.057565 0.173171 0.303536
v -0.057565 0.117350 0.303536
v -0.057565 0.061529 0.303536
v -0.057565 0.005708 0.303536
v 0.096478 -0.050113 0.277026
v 0.095709 1.141872 0.277529
v 0.100415 -0.050113 -0.287384
v 0.099496 1.141872 -0.287384
v 0.055895 -0.050113 0.303536
v 0.058627 1.104648 0.301751
v 0.051941 -0.050113 -0.287384
v 0.055204 1.104648 -0.287384
v 0.096478 0.005708 0.277026
v 0.096478 0.061529 0.277026
v 0.096478 0.117350 0.277026
v 0.096478 0.173171 0.277026
v 0.096478 0.228992 0.277026
v 0.096478 0.284813 0.277026
v 0.096478 0.340634 0.277026
v 0.096478 0.396455 0.277026
v 0.096478 0.452276 0.277026
v 0.096478 0.508097 0.277026
v 0.096478 0.563918 0.277026
v 0.096478 0.619739 0.277026
v 0.096478 0.675560 0.277026
v 0.096478 0.731381 0.277026
v 0.096478 0.787202 0.277026
v 0.096478 0.843023 0.277026
v 0.096478 0.898844 0.277026
v 0.096478 0.954665 0.277026
v 0.096478 1.010487 0.277026
v 0.096478 1.066308 0.277026
v 0.100415 1.066308 -0.287384
v 0.100415 1.010487 -0.287384
v 0.100415 0.954666 -0.287384
v 0.100415 0.898844 -0.287384
v 0.100415 0.843023 -0.287384
v 0.100415 0.787202 -0.287384
v 0.100415 0.731381 -0.287384
v 0.100415 0.675560 -0.287384
v 0.100415 0.619739 -0.287384
v 0.100415 0.563918 -0.287384
v 0.100415 0.508097 -0.287384
v 0.100415 0.452276 -0.287384
v 0.100415 0.396455 -0.287384
v 0.100415 0.340634 -0.287384
v 0.100415 0.284813 -0.287384
v 0.100415 0.228992 -0.287384
v 0.100415 0.173171 -0.287384
v 0.100415 0.117350 -0.287384
v 0.100415 0.061529 -0.287384
v 0.100415 0.005708 -0.287384
v 0.051941 1.066308 -0.287384
v 0.051941 1.010487 -0.287384
v 0.051941 0.954666 -0.287384
v 0.051941 0.898844 -0.287384
v 0.051941 0.843023 -0.287384
v 0.051941 0.787202 -0.287384
v 0.051941 0.731381 -0.287384
v 0.051941 0.675560 -0.287384
v 0.051941 0.619739 -0.287384
v 0.051941 0.563918 -0.287384
v 0.051941 0.508097 -0.287384
v 0.051941 0.452276 -0.287384
v 0.051941 0.396455 -0.287384
v 0.051941 0.340634 -0.287384
v 0.051941 0.284813 -0.287384
v 0.051941 0.228992 -0.287384
v 0.051941 0.173171 -0.287384
v 0.051941 0.117350 -0.287384
v 0.051941 0.061529 -0.287384
v 0.051941 0.005708 -0.287384
v 0.055895 1.066308 0.303536
v 0.055895 1.010487 0.303536
v 0.055895 0.954666 0.303536
v 0.055895 0.898844 0.303536
v 0.055895 0.843023 0.303536
v 0.055895 0.787202 0.303536
v 0.055895 0.731381 0.303536
v 0.055895 0.675560 0.303536
v 0.055895 0.619739 0.303536
v 0.055895 0.563918 0.303536
v 0.055895 0.508097 0.303536
v 0.055895 0.452276 0.303536
v 0.055895 0.396455 0.303536
v 0.055895 0.340634 0.303536
v 0.055895 0.284813 0.303536
v 0.055895 0.228992 0.303536
v 0.055895 0.173171 0.303536
v 0.055895 0.117350 0.303536
v 0.055895 0.061529 0.303536
v 0.055895 0.005708 0.303536
vn -1.0000 0.0052 0.0069
vn -0.9999 0.0120 0.0070
vn -1.0000 0.0061 0.0070
vn -0.0000 -0.0000 -1.0000
vn 0.9964 0.0842 0.0058
vn 0.9974 0.0719 0.0066
vn 0.9974 0.0714 0.0067
vn -0.5469 -0.0000 0.8372
vn -0.0000 -1.0000 -0.0000
vn 0.6473 0.7622 -0.0038
vn 0.7040 0.7102 0.0037
vn 0.7071 0.7071 0.0041
vn 1.0000 -0.0000 0.0067
vn -1.0000 -0.0000 0.0070
vn -1.0000 -0.0052 -0.0069
vn -0.9999 -0.0120 -0.0070
vn -1.0000 -0.0061 -0.0070
vn -0.0000 -0.0000 1.0000
vn 0.9964 -0.0842 -0.0058
vn 0.9974 -0.0719 -0.0066
vn 0.9974 -0.0714 -0.0067
vn -0.5469 -0.0000 -0.8372
vn -0.0000 1.0000 -0.0000
vn 0.6473 -0.7622 0.0038
vn 0.7040 -0.7102 -0.0037
vn 0.7071 -0.7071 -0.0041
vn 1.0000 -0.0000 -0.0067
vn -1.0000 -0.0000 -0.0070
vn -0.6549 0.7294 0.1977
vn -0.7071 -0.0000 -0.7071
vn -0.7090 0.6158 0.3437
vn -0.5767 0.5811 -0.5742
vn 0.7071 -0.0000 -0.7071
vn 0.6549 0.7294 0.1977
vn 0.7090 0.6158 0.3437
vn 0.5774 -0.5773 -0.5774
vn -0.5774 -0.5773 0.5774
vn -0.5774 -0.5773 -0.5773
vn 0.5767 0.5811 -0.5742
vn 0.7071 -0.0000 0.7071
vn 0.5774 -0.5773 0.5773
vn -0.7071 -0.0000 0.7071
vn 0.6448 0.2232 0.7311
vn -0.6857 0.0816 0.7233
vn 0.7162 0.3552 0.6007
vn -0.6857 0.2669 0.6772
vn 0.6682 0.4642 0.5815
vn -0.7071 0.3327 0.6240
vn 0.6840 0.5992 0.4161
vn -0.6682 0.4642 0.5814
vn -0.6840 0.5992 0.4161
vn 0.5892 -0.8080 -0.0000
vn 0.5893 -0.8079 -0.0000
vn -0.0033 -0.0000 1.0000
vn -0.7974 -0.6035 -0.0000
vn -0.7973 -0.6035 -0.0000
vn -0.7974 -0.6034 -0.0000
vn -0.0018 1.0000 -0.0046
vn -0.0024 1.0000 -0.0039
vn -0.0042 1.0000 -0.0016
vn 0.0180 -0.9998 0.0001
vn 0.0179 -0.9998 -0.0000
vn 0.0179 -0.9998 0.0012
vn -0.9980 0.0261 -0.0580
vn -0.8234 0.5675 -0.0026
vn -0.9474 0.3200 -0.0097
vn -0.9998 0.0125 -0.0183
vn -0.9713 0.2379 0.0040
vn -0.9917 0.1287 0.0028
vn -1.0000 -0.0000 -0.0000
vn -0.9863 -0.1649 -0.0000
vn -0.7973 -0.6036 -0.0000
vn 0.9932 0.0496 0.1057
vn 0.6852 0.1962 0.7015
vn 0.9629 0.2695 0.0104
vn 0.9529 0.3005 0.0421
vn 0.9911 0.0400 0.1271
vn 0.7857 0.1723 0.5942
vn 0.8944 -0.0000 0.4472
vn 1.0000 -0.0000 -0.0000
vn 0.9989 -0.0468 -0.0018
vn 1.0000 -0.0000 -0.0040
vn 0.6727 -0.0630 -0.7373
vn 0.8129 -0.1297 -0.5678
vn 0.9037 -0.3603 -0.2311
vn 0.9997 -0.0037 -0.0239
vn 0.9937 0.0793 0.0798
vn 0.9651 0.0639 0.2540
vn 0.9970 0.0663 0.0396
vn 0.0001 -0.0000 -1.0000
vn 0.5900 -0.8073 -0.0127
vn 0.6694 -0.7429 -0.0024
vn 0.6692 -0.7431 0.0019
vn 0.6694 -0.7429 -0.0025
vn 0.5891 -0.8081 -0.0000
vn -0.8551 -0.5177 0.0296
vn -0.7990 -0.6013 -0.0000
vn -0.0009 -0.0000 -1.0000
vn -0.0005 1.0000 -0.0024
vn -0.0058 1.0000 -0.0015
vn -0.0036 1.0000 -0.0021
vn -0.0000 -0.0001 -1.0000
vn 0.0002 -0.0001 -1.0000
vn -0.0000 -0.0002 -1.0000
vn -0.0005 -0.0000 -1.0000
vn -0.0001 -0.0000 -1.0000
vn -0.0000 -0.0000 -0.0000
vn -0.0003 -0.0000 -1.0000
vn -0.9994 0.0262 -0.0214
vn -0.9523 0.3029 -0.0377
vn -0.9998 -0.0000 -0.0198
vn -0.9999 0.0125 -0.0009
vn -0.9674 0.2525 -0.0174
vn -0.9925 0.1219 -0.0084
vn -0.9864 -0.1647 -0.0000
vn -0.7998 -0.6003 -0.0000
vn -0.8388 -0.5441 0.0208
vn 0.9996 0.0137 -0.0235
vn 0.9534 0.2990 -0.0416
vn 0.9492 0.3119 -0.0424
vn 0.9999 0.0143 -0.0010
vn 0.9565 0.2911 -0.0201
vn 0.9525 0.3038 -0.0210
vn 0.9957 -0.0924 0.0064
vn 1.0000 -0.0090 0.0006
vn 0.8996 -0.4366 0.0062
vn 0.9998 -0.0127 0.0148
vn 0.9999 -0.0000 0.0150
vn 0.9253 0.3781 0.0286
vn 0.9993 0.0109 0.0356
vn 0.9994 -0.0000 0.0357
vn 0.5955 -0.8034 -0.0005
vn 0.6812 -0.7320 -0.0082
vn 0.6852 -0.7283 -0.0086
vn -0.6850 0.0827 0.7239
vn 0.6453 0.2227 0.7308
vn 0.7165 0.3554 0.6003
vn -0.6849 0.2662 0.6783
vn -0.7071 0.3326 0.6240
vn 0.6840 0.5992 0.4160
vn -0.6682 0.4642 0.5815
vn -0.6840 0.5992 0.4160
vn -0.0025 1.0000 -0.0043
vn -0.0026 1.0000 -0.0042
vn -0.0053 1.0000 -0.0015
vn -0.9522 0.3033 -0.0377
vn -0.9999 0.0119 -0.0008
vn -0.9926 0.1212 -0.0083
vn -1.0000 -0.0006 0.0001
vn -0.7972 -0.6037 -0.0000
vn 0.9990 0.0137 -0.0431
vn 0.9880 0.1507 -0.0334
vn 0.9990 -0.0000 -0.0441
vn 0.9997 0.0143 -0.0215
vn 0.9891 0.1467 -0.0119
vn 0.9997 -0.0000 -0.0225
vn 0.9957 -0.0922 0.0007
vn 0.9986 -0.0532 0.0068
vn 0.9700 -0.2429 -0.0070
vn 0.8997 -0.4366 0.0061
vn 0.9998 -0.0136 0.0133
vn 0.9984 0.0290 0.0477
vn 0.9599 0.0171 0.2798
vn 0.9253 0.3781 0.0287
vn 0.6755 -0.7373 -0.0008
vn 0.5955 -0.8032 -0.0118
vn 0.6823 -0.7310 -0.0001
vn 0.0164 -0.0001 0.9999
vn -0.5891 0.8081 -0.0000
vn 0.7973 0.6035 -0.0000
vn 0.7973 0.6036 -0.0000
vn 0.0026 -1.0000 0.0043
vn 0.0029 -1.0000 0.0041
vn 0.0057 -1.0000 0.0015
vn -0.0179 0.9998 -0.0000
vn 0.0003 0.0082 1.0000
vn -0.0002 0.0029 1.0000
vn -0.0003 -0.0001 1.0000
vn 0.0001 -0.0014 1.0000
vn 0.0002 0.0036 1.0000
vn 0.9994 -0.0262 0.0214
vn 0.8172 -0.5740 0.0519
vn 0.8021 -0.5948 0.0529
vn 0.9999 -0.0125 0.0009
vn 0.9703 -0.2413 0.0166
vn 0.9676 -0.2520 0.0174
vn 0.9863 0.1647 -0.0000
vn -0.9534 -0.2990 0.0416
vn -0.9996 -0.0137 0.0235
vn -0.9492 -0.3119 0.0424
vn -0.9564 -0.2913 0.0201
vn -0.9999 -0.0143 0.0010
vn -0.9524 -0.3040 0.0210
vn -1.0000 0.0091 -0.0006
vn -0.9957 0.0925 -0.0064
vn -0.9998 0.0127 -0.0148
vn -0.8998 0.4363 -0.0062
vn -0.9999 -0.0000 -0.0150
vn -0.9993 -0.0109 -0.0356
vn -0.9253 -0.3781 -0.0286
vn -0.9994 -0.0000 -0.0357
vn -0.6812 0.7320 0.0082
vn -0.5955 0.8034 0.0005
vn -0.6852 0.7283 0.0086
vn -0.9867 0.1626 -0.0000
vn 0.9959 0.0905 -0.0000
vn 0.0032 -1.0000 0.0021
vn 0.0440 -0.9990 0.0067
vn -0.0000 -1.0000 0.0017
vn -0.1474 0.9891 -0.0000
vn 0.0010 0.0057 1.0000
vn -0.0010 0.0032 1.0000
vn -0.0022 -0.0001 1.0000
vn 0.0007 -0.0011 1.0000
vn 0.0023 0.0025 1.0000
vn 1.0000 -0.0032 0.0026
vn 0.9964 -0.0847 0.0076
vn 0.9960 -0.0889 0.0079
vn 1.0000 -0.0015 0.0001
vn 0.9996 -0.0297 0.0021
vn 0.9995 -0.0311 0.0021
vn 0.9998 0.0200 -0.0000
vn -0.9993 -0.0379 0.0039
vn -1.0000 -0.0016 0.0028
vn -0.9992 -0.0392 0.0054
vn -0.9993 -0.0367 0.0025
vn -1.0000 -0.0009 0.0014
vn -1.0000 0.0011 -0.0001
vn -1.0000 0.0056 -0.0004
vn -1.0000 0.0015 -0.0018
vn -0.9983 0.0584 -0.0008
vn -1.0000 -0.0000 -0.0018
vn -1.0000 -0.0013 -0.0043
vn -0.9988 -0.0492 -0.0037
vn -1.0000 -0.0000 -0.0043
vn -0.9919 0.1273 0.0015
vn -0.9870 0.1609 -0.0000
vn -0.9919 0.1267 0.0014
vn -0.9868 0.1621 -0.0000
vn -0.9868 0.1622 -0.0000
vn 0.9959 0.0904 -0.0000
vn 1.0000 -0.0031 0.0026
vn 0.9960 -0.0886 0.0079
vn 0.9995 -0.0300 0.0021
vn 0.9995 -0.0313 0.0022
vn 0.9998 0.0202 -0.0000
vn 0.9959 0.0902 -0.0000
vn -0.9993 -0.0381 0.0040
vn -0.9992 -0.0395 0.0054
vn -0.9919 0.1273 0.0014
vn -0.9870 0.1607 -0.0000
vn -0.9920 0.1262 0.0014
vn 0.0151 -0.9733 0.2288
vn 0.0150 -0.9733 0.2290
vn -0.9999 -0.0158 -0.0015
vn -0.9999 -0.0159 -0.0016
vn -0.0158 0.9996 0.0226
vn -0.0158 0.9996 0.0225
vn 0.9999 0.0158 0.0014
vn 0.9999 0.0158 0.0015
vn 0.9999 0.0159 0.0015
vn 0.0046 -0.0648 -0.9979
vn 0.0086 -0.0239 -0.9997
vn 0.0043 -0.0680 -0.9977
vn -0.0002 -0.0798 0.9968
vn -0.0002 -0.0796 0.9968
vn 0.9998 0.0171 0.0071
vn 0.9999 0.0165 0.0048
vn 0.9999 0.0136 0.0018
vn 0.9999 0.0164 0.0004
vn 0.9998 0.0181 0.0039
vn 0.9999 0.0159 0.0014
vn 0.9999 0.0157 0.0015
vn 0.9999 0.0157 0.0014
vn -0.0131 0.9974 -0.0710
vn -0.0078 0.9883 -0.1523
vn -0.0075 0.9877 -0.1561
vn -0.0156 0.9975 -0.0696
vn -0.0135 0.9951 -0.0978
vn -0.0134 0.9950 -0.0991
vn -0.0157 0.9976 -0.0681
vn -0.0157 0.9976 -0.0680
vn -0.0157 0.9987 -0.0478
vn -0.0157 0.9987 -0.0480
vn -0.0158 0.9996 0.0223
vn -0.0159 0.9996 0.0226
vn -0.9999 -0.0159 -0.0015
vn -0.9999 -0.0158 -0.0014
vn -0.9999 -0.0159 -0.0014
vn -0.9999 -0.0157 -0.0015
vn -0.9999 -0.0157 -0.0014
vn -0.9999 -0.0158 -0.0016
vn 0.0197 -0.9994 0.0301
vn 0.0185 -0.9976 0.0664
vn 0.0211 -0.9994 0.0287
vn 0.0183 -0.9993 0.0315
vn 0.0171 -0.9976 0.0671
vn 0.0157 -0.9976 0.0680
vn 0.0157 -0.9976 0.0678
vn 0.0157 -0.9976 0.0681
vn 0.0157 -0.9976 0.0679
vn 0.0153 -0.9972 0.0736
vn 0.0156 -0.9975 0.0690
vn 0.0139 -0.9975 0.0696
vn 0.0147 -0.9919 0.1260
vn 0.0139 -0.9976 0.0681
vn 0.0114 -0.9977 0.0665
vn 0.0121 -0.9997 0.0189
vn 0.0114 -0.9976 0.0678
vn 0.0167 -0.9807 0.1947
vn 0.0151 -0.9736 0.2278
vn 0.0167 -0.9809 0.1938
vn 0.0151 -0.9734 0.2288
vn 0.0150 -0.9732 0.2294
vn -0.0159 0.9996 0.0223
vn -0.0159 0.9996 0.0225
vn -0.0157 0.9976 -0.0679
vn -0.0157 0.9976 -0.0678
vn 0.0185 -0.9976 0.0662
vn 0.0153 -0.9972 0.0735
vn 0.0156 -0.9975 0.0692
vn 0.0147 -0.9919 0.1261
vn 0.0121 -0.9998 0.0188
vn 0.0167 -0.9807 0.1948
vn 0.0151 -0.9737 0.2275
vn -0.9680 0.2510 -0.0000
vn 0.9899 0.1417 -0.0000
vn 0.9900 0.1412 -0.0000
vn 0.0020 -1.0000 0.0013
vn 0.0279 -0.9996 0.0043
vn -0.0000 -1.0000 0.0011
vn -0.0940 0.9956 -0.0000
vn 0.0014 0.0105 0.9999
vn 0.0003 0.0051 1.0000
vn -0.0023 -0.0001 1.0000
vn 0.0007 -0.0018 1.0000
vn 0.0033 0.0081 1.0000
vn 1.0000 -0.0027 0.0024
vn 0.9908 -0.1349 0.0076
vn 0.9903 -0.1387 0.0078
vn 1.0000 -0.0015 0.0023
vn 0.9989 -0.0475 0.0001
vn 1.0000 -0.0000 0.0024
vn 0.9995 0.0315 -0.0000
vn -0.9982 -0.0601 0.0040
vn -0.9981 -0.0617 0.0053
vn -0.9983 -0.0586 0.0026
vn -1.0000 0.0011 -0.0000
vn -1.0000 0.0089 -0.0004
vn -0.9956 0.0932 -0.0008
vn -0.9969 -0.0785 -0.0037
vn -0.9802 0.1979 0.0014
vn -0.9685 0.2490 -0.0000
vn -0.9805 0.1966 0.0015
vn -0.9999 0.0101 0.0067
vn 0.9964 0.0848 0.0058
vn 0.6434 0.7655 -0.0043
vn -0.9999 -0.0101 -0.0067
vn 0.9964 -0.0848 -0.0058
vn 0.6434 -0.7655 0.0043
vn -0.0002 -0.0000 1.0000
vn -0.0001 -0.0000 1.0000
vn 0.0002 -0.0000 1.0000
vn -0.0031 -0.0000 1.0000
vn -0.0005 -0.0000 1.0000
vn 0.0294 -0.0000 0.9996
vn -0.7972 -0.6038 -0.0000
vn -0.0000 1.0000 -0.0068
vn 0.0180 -0.9998 -0.0000
vn -0.9998 -0.0000 -0.0197
vn -0.9982 -0.0000 -0.0607
vn 0.0001 -0.0000 1.0000
vn 0.0017 -0.0000 1.0000
vn -0.0624 -0.0000 0.9981
vn 0.9538 0.3000 -0.0179
vn 0.9693 0.2458 -0.0100
vn 0.9990 0.0003 -0.0444
vn 0.9990 -0.0000 -0.0442
vn 0.9990 -0.0005 -0.0440
vn 0.9526 0.3041 -0.0016
vn 0.9998 0.0001 -0.0217
vn 0.9988 -0.0055 -0.0495
vn 0.9999 -0.0000 0.0160
vn 0.9953 -0.0963 -0.0000
vn 0.9988 -0.0497 -0.0016
vn 0.9694 -0.2455 0.0072
vn 0.8803 -0.4743 0.0052
vn 0.9998 -0.0172 0.0083
vn 1.0000 -0.0000 0.0080
vn -0.0000 0.0004 1.0000
vn 0.8912 -0.4530 -0.0252
vn 0.9693 0.2436 0.0330
vn 0.9076 0.4191 0.0264
vn 0.9970 0.0660 0.0396
vn 0.6692 -0.7431 0.0021
vn -0.7999 -0.6001 -0.0000
vn -0.0443 -0.0000 -0.9990
vn -0.0011 1.0000 -0.0069
vn -0.0009 1.0000 -0.0061
vn 0.0010 -0.0000 -1.0000
vn -0.0010 -0.0000 -1.0000
vn -0.0019 -0.0000 -1.0000
vn -0.0105 -0.0000 -0.9999
vn -0.8026 0.5942 -0.0529
vn -0.9675 0.2523 -0.0174
vn -0.9864 -0.1644 -0.0000
vn -0.8024 -0.5968 -0.0000
vn 0.9997 -0.0000 -0.0226
vn 0.9953 -0.0966 0.0067
vn 0.8913 -0.4535 0.0058
vn 0.9188 0.3936 0.0282
vn 0.0005 -0.0000 1.0000
vn -0.0008 -0.0000 1.0000
vn -0.0003 -0.0000 1.0000
vn -0.8022 0.5947 -0.0529
vn -0.9677 0.2516 -0.0173
vn 0.9498 0.3121 -0.0209
vn 0.9527 0.3039 -0.0000
vn 0.9953 -0.0968 -0.0000
vn 0.9953 -0.0966 -0.0000
vn 0.8930 -0.4494 -0.0251
vn 0.0003 -0.0000 1.0000
vn 0.5890 -0.8080 -0.0127
vn 0.6851 -0.7285 -0.0000
vn -0.0000 -1.0000 0.0068
vn 0.9998 -0.0000 0.0197
vn -0.9997 -0.0000 0.0226
vn -0.9953 0.0967 -0.0067
vn -0.8914 0.4531 -0.0058
vn -0.9188 -0.3936 -0.0282
vn 0.0475 -0.9988 0.0071
vn -0.9999 0.0117 -0.0008
vn -0.9981 0.0610 -0.0008
vn -0.9987 -0.0513 -0.0037
vn -0.9867 0.1626 -0.0001
vn -0.9867 0.1623 -0.0001
vn -0.9999 -0.0157 -0.0013
vn 0.9999 0.0157 0.0013
vn 0.0089 -0.0203 -0.9998
vn -0.0133 0.9976 -0.0679
vn 0.0148 -0.9967 0.0796
vn 0.0147 -0.9916 0.1285
vn 0.0121 -0.9998 0.0168
vn 0.0150 -0.9732 0.2295
vn 0.0148 -0.9967 0.0797
vn 0.0147 -0.9916 0.1286
vn 0.0121 -0.9998 0.0166
vn 0.0151 -0.9733 0.2290
vn 0.0301 -0.9995 0.0045
vn 1.0000 0.0005 0.0023
vn 0.9988 -0.0489 -0.0000
vn -0.9998 0.0184 -0.0008
vn -0.9954 0.0958 -0.0008
vn -0.9967 -0.0806 -0.0037
vn -0.9681 0.2506 -0.0000
vt 0.612261 0.789847
vt 0.415979 0.816125
vt 0.415979 0.789846
vt 0.945670 0.580090
vt 0.929947 0.593423
vt 0.928813 0.580090
vt 0.621482 0.388251
vt 0.416599 0.401592
vt 0.415979 0.388256
vt 0.975692 0.593380
vt 0.962528 0.580087
vt 0.976642 0.580044
vt 0.612436 1.000000
vt 0.628094 0.804094
vt 0.629292 1.000000
vt 0.660043 0.999640
vt 0.647330 0.802752
vt 0.660043 0.794893
vt 0.976642 0.211207
vt 0.962528 0.191837
vt 0.976642 0.191794
vt 0.976642 0.230619
vt 0.962528 0.211250
vt 0.976642 0.250031
vt 0.962528 0.230662
vt 0.976642 0.269444
vt 0.962528 0.250074
vt 0.976642 0.288856
vt 0.962528 0.269487
vt 0.976642 0.308269
vt 0.962528 0.288899
vt 0.976642 0.327681
vt 0.962528 0.308312
vt 0.976642 0.347094
vt 0.962528 0.327724
vt 0.976642 0.366506
vt 0.962528 0.347137
vt 0.976642 0.385919
vt 0.962528 0.366549
vt 0.976642 0.405331
vt 0.962528 0.385962
vt 0.976642 0.424744
vt 0.962528 0.405374
vt 0.976642 0.444156
vt 0.962528 0.424787
vt 0.976642 0.463569
vt 0.962528 0.444199
vt 0.976642 0.482981
vt 0.962528 0.463612
vt 0.976642 0.502393
vt 0.962528 0.483024
vt 0.976642 0.521806
vt 0.962528 0.502436
vt 0.962528 0.541261
vt 0.962528 0.521849
vt 0.976642 0.541219
vt 0.962528 0.560674
vt 0.976642 0.560631
vt 0.621482 0.019413
vt 0.415979 0.000004
vt 0.621482 0.000000
vt 0.621482 0.038825
vt 0.415979 0.019417
vt 0.621482 0.058238
vt 0.415979 0.038829
vt 0.621482 0.077650
vt 0.415979 0.058242
vt 0.621482 0.097063
vt 0.415979 0.077654
vt 0.621482 0.116475
vt 0.415979 0.097067
vt 0.621482 0.135888
vt 0.415979 0.116480
vt 0.621482 0.155300
vt 0.415979 0.135892
vt 0.621482 0.174713
vt 0.415979 0.155305
vt 0.621482 0.194125
vt 0.415979 0.174717
vt 0.621482 0.213538
vt 0.415979 0.194130
vt 0.621482 0.232951
vt 0.415979 0.213542
vt 0.621482 0.252363
vt 0.415979 0.232955
vt 0.621482 0.271776
vt 0.415979 0.252367
vt 0.621482 0.291188
vt 0.415979 0.271780
vt 0.621482 0.310601
vt 0.415979 0.291192
vt 0.621482 0.330013
vt 0.415979 0.310605
vt 0.621482 0.349426
vt 0.415979 0.330018
vt 0.621482 0.368839
vt 0.415979 0.349430
vt 0.415979 0.368843
vt 0.945670 0.211249
vt 0.928813 0.191836
vt 0.945670 0.191836
vt 0.945670 0.230662
vt 0.928813 0.211249
vt 0.945670 0.250074
vt 0.928813 0.230662
vt 0.945670 0.269487
vt 0.928813 0.250074
vt 0.945670 0.288900
vt 0.928813 0.269487
vt 0.945670 0.308312
vt 0.928813 0.288900
vt 0.945670 0.327725
vt 0.928813 0.308312
vt 0.945670 0.347138
vt 0.928813 0.327725
vt 0.945670 0.366550
vt 0.928813 0.347138
vt 0.945670 0.385963
vt 0.928813 0.366550
vt 0.945670 0.405376
vt 0.928813 0.385963
vt 0.945670 0.424788
vt 0.928813 0.405376
vt 0.945670 0.444201
vt 0.928813 0.424788
vt 0.945670 0.463614
vt 0.928813 0.444201
vt 0.945670 0.483026
vt 0.928813 0.463614
vt 0.945670 0.502439
vt 0.928813 0.483026
vt 0.945670 0.521852
vt 0.928813 0.502439
vt 0.945670 0.541265
vt 0.928813 0.521852
vt 0.945670 0.560677
vt 0.928813 0.541265
vt 0.928813 0.560677
vt 0.612261 0.421005
vt 0.415979 0.401592
vt 0.612261 0.401593
vt 0.612261 0.440418
vt 0.415979 0.421005
vt 0.612261 0.459831
vt 0.415979 0.440418
vt 0.612261 0.479243
vt 0.415979 0.459830
vt 0.612261 0.498656
vt 0.415979 0.479243
vt 0.612261 0.518069
vt 0.415979 0.498656
vt 0.612261 0.537481
vt 0.415979 0.518068
vt 0.612261 0.556894
vt 0.415979 0.537481
vt 0.612261 0.576307
vt 0.415979 0.556894
vt 0.612261 0.595720
vt 0.415979 0.576306
vt 0.612261 0.615132
vt 0.415979 0.595719
vt 0.612261 0.634545
vt 0.415979 0.615132
vt 0.612261 0.653958
vt 0.415979 0.634544
vt 0.612261 0.673370
vt 0.415979 0.653957
vt 0.612261 0.692783
vt 0.415979 0.673370
vt 0.612261 0.712196
vt 0.415979 0.692782
vt 0.612261 0.731608
vt 0.415979 0.712195
vt 0.612261 0.751021
vt 0.415979 0.731608
vt 0.612261 0.770434
vt 0.415979 0.751021
vt 0.415979 0.770433
vt 0.000175 0.425049
vt 0.196458 0.398771
vt 0.196458 0.425049
vt 0.962528 0.580086
vt 0.946805 0.593419
vt 0.945670 0.580086
vt 0.415978 0.787026
vt 0.211099 0.800350
vt 0.210477 0.787020
vt 0.989805 0.593381
vt 0.976642 0.580048
vt 0.990755 0.580048
vt 0.898894 0.205367
vt 0.913067 0.009127
vt 0.915749 0.205265
vt 0.644871 0.999383
vt 0.631750 0.802433
vt 0.644871 0.794893
vt 0.990755 0.211207
vt 0.976642 0.191794
vt 0.990755 0.191794
vt 0.990755 0.230619
vt 0.976642 0.211207
vt 0.990755 0.250032
vt 0.976642 0.230619
vt 0.990755 0.269445
vt 0.976642 0.250032
vt 0.990755 0.288857
vt 0.976642 0.269445
vt 0.990755 0.308270
vt 0.976642 0.288857
vt 0.990755 0.327683
vt 0.976642 0.308270
vt 0.990755 0.347095
vt 0.976642 0.327683
vt 0.990755 0.366508
vt 0.976642 0.347095
vt 0.990755 0.385921
vt 0.976642 0.366508
vt 0.990755 0.405333
vt 0.976642 0.385921
vt 0.990755 0.424746
vt 0.976642 0.405333
vt 0.990755 0.444159
vt 0.976642 0.424746
vt 0.990755 0.463572
vt 0.976642 0.444159
vt 0.990755 0.482984
vt 0.976642 0.463572
vt 0.990755 0.502397
vt 0.976642 0.482984
vt 0.990755 0.521810
vt 0.976642 0.502397
vt 0.976642 0.541222
vt 0.976642 0.521810
vt 0.990755 0.541223
vt 0.976642 0.560635
vt 0.990755 0.560635
vt 0.415978 0.418187
vt 0.210477 0.398769
vt 0.415978 0.398775
vt 0.415978 0.437600
vt 0.210477 0.418182
vt 0.415978 0.457013
vt 0.210477 0.437594
vt 0.415978 0.476425
vt 0.210477 0.457007
vt 0.415978 0.495838
vt 0.210477 0.476419
vt 0.415978 0.515250
vt 0.210477 0.495832
vt 0.415978 0.534663
vt 0.210477 0.515244
vt 0.415978 0.554075
vt 0.210477 0.534657
vt 0.415978 0.573488
vt 0.210477 0.554069
vt 0.415978 0.592900
vt 0.210477 0.573482
vt 0.415978 0.612313
vt 0.210477 0.592895
vt 0.415978 0.631725
vt 0.210477 0.612307
vt 0.415978 0.651138
vt 0.210477 0.631720
vt 0.415978 0.670551
vt 0.210477 0.651132
vt 0.415978 0.689963
vt 0.210477 0.670545
vt 0.415978 0.709376
vt 0.210477 0.689957
vt 0.415978 0.728788
vt 0.210477 0.709370
vt 0.415978 0.748201
vt 0.210477 0.728782
vt 0.415978 0.767614
vt 0.210477 0.748195
vt 0.210477 0.767608
vt 0.962528 0.211249
vt 0.945670 0.191836
vt 0.962528 0.191836
vt 0.962528 0.230661
vt 0.945670 0.211249
vt 0.962528 0.250074
vt 0.945670 0.230661
vt 0.962528 0.269486
vt 0.945670 0.250074
vt 0.962528 0.288899
vt 0.945670 0.269486
vt 0.962528 0.308311
vt 0.945670 0.288899
vt 0.962528 0.327723
vt 0.945670 0.308311
vt 0.962528 0.347136
vt 0.945670 0.327723
vt 0.962528 0.366548
vt 0.945670 0.347136
vt 0.962528 0.385961
vt 0.945670 0.366548
vt 0.962528 0.405373
vt 0.945670 0.385961
vt 0.962528 0.424786
vt 0.945670 0.405373
vt 0.962528 0.444198
vt 0.945670 0.424786
vt 0.962528 0.463611
vt 0.945670 0.444198
vt 0.962528 0.483023
vt 0.945670 0.463611
vt 0.962528 0.502436
vt 0.945670 0.483023
vt 0.962528 0.521848
vt 0.945670 0.502436
vt 0.962528 0.541261
vt 0.945670 0.521848
vt 0.962528 0.560673
vt 0.945670 0.541261
vt 0.945670 0.560673
vt 0.000174 0.793891
vt 0.196458 0.813303
vt 0.000174 0.813303
vt 0.000174 0.774478
vt 0.196458 0.793891
vt 0.000174 0.755065
vt 0.196458 0.774478
vt 0.000174 0.735653
vt 0.196458 0.755065
vt 0.000174 0.716240
vt 0.196458 0.735653
vt 0.000174 0.696827
vt 0.196458 0.716240
vt 0.000174 0.677415
vt 0.196458 0.696827
vt 0.000174 0.658002
vt 0.196458 0.677415
vt 0.000175 0.638589
vt 0.196458 0.658002
vt 0.000175 0.619177
vt 0.196458 0.638589
vt 0.000175 0.599764
vt 0.196458 0.619177
vt 0.000175 0.580351
vt 0.196458 0.599764
vt 0.000175 0.560939
vt 0.196458 0.580351
vt 0.000175 0.541526
vt 0.196458 0.560939
vt 0.000175 0.522113
vt 0.196458 0.541526
vt 0.000175 0.502701
vt 0.196458 0.522113
vt 0.000175 0.483288
vt 0.196458 0.502701
vt 0.000175 0.463875
vt 0.196458 0.483288
vt 0.000175 0.444462
vt 0.196458 0.463875
vt 0.196458 0.444462
vt 0.018909 0.002238
vt 0.207989 0.003948
vt 0.015478 0.004191
vt 0.889847 0.800363
vt 0.856542 0.796415
vt 0.889847 0.796415
vt 0.415979 0.394821
vt 0.226898 0.396531
vt 0.223467 0.394577
vt 0.995709 0.619975
vt 0.962378 0.616564
vt 0.995678 0.616618
vt 0.928958 0.813988
vt 0.962260 0.606369
vt 0.962260 0.813959
vt 0.962260 0.808791
vt 0.995560 0.808846
vt 0.898894 0.003948
vt 0.865588 0.000000
vt 0.898894 0.000000
vt 0.898894 0.007897
vt 0.865588 0.003948
vt 0.898894 0.011845
vt 0.865588 0.007897
vt 0.898894 0.015793
vt 0.865588 0.011845
vt 0.898894 0.019741
vt 0.865588 0.015793
vt 0.898894 0.023689
vt 0.865588 0.019741
vt 0.898894 0.027637
vt 0.865588 0.023689
vt 0.898894 0.031586
vt 0.865588 0.027637
vt 0.898894 0.035534
vt 0.865588 0.031586
vt 0.898894 0.039482
vt 0.865588 0.035534
vt 0.865588 0.043430
vt 0.865588 0.039482
vt 0.898894 0.043430
vt 0.865588 0.047378
vt 0.898894 0.047378
vt 0.865588 0.051327
vt 0.898894 0.055275
vt 0.898894 0.051327
vt 0.898894 0.059223
vt 0.865588 0.055275
vt 0.898894 0.063171
vt 0.865588 0.059223
vt 0.898894 0.067119
vt 0.865588 0.063171
vt 0.898894 0.071067
vt 0.865588 0.067119
vt 0.898894 0.075016
vt 0.865588 0.071067
vt 0.898894 0.078964
vt 0.865588 0.075016
vt 0.865588 0.082912
vt 0.865588 0.078964
vt 0.898894 0.082912
vt 0.865588 0.086860
vt 0.898894 0.086860
vt 0.865588 0.090808
vt 0.898894 0.090809
vt 0.865588 0.094756
vt 0.898894 0.094757
vt 0.865588 0.098705
vt 0.898894 0.102653
vt 0.898894 0.098705
vt 0.898894 0.106601
vt 0.865588 0.102653
vt 0.898894 0.110549
vt 0.865588 0.106601
vt 0.898894 0.114497
vt 0.865588 0.110549
vt 0.898894 0.118446
vt 0.865588 0.114497
vt 0.898894 0.122394
vt 0.865588 0.118446
vt 0.898894 0.126342
vt 0.865588 0.122394
vt 0.865588 0.130290
vt 0.865588 0.126342
vt 0.898894 0.130290
vt 0.865588 0.134238
vt 0.898894 0.134239
vt 0.865588 0.138186
vt 0.898894 0.138187
vt 0.865588 0.142135
vt 0.898894 0.146083
vt 0.898894 0.142135
vt 0.898894 0.150031
vt 0.865588 0.146083
vt 0.898894 0.153979
vt 0.865588 0.150031
vt 0.898894 0.157927
vt 0.865588 0.153979
vt 0.898894 0.161876
vt 0.865588 0.157927
vt 0.898894 0.165824
vt 0.865588 0.161876
vt 0.898894 0.169772
vt 0.865588 0.165824
vt 0.865588 0.173720
vt 0.865588 0.169772
vt 0.898894 0.173720
vt 0.865588 0.177668
vt 0.898894 0.177669
vt 0.865588 0.181617
vt 0.898894 0.185565
vt 0.898894 0.181617
vt 0.898894 0.189513
vt 0.865588 0.185565
vt 0.898894 0.193461
vt 0.865588 0.189513
vt 0.898894 0.197409
vt 0.865588 0.193461
vt 0.898894 0.201357
vt 0.865588 0.197409
vt 0.898894 0.205306
vt 0.865588 0.201357
vt 0.898894 0.209254
vt 0.865588 0.205306
vt 0.865588 0.213202
vt 0.865588 0.209254
vt 0.898894 0.213202
vt 0.865588 0.217150
vt 0.890695 0.217262
vt 0.898894 0.217150
vt 0.865588 0.225047
vt 0.872262 0.221192
vt 0.872262 0.222535
vt 0.898894 0.221099
vt 0.891599 0.223879
vt 0.891599 0.222535
vt 0.865588 0.228995
vt 0.872262 0.225222
vt 0.872262 0.226566
vt 0.898894 0.225047
vt 0.891599 0.227909
vt 0.891599 0.226566
vt 0.865588 0.232943
vt 0.872262 0.229253
vt 0.872262 0.230597
vt 0.898894 0.228995
vt 0.891599 0.231940
vt 0.891599 0.230597
vt 0.865588 0.236891
vt 0.872262 0.233284
vt 0.872262 0.234627
vt 0.898894 0.232943
vt 0.891599 0.235971
vt 0.891599 0.234627
vt 0.865588 0.240839
vt 0.872262 0.237314
vt 0.872262 0.238658
vt 0.898894 0.236891
vt 0.891599 0.240002
vt 0.891599 0.238658
vt 0.865588 0.244787
vt 0.872262 0.241345
vt 0.872262 0.242689
vt 0.898894 0.240839
vt 0.891599 0.244032
vt 0.891599 0.242689
vt 0.865588 0.248736
vt 0.872262 0.245376
vt 0.872262 0.246719
vt 0.898894 0.244787
vt 0.891599 0.248063
vt 0.891599 0.246719
vt 0.898894 0.248736
vt 0.891599 0.252094
vt 0.891599 0.250750
vt 0.872262 0.250750
vt 0.872332 0.252490
vt 0.898894 0.252684
vt 0.890133 0.256632
vt 0.891328 0.255053
vt 0.872347 0.254915
vt 0.865588 0.256632
vt 0.872347 0.253890
vt 0.889706 0.257196
vt 0.865588 0.260580
vt 0.874790 0.256929
vt 0.898894 0.260580
vt 0.865588 0.264529
vt 0.898894 0.268477
vt 0.898894 0.264529
vt 0.898894 0.272425
vt 0.865588 0.268477
vt 0.898894 0.276373
vt 0.865588 0.272425
vt 0.898894 0.280321
vt 0.865588 0.276373
vt 0.898894 0.284269
vt 0.865588 0.280321
vt 0.898894 0.288217
vt 0.865588 0.284269
vt 0.898894 0.292166
vt 0.865588 0.288217
vt 0.865588 0.296114
vt 0.865588 0.292166
vt 0.898894 0.296114
vt 0.865588 0.300062
vt 0.898894 0.300062
vt 0.865588 0.304010
vt 0.898894 0.304010
vt 0.865588 0.307959
vt 0.898894 0.311907
vt 0.898894 0.307959
vt 0.898894 0.315855
vt 0.865588 0.311907
vt 0.898894 0.319803
vt 0.865588 0.315855
vt 0.898894 0.323751
vt 0.865588 0.319803
vt 0.898894 0.327699
vt 0.865588 0.323751
vt 0.898894 0.331647
vt 0.865588 0.327699
vt 0.898894 0.335596
vt 0.865588 0.331647
vt 0.898894 0.339544
vt 0.865588 0.335596
vt 0.865588 0.343492
vt 0.865588 0.339544
vt 0.898894 0.343492
vt 0.865588 0.347440
vt 0.898894 0.347440
vt 0.865588 0.351389
vt 0.898894 0.355337
vt 0.898894 0.351389
vt 0.898894 0.359285
vt 0.865588 0.355337
vt 0.898894 0.363233
vt 0.865588 0.359285
vt 0.898894 0.367181
vt 0.865588 0.363233
vt 0.898894 0.371129
vt 0.865588 0.367181
vt 0.898894 0.375077
vt 0.865588 0.371129
vt 0.898894 0.379026
vt 0.865588 0.375077
vt 0.898894 0.383790
vt 0.865588 0.380297
vt 0.898894 0.387283
vt 0.865588 0.383790
vt 0.995631 0.611253
vt 0.995560 0.606423
vt 0.962331 0.611198
vt 0.415979 0.003949
vt 0.207989 -0.000000
vt 0.415979 0.000001
vt 0.415979 0.007897
vt 0.207989 0.003948
vt 0.415979 0.011846
vt 0.207989 0.007897
vt 0.415979 0.015794
vt 0.207989 0.011845
vt 0.415979 0.019742
vt 0.207989 0.015793
vt 0.415979 0.023690
vt 0.207989 0.019741
vt 0.415979 0.027638
vt 0.207989 0.023689
vt 0.415979 0.031586
vt 0.207989 0.027638
vt 0.415979 0.035535
vt 0.207989 0.031586
vt 0.415979 0.039483
vt 0.207989 0.035534
vt 0.415979 0.043431
vt 0.207989 0.039482
vt 0.415979 0.047379
vt 0.207989 0.043431
vt 0.415979 0.051328
vt 0.207989 0.047379
vt 0.415979 0.055276
vt 0.207989 0.051327
vt 0.415979 0.059224
vt 0.207989 0.055275
vt 0.415979 0.063172
vt 0.207989 0.059223
vt 0.415979 0.067120
vt 0.207989 0.063171
vt 0.415979 0.071068
vt 0.207989 0.067120
vt 0.415979 0.075017
vt 0.207989 0.071068
vt 0.415979 0.078965
vt 0.207989 0.075016
vt 0.415979 0.082913
vt 0.207989 0.078964
vt 0.415979 0.086861
vt 0.207989 0.082913
vt 0.415979 0.090810
vt 0.207989 0.086861
vt 0.415979 0.094758
vt 0.207989 0.090809
vt 0.415979 0.098706
vt 0.207989 0.094757
vt 0.415979 0.102654
vt 0.207989 0.098705
vt 0.415979 0.106602
vt 0.207989 0.102653
vt 0.415979 0.110550
vt 0.207989 0.106602
vt 0.415979 0.114499
vt 0.207989 0.110550
vt 0.415979 0.118447
vt 0.207989 0.114498
vt 0.415979 0.122395
vt 0.207989 0.118446
vt 0.415979 0.126343
vt 0.207989 0.122394
vt 0.415979 0.130292
vt 0.207989 0.126342
vt 0.415979 0.134240
vt 0.207989 0.130291
vt 0.415979 0.138188
vt 0.207989 0.134239
vt 0.415979 0.142136
vt 0.207989 0.138187
vt 0.415979 0.146084
vt 0.207989 0.142135
vt 0.415979 0.150033
vt 0.207989 0.146084
vt 0.415979 0.153981
vt 0.207989 0.150032
vt 0.415979 0.157929
vt 0.207989 0.153980
vt 0.415979 0.161877
vt 0.207989 0.157928
vt 0.415979 0.165825
vt 0.207989 0.161876
vt 0.415979 0.169773
vt 0.207989 0.165824
vt 0.415979 0.173722
vt 0.207989 0.169773
vt 0.415979 0.177670
vt 0.207989 0.173721
vt 0.415979 0.181618
vt 0.207989 0.177669
vt 0.415979 0.185566
vt 0.207989 0.181617
vt 0.415979 0.189515
vt 0.207989 0.185566
vt 0.415979 0.193463
vt 0.207989 0.189514
vt 0.415979 0.197411
vt 0.207989 0.193462
vt 0.415979 0.201359
vt 0.207989 0.197410
vt 0.415979 0.205307
vt 0.207989 0.201358
vt 0.415979 0.209255
vt 0.207989 0.205306
vt 0.415979 0.213204
vt 0.207989 0.209255
vt 0.415979 0.217152
vt 0.207989 0.213203
vt 0.415979 0.221100
vt 0.207989 0.217151
vt 0.415979 0.225048
vt 0.207989 0.221099
vt 0.415979 0.228997
vt 0.207989 0.225048
vt 0.415979 0.232945
vt 0.207989 0.228996
vt 0.415979 0.236893
vt 0.207989 0.232944
vt 0.415979 0.240841
vt 0.207989 0.236892
vt 0.415979 0.244789
vt 0.207989 0.240840
vt 0.415979 0.248737
vt 0.207989 0.244788
vt 0.415979 0.252686
vt 0.207989 0.248737
vt 0.415979 0.256634
vt 0.207989 0.252685
vt 0.415979 0.260582
vt 0.207989 0.256633
vt 0.415979 0.264530
vt 0.207989 0.260581
vt 0.415979 0.268479
vt 0.207989 0.264530
vt 0.415979 0.272427
vt 0.207989 0.268478
vt 0.415979 0.276375
vt 0.207989 0.272426
vt 0.415979 0.280323
vt 0.207989 0.276374
vt 0.415979 0.284271
vt 0.207989 0.280322
vt 0.415979 0.288219
vt 0.207989 0.284270
vt 0.415979 0.292168
vt 0.207989 0.288219
vt 0.415979 0.296116
vt 0.207989 0.292167
vt 0.415979 0.300064
vt 0.207989 0.296115
vt 0.415979 0.304012
vt 0.207989 0.300063
vt 0.415979 0.307961
vt 0.207989 0.304012
vt 0.415979 0.311909
vt 0.207989 0.307960
vt 0.415979 0.315857
vt 0.207989 0.311908
vt 0.415979 0.319805
vt 0.207989 0.315856
vt 0.415979 0.323753
vt 0.207989 0.319804
vt 0.415979 0.327701
vt 0.207989 0.323752
vt 0.415979 0.331650
vt 0.207989 0.327701
vt 0.415979 0.335598
vt 0.207989 0.331649
vt 0.415979 0.339546
vt 0.207989 0.335597
vt 0.415979 0.343494
vt 0.207989 0.339545
vt 0.415979 0.347443
vt 0.207989 0.343494
vt 0.415979 0.351391
vt 0.207989 0.347442
vt 0.415979 0.355339
vt 0.207989 0.351390
vt 0.415979 0.359287
vt 0.207989 0.355338
vt 0.415979 0.363235
vt 0.207989 0.359286
vt 0.415979 0.367183
vt 0.207989 0.363234
vt 0.415979 0.371132
vt 0.207989 0.367183
vt 0.415979 0.375080
vt 0.207989 0.371131
vt 0.415979 0.379028
vt 0.207989 0.375079
vt 0.211139 0.383777
vt 0.207989 0.379027
vt 0.415979 0.382976
vt 0.212996 0.387261
vt 0.415979 0.386924
vt 0.217988 0.391580
vt 0.415979 0.390873
vt 0.889847 0.405541
vt 0.856542 0.401592
vt 0.889847 0.401592
vt 0.889847 0.409489
vt 0.856542 0.405541
vt 0.889847 0.413437
vt 0.856542 0.409489
vt 0.889847 0.417385
vt 0.856542 0.413437
vt 0.889847 0.421334
vt 0.856542 0.417385
vt 0.889847 0.425282
vt 0.856542 0.421334
vt 0.889847 0.429230
vt 0.856542 0.425282
vt 0.889847 0.433178
vt 0.856542 0.429230
vt 0.889847 0.437126
vt 0.856542 0.433178
vt 0.889847 0.441075
vt 0.856542 0.437126
vt 0.889847 0.445023
vt 0.856542 0.441075
vt 0.889847 0.448971
vt 0.856542 0.445023
vt 0.889847 0.452920
vt 0.856542 0.448971
vt 0.889847 0.456868
vt 0.856542 0.452920
vt 0.889847 0.460816
vt 0.856542 0.456868
vt 0.889847 0.464764
vt 0.856542 0.460816
vt 0.889847 0.468712
vt 0.856542 0.464764
vt 0.889847 0.472661
vt 0.856542 0.468712
vt 0.889847 0.476609
vt 0.856542 0.472661
vt 0.889847 0.480557
vt 0.856542 0.476609
vt 0.889847 0.484505
vt 0.856542 0.480557
vt 0.889847 0.488454
vt 0.856542 0.484505
vt 0.889847 0.492402
vt 0.856542 0.488454
vt 0.889847 0.496350
vt 0.856542 0.492402
vt 0.889847 0.500298
vt 0.856542 0.496350
vt 0.889847 0.504246
vt 0.856542 0.500298
vt 0.889847 0.508195
vt 0.856542 0.504246
vt 0.889847 0.512143
vt 0.856542 0.508195
vt 0.889847 0.516091
vt 0.856542 0.512143
vt 0.889847 0.520039
vt 0.856542 0.516091
vt 0.889847 0.523987
vt 0.856542 0.520039
vt 0.889847 0.527936
vt 0.856542 0.523987
vt 0.889847 0.531884
vt 0.856542 0.527936
vt 0.889847 0.535832
vt 0.856542 0.531884
vt 0.889847 0.539780
vt 0.856542 0.535832
vt 0.889847 0.543729
vt 0.856542 0.539780
vt 0.889847 0.547677
vt 0.856542 0.543729
vt 0.889847 0.551625
vt 0.856542 0.547677
vt 0.889847 0.555573
vt 0.856542 0.551625
vt 0.889847 0.559521
vt 0.856542 0.555573
vt 0.889847 0.563470
vt 0.856542 0.559521
vt 0.889847 0.567418
vt 0.856542 0.563470
vt 0.889847 0.571366
vt 0.856542 0.567418
vt 0.889847 0.575315
vt 0.856542 0.571366
vt 0.889847 0.579263
vt 0.856542 0.575315
vt 0.889847 0.583211
vt 0.856542 0.579263
vt 0.889847 0.587159
vt 0.856542 0.583211
vt 0.889847 0.591107
vt 0.856542 0.587159
vt 0.889847 0.595056
vt 0.856542 0.591107
vt 0.889847 0.599004
vt 0.856542 0.595056
vt 0.889847 0.602952
vt 0.856542 0.599004
vt 0.889847 0.606900
vt 0.856542 0.602952
vt 0.889847 0.610848
vt 0.856542 0.606900
vt 0.889847 0.614797
vt 0.856542 0.610848
vt 0.889847 0.618745
vt 0.856542 0.614797
vt 0.889847 0.622693
vt 0.856542 0.618745
vt 0.889847 0.626641
vt 0.856542 0.622693
vt 0.889847 0.630590
vt 0.856542 0.626641
vt 0.889847 0.634538
vt 0.856542 0.630590
vt 0.889847 0.638486
vt 0.856542 0.634538
vt 0.889847 0.642434
vt 0.856542 0.638486
vt 0.889847 0.646382
vt 0.856542 0.642434
vt 0.889847 0.650331
vt 0.856542 0.646382
vt 0.889847 0.654279
vt 0.856542 0.650331
vt 0.889847 0.658227
vt 0.856542 0.654279
vt 0.889847 0.662176
vt 0.856542 0.658227
vt 0.889847 0.666124
vt 0.856542 0.662176
vt 0.889847 0.670072
vt 0.856542 0.666124
vt 0.889847 0.674020
vt 0.856542 0.670072
vt 0.889847 0.677968
vt 0.856542 0.674020
vt 0.889847 0.681917
vt 0.856542 0.677968
vt 0.889847 0.685865
vt 0.856542 0.681917
vt 0.889847 0.689813
vt 0.856542 0.685865
vt 0.889847 0.693761
vt 0.856542 0.689813
vt 0.889847 0.697710
vt 0.856542 0.693761
vt 0.889847 0.701658
vt 0.856542 0.697710
vt 0.889847 0.705606
vt 0.856542 0.701658
vt 0.889847 0.709554
vt 0.856542 0.705606
vt 0.889847 0.713502
vt 0.856542 0.709554
vt 0.889847 0.717451
vt 0.856542 0.713502
vt 0.889847 0.721399
vt 0.856542 0.717451
vt 0.889847 0.725347
vt 0.856542 0.721399
vt 0.889847 0.729295
vt 0.856542 0.725347
vt 0.889847 0.733243
vt 0.856542 0.729295
vt 0.889847 0.737192
vt 0.856542 0.733243
vt 0.889847 0.741140
vt 0.856542 0.737192
vt 0.889847 0.745088
vt 0.856542 0.741140
vt 0.889847 0.749036
vt 0.856542 0.745088
vt 0.889847 0.752985
vt 0.856542 0.749036
vt 0.889847 0.756933
vt 0.856542 0.752985
vt 0.889847 0.760881
vt 0.856542 0.756933
vt 0.889847 0.764829
vt 0.856542 0.760881
vt 0.889847 0.768777
vt 0.856542 0.764829
vt 0.889847 0.772726
vt 0.856542 0.768777
vt 0.889847 0.776674
vt 0.856542 0.772726
vt 0.889847 0.780622
vt 0.856542 0.776674
vt 0.889847 0.784570
vt 0.856542 0.780622
vt 0.889847 0.788518
vt 0.856542 0.784570
vt 0.889847 0.792467
vt 0.856542 0.788518
vt 0.856542 0.792467
vt -0.000000 0.394822
vt 0.207989 0.398771
vt -0.000000 0.398771
vt -0.000000 0.390874
vt 0.207989 0.394822
vt -0.000000 0.386926
vt 0.207989 0.390874
vt -0.000000 0.382978
vt 0.207989 0.386926
vt -0.000000 0.379030
vt 0.207989 0.382978
vt -0.000000 0.375081
vt 0.207989 0.379030
vt 0.000000 0.371133
vt 0.207989 0.375082
vt 0.000000 0.367185
vt 0.207989 0.371133
vt 0.000000 0.363237
vt 0.207989 0.367185
vt 0.000000 0.359289
vt 0.207989 0.363237
vt 0.000000 0.355340
vt 0.207989 0.359289
vt 0.000000 0.351392
vt 0.207989 0.355340
vt 0.000000 0.347444
vt 0.207989 0.351392
vt 0.000000 0.343496
vt 0.207989 0.347444
vt 0.000000 0.339547
vt 0.207989 0.343496
vt 0.000000 0.335599
vt 0.207989 0.339547
vt 0.000000 0.331651
vt 0.207989 0.335599
vt -0.000000 0.327703
vt 0.207989 0.331651
vt -0.000000 0.323755
vt 0.207989 0.327703
vt -0.000000 0.319806
vt 0.207989 0.323755
vt 0.000000 0.315858
vt 0.207989 0.319806
vt 0.000000 0.311910
vt 0.207989 0.315858
vt 0.000000 0.307962
vt 0.207989 0.311910
vt 0.000000 0.304014
vt 0.207989 0.307962
vt 0.000000 0.300065
vt 0.207989 0.304013
vt 0.000000 0.296117
vt 0.207989 0.300065
vt 0.000000 0.292169
vt 0.207989 0.296117
vt 0.000000 0.288220
vt 0.207989 0.292169
vt 0.000000 0.284272
vt 0.207989 0.288221
vt 0.000000 0.280324
vt 0.207989 0.284272
vt 0.000000 0.276376
vt 0.207989 0.280324
vt 0.000000 0.272428
vt 0.207989 0.276376
vt 0.000000 0.268480
vt 0.207989 0.272428
vt 0.000000 0.264531
vt 0.207989 0.268479
vt 0.000000 0.260583
vt 0.207989 0.264531
vt 0.000000 0.256635
vt 0.207989 0.260583
vt 0.000000 0.252686
vt 0.207989 0.256635
vt 0.000000 0.248738
vt 0.207989 0.252686
vt 0.000000 0.244790
vt 0.207989 0.248738
vt 0.000000 0.240842
vt 0.207989 0.244790
vt 0.000000 0.236894
vt 0.207989 0.240842
vt 0.000000 0.232945
vt 0.207989 0.236894
vt 0.000000 0.228997
vt 0.207989 0.232945
vt 0.000000 0.225049
vt 0.207989 0.228997
vt 0.000000 0.221101
vt 0.207989 0.225049
vt 0.000000 0.217152
vt 0.207989 0.221101
vt 0.000000 0.213204
vt 0.207989 0.217152
vt 0.000000 0.209256
vt 0.207989 0.213204
vt 0.000000 0.205308
vt 0.207989 0.209256
vt 0.000000 0.201360
vt 0.207989 0.205308
vt 0.000000 0.197411
vt 0.207989 0.201360
vt 0.000000 0.193463
vt 0.207989 0.197411
vt 0.000000 0.189515
vt 0.207989 0.193463
vt 0.000000 0.185567
vt 0.207989 0.189515
vt 0.000000 0.181619
vt 0.207989 0.185566
vt 0.207989 0.177670
vt 0.207989 0.181618
vt 0.000000 0.173722
vt 0.000000 0.177670
vt 0.000000 0.169774
vt 0.207989 0.173722
vt 0.000000 0.165825
vt 0.207989 0.169774
vt 0.000000 0.161877
vt 0.207989 0.165826
vt 0.000000 0.157929
vt 0.207989 0.161877
vt 0.000000 0.153981
vt 0.207989 0.157929
vt 0.000000 0.150033
vt 0.207989 0.153981
vt 0.000000 0.146085
vt 0.207989 0.150033
vt 0.000000 0.142136
vt 0.207989 0.146085
vt 0.207989 0.138188
vt 0.207989 0.142136
vt 0.000000 0.134240
vt 0.000000 0.138188
vt 0.000000 0.130291
vt 0.207989 0.134240
vt 0.000000 0.126343
vt 0.207989 0.130291
vt 0.000000 0.122395
vt 0.207989 0.126343
vt 0.000000 0.118447
vt 0.207989 0.122395
vt 0.000000 0.114499
vt 0.207989 0.118447
vt 0.000000 0.110550
vt 0.207989 0.114499
vt 0.000000 0.106602
vt 0.207989 0.110550
vt 0.000000 0.102654
vt 0.207989 0.106602
vt 0.000000 0.098706
vt 0.207989 0.102654
vt 0.207989 0.094757
vt 0.207989 0.098706
vt 0.000000 0.090809
vt 0.000000 0.094758
vt 0.000000 0.086861
vt 0.207989 0.090809
vt 0.000000 0.082913
vt 0.207989 0.086861
vt 0.000000 0.078965
vt 0.207989 0.082913
vt 0.000000 0.075016
vt 0.207989 0.078965
vt 0.000000 0.071068
vt 0.207989 0.075016
vt 0.000000 0.067120
vt 0.207989 0.071068
vt 0.000000 0.063172
vt 0.207989 0.067120
vt 0.000000 0.059224
vt 0.207989 0.063172
vt 0.000000 0.055275
vt 0.207989 0.059224
vt 0.207989 0.051327
vt 0.207989 0.055275
vt 0.000000 0.047379
vt 0.000000 0.051327
vt 0.000000 0.043430
vt 0.207989 0.047379
vt 0.000000 0.039482
vt 0.207989 0.043430
vt 0.000000 0.035534
vt 0.207989 0.039482
vt 0.000000 0.031586
vt 0.207989 0.035534
vt 0.000000 0.027638
vt 0.207989 0.031586
vt 0.000000 0.023689
vt 0.207989 0.027638
vt 0.001292 0.018475
vt 0.207989 0.023690
vt 0.003149 0.014991
vt 0.207989 0.019741
vt 0.005007 0.011507
vt 0.207989 0.015793
vt 0.009999 0.007189
vt 0.207989 0.011845
vt 0.207989 0.007896
vt 0.447045 0.831456
vt 0.446929 0.832141
vt 0.446976 0.831044
vt 0.305398 0.840390
vt 0.305349 0.839319
vt 0.306209 0.839319
vt 0.014847 0.852775
vt 0.000001 0.853338
vt 0.014847 0.852267
vt 0.192674 0.831725
vt 0.177834 0.813303
vt 0.192671 0.813949
vt 0.447063 0.816125
vt 0.446976 0.816974
vt 0.000000 0.814647
vt 0.014847 0.813404
vt 0.014847 0.814227
vt 0.000000 0.815991
vt 0.014847 0.814546
vt 0.014847 0.815672
vt 0.000000 0.817334
vt 0.014847 0.815991
vt 0.014847 0.817241
vt 0.014847 0.818678
vt 0.000000 0.818678
vt 0.014847 0.820021
vt 0.000000 0.820021
vt 0.000000 0.821365
vt 0.014847 0.821189
vt 0.014847 0.822708
vt 0.000000 0.822708
vt 0.014847 0.824052
vt 0.000000 0.824052
vt 0.000000 0.825395
vt 0.014847 0.825137
vt 0.014847 0.826739
vt 0.000000 0.826739
vt 0.014847 0.828083
vt 0.000000 0.828083
vt 0.000000 0.829426
vt 0.014847 0.829086
vt 0.014847 0.830770
vt 0.000000 0.830770
vt 0.014847 0.832114
vt 0.000000 0.832114
vt 0.000000 0.833457
vt 0.014847 0.833034
vt 0.014847 0.834800
vt 0.000000 0.834800
vt 0.014847 0.836144
vt 0.000000 0.836144
vt 0.000000 0.837488
vt 0.014847 0.836982
vt 0.014847 0.838831
vt 0.000000 0.838831
vt 0.014847 0.840175
vt 0.000000 0.840175
vt 0.000000 0.841519
vt 0.014847 0.840930
vt 0.014847 0.842862
vt 0.000000 0.842862
vt 0.014847 0.844206
vt 0.000000 0.844206
vt 0.000000 0.845549
vt 0.014847 0.844878
vt 0.014847 0.846893
vt 0.000000 0.846893
vt 0.014847 0.848236
vt 0.000000 0.848236
vt 0.000000 0.849580
vt 0.014847 0.848827
vt 0.000000 0.851196
vt 0.014847 0.849580
vt 0.014847 0.851196
vt 0.000000 0.852267
vt 0.306144 0.800387
vt 0.307290 0.800355
vt 0.307290 0.801699
vt 0.306430 0.802024
vt 0.306430 0.803043
vt 0.307290 0.803043
vt 0.306430 0.804386
vt 0.307290 0.804386
vt 0.306430 0.805730
vt 0.307290 0.805730
vt 0.306430 0.807073
vt 0.307290 0.807073
vt 0.306430 0.808417
vt 0.307290 0.808417
vt 0.306430 0.809760
vt 0.307290 0.809760
vt 0.306430 0.811104
vt 0.307290 0.811104
vt 0.306430 0.812447
vt 0.307290 0.812447
vt 0.306430 0.813791
vt 0.307290 0.813791
vt 0.306430 0.815135
vt 0.307290 0.815135
vt 0.306430 0.816478
vt 0.307290 0.816478
vt 0.306430 0.817822
vt 0.307290 0.817822
vt 0.306430 0.819165
vt 0.307290 0.819165
vt 0.306430 0.820509
vt 0.307290 0.820509
vt 0.306430 0.821852
vt 0.307290 0.821852
vt 0.306430 0.823196
vt 0.307290 0.823196
vt 0.306430 0.824539
vt 0.307290 0.824539
vt 0.306430 0.825883
vt 0.307290 0.825883
vt 0.306430 0.827227
vt 0.307290 0.827227
vt 0.306430 0.828570
vt 0.307290 0.828570
vt 0.306430 0.829914
vt 0.307290 0.829914
vt 0.306430 0.831258
vt 0.307290 0.831258
vt 0.306430 0.832601
vt 0.307290 0.832601
vt 0.306430 0.833945
vt 0.307290 0.833945
vt 0.306430 0.835364
vt 0.306430 0.835288
vt 0.307290 0.836632
vt 0.306430 0.836632
vt 0.307020 0.838248
vt 0.306160 0.838248
vt 0.306150 0.838261
vt 0.014848 0.813327
vt 0.014935 0.813651
vt 0.014935 0.814608
vt 0.014847 0.815990
vt 0.014848 0.814620
vt 0.014935 0.814945
vt 0.014934 0.817334
vt 0.014847 0.817334
vt 0.014934 0.815990
vt 0.014847 0.818678
vt 0.014934 0.818678
vt 0.014847 0.820021
vt 0.014934 0.820021
vt 0.014847 0.821365
vt 0.014847 0.821189
vt 0.014847 0.822709
vt 0.014934 0.821365
vt 0.014934 0.822709
vt 0.014847 0.824052
vt 0.014934 0.824052
vt 0.014847 0.825395
vt 0.014934 0.825395
vt 0.014847 0.826739
vt 0.014934 0.826739
vt 0.014847 0.828083
vt 0.014934 0.828083
vt 0.014847 0.829426
vt 0.014934 0.829426
vt 0.014847 0.830770
vt 0.014934 0.830770
vt 0.014847 0.832114
vt 0.014934 0.832114
vt 0.014847 0.833034
vt 0.014934 0.833457
vt 0.014847 0.833457
vt 0.014934 0.834800
vt 0.014847 0.834800
vt 0.014847 0.836144
vt 0.014934 0.836144
vt 0.014847 0.836982
vt 0.014934 0.837488
vt 0.014847 0.837488
vt 0.014934 0.838831
vt 0.014847 0.838831
vt 0.014847 0.840175
vt 0.014934 0.840175
vt 0.014847 0.841518
vt 0.014847 0.840930
vt 0.014847 0.842862
vt 0.014934 0.841518
vt 0.014934 0.842862
vt 0.014934 0.844206
vt 0.014847 0.844206
vt 0.014847 0.845549
vt 0.014847 0.844878
vt 0.014847 0.846893
vt 0.014934 0.845549
vt 0.014934 0.846893
vt 0.014847 0.847608
vt 0.014934 0.848236
vt 0.014934 0.848622
vt 0.014847 0.848820
vt 0.014934 0.848640
vt 0.014934 0.849579
vt 0.014847 0.851057
vt 0.014847 0.849844
vt 0.014934 0.850937
vt 0.210390 0.400596
vt 0.210357 0.399086
vt 0.210390 0.398769
vt 0.210390 0.400149
vt 0.210390 0.400142
vt 0.210477 0.400146
vt 0.210477 0.398769
vt 0.210390 0.398775
vt 0.140453 0.832733
vt 0.141437 0.813345
vt 0.141550 0.832775
vt 0.267536 0.839319
vt 0.251809 0.840123
vt 0.250723 0.839332
vt 0.737928 0.794893
vt 0.733220 0.795963
vt 0.733220 0.794908
vt 0.849050 0.832419
vt 0.848252 0.832737
vt 0.848967 0.831599
vt 0.068633 0.832759
vt 0.070132 0.813303
vt 0.069490 0.828054
vt 0.125421 0.813387
vt 0.140340 0.813303
vt 0.835277 0.795138
vt 0.836744 0.795923
vt 0.836039 0.796200
vt 0.836047 0.796210
vt 0.836863 0.797358
vt 0.838160 0.798287
vt 0.837662 0.797039
vt 0.837859 0.799854
vt 0.837361 0.798606
vt 0.838657 0.799535
vt 0.838356 0.801102
vt 0.839155 0.800783
vt 0.838854 0.802350
vt 0.839653 0.802031
vt 0.839352 0.803598
vt 0.840150 0.803279
vt 0.839849 0.804846
vt 0.840648 0.804527
vt 0.840347 0.806094
vt 0.841146 0.805775
vt 0.840845 0.807342
vt 0.841643 0.807023
vt 0.841342 0.808590
vt 0.842141 0.808271
vt 0.841840 0.809838
vt 0.842639 0.809519
vt 0.842338 0.811086
vt 0.843136 0.810767
vt 0.842836 0.812334
vt 0.843634 0.812015
vt 0.843333 0.813582
vt 0.844132 0.813263
vt 0.843831 0.814830
vt 0.844629 0.814511
vt 0.844329 0.816078
vt 0.845127 0.815759
vt 0.844826 0.817326
vt 0.845625 0.817007
vt 0.845324 0.818574
vt 0.846123 0.818255
vt 0.845822 0.819822
vt 0.846620 0.819503
vt 0.846319 0.821070
vt 0.847118 0.820751
vt 0.846817 0.822318
vt 0.847616 0.821999
vt 0.847315 0.823566
vt 0.848611 0.824495
vt 0.848113 0.823247
vt 0.848310 0.826062
vt 0.847813 0.824814
vt 0.849109 0.825743
vt 0.848510 0.826748
vt 0.848892 0.827711
vt 0.849606 0.826991
vt 0.849152 0.828619
vt 0.849250 0.828866
vt 0.850104 0.828239
vt 0.849719 0.829854
vt 0.849774 0.829965
vt 0.850602 0.829487
vt 0.737929 0.834927
vt 0.733221 0.834634
vt 0.733221 0.833615
vt 0.737929 0.833583
vt 0.733221 0.833583
vt 0.733221 0.833259
vt 0.737929 0.832240
vt 0.733221 0.830896
vt 0.737929 0.830896
vt 0.733221 0.829553
vt 0.737929 0.829553
vt 0.733221 0.828209
vt 0.737929 0.828209
vt 0.733221 0.826865
vt 0.737929 0.826865
vt 0.733221 0.825522
vt 0.737929 0.825522
vt 0.733221 0.824178
vt 0.737929 0.824178
vt 0.733221 0.822835
vt 0.737929 0.822835
vt 0.733221 0.821491
vt 0.737929 0.821491
vt 0.733221 0.820148
vt 0.737929 0.820148
vt 0.733221 0.818804
vt 0.737929 0.818804
vt 0.733221 0.817461
vt 0.737929 0.817461
vt 0.733221 0.816117
vt 0.737929 0.816117
vt 0.733221 0.814773
vt 0.737929 0.814773
vt 0.733221 0.813430
vt 0.737929 0.813430
vt 0.733221 0.812086
vt 0.737929 0.812086
vt 0.733221 0.810743
vt 0.737929 0.810743
vt 0.733221 0.809399
vt 0.737929 0.809399
vt 0.733221 0.808056
vt 0.737929 0.808056
vt 0.733221 0.806712
vt 0.737929 0.806712
vt 0.733221 0.805368
vt 0.737929 0.805368
vt 0.733221 0.804025
vt 0.737929 0.804025
vt 0.733221 0.802681
vt 0.737929 0.802681
vt 0.733221 0.801337
vt 0.737929 0.801337
vt 0.733221 0.799994
vt 0.737929 0.799994
vt 0.733221 0.799918
vt 0.733221 0.798651
vt 0.737929 0.798651
vt 0.733221 0.798598
vt 0.733221 0.797035
vt 0.737929 0.797035
vt 0.733221 0.797021
vt 0.733220 0.795964
vt 0.268618 0.800355
vt 0.249281 0.801699
vt 0.249281 0.800355
vt 0.268618 0.801699
vt 0.249281 0.803042
vt 0.268618 0.803042
vt 0.249281 0.804386
vt 0.268618 0.804386
vt 0.249281 0.805730
vt 0.268618 0.805730
vt 0.249281 0.807073
vt 0.268618 0.807073
vt 0.249281 0.808417
vt 0.268618 0.808417
vt 0.249281 0.809760
vt 0.268618 0.809760
vt 0.249281 0.811104
vt 0.268618 0.811104
vt 0.249281 0.812447
vt 0.268618 0.812447
vt 0.249281 0.813791
vt 0.268618 0.813791
vt 0.249281 0.815135
vt 0.268618 0.815135
vt 0.249281 0.816478
vt 0.268618 0.816478
vt 0.249281 0.817822
vt 0.268618 0.817822
vt 0.249281 0.819165
vt 0.268618 0.819165
vt 0.249281 0.820509
vt 0.268618 0.820509
vt 0.249281 0.821852
vt 0.268618 0.821852
vt 0.249281 0.823196
vt 0.268618 0.823196
vt 0.249281 0.824539
vt 0.268618 0.824539
vt 0.249281 0.825883
vt 0.268618 0.825883
vt 0.249281 0.827227
vt 0.268618 0.827227
vt 0.249281 0.828570
vt 0.268618 0.828570
vt 0.249281 0.829914
vt 0.268618 0.829914
vt 0.249281 0.831258
vt 0.268618 0.831258
vt 0.249281 0.832601
vt 0.268618 0.832601
vt 0.249281 0.833945
vt 0.268618 0.833945
vt 0.249574 0.836957
vt 0.268618 0.835288
vt 0.249977 0.837749
vt 0.268347 0.838248
vt 0.249637 0.838540
vt 0.365562 0.800355
vt 0.346094 0.801664
vt 0.346095 0.800386
vt 0.365562 0.801699
vt 0.346094 0.803042
vt 0.365562 0.803042
vt 0.346094 0.804386
vt 0.365562 0.804386
vt 0.346094 0.805730
vt 0.365562 0.805730
vt 0.346094 0.807073
vt 0.365562 0.807073
vt 0.346094 0.808417
vt 0.365562 0.809760
vt 0.346094 0.809761
vt 0.365562 0.811104
vt 0.346094 0.811104
vt 0.346094 0.812447
vt 0.365562 0.812447
vt 0.346094 0.813791
vt 0.365562 0.813791
vt 0.346094 0.815135
vt 0.365562 0.815135
vt 0.346094 0.816478
vt 0.365562 0.816478
vt 0.346094 0.817822
vt 0.365562 0.817822
vt 0.346094 0.819165
vt 0.365562 0.819166
vt 0.346094 0.820509
vt 0.365562 0.820509
vt 0.346094 0.821852
vt 0.365562 0.821852
vt 0.346094 0.823196
vt 0.365562 0.823196
vt 0.346094 0.824539
vt 0.365562 0.824540
vt 0.346094 0.825883
vt 0.365562 0.825883
vt 0.346094 0.827227
vt 0.365562 0.827227
vt 0.346094 0.828570
vt 0.365562 0.828570
vt 0.346094 0.829914
vt 0.365562 0.829914
vt 0.346094 0.831258
vt 0.365562 0.831258
vt 0.346094 0.832601
vt 0.365562 0.832601
vt 0.346094 0.833945
vt 0.365562 0.833945
vt 0.346094 0.835288
vt 0.365562 0.836956
vt 0.346094 0.836632
vt 0.365562 0.837746
vt 0.346094 0.837975
vt 0.142647 0.832817
vt 0.142898 0.813419
vt 0.631086 0.403799
vt 0.817573 0.405487
vt 0.627702 0.405726
vt 0.856542 0.794893
vt 0.817572 0.790998
vt 0.856542 0.790998
vt 0.826619 0.389404
vt 0.640132 0.391091
vt 0.636748 0.389164
vt 0.928958 0.619799
vt 0.889964 0.616424
vt 0.928927 0.616488
vt 0.889847 0.606369
vt 0.928813 0.401592
vt 0.928813 0.606335
vt 0.889847 0.806015
vt 0.928811 0.806078
vt 0.865588 0.003894
vt 0.826619 -0.000000
vt 0.865588 -0.000000
vt 0.865588 0.007788
vt 0.826619 0.003894
vt 0.865588 0.011682
vt 0.826619 0.007788
vt 0.865588 0.015576
vt 0.826619 0.011682
vt 0.865588 0.019470
vt 0.826619 0.015576
vt 0.865588 0.023364
vt 0.826619 0.019470
vt 0.865588 0.027258
vt 0.826619 0.023364
vt 0.826619 0.031152
vt 0.826619 0.027258
vt 0.865588 0.031152
vt 0.826619 0.035046
vt 0.865588 0.038940
vt 0.865588 0.035046
vt 0.826619 0.042834
vt 0.826619 0.038940
vt 0.865588 0.042834
vt 0.826619 0.046728
vt 0.865588 0.050622
vt 0.865588 0.046728
vt 0.826619 0.054516
vt 0.826619 0.050622
vt 0.865588 0.054516
vt 0.826619 0.058410
vt 0.865588 0.062304
vt 0.865588 0.058410
vt 0.826619 0.066198
vt 0.826619 0.062304
vt 0.865588 0.066198
vt 0.826619 0.070092
vt 0.865588 0.073986
vt 0.865588 0.070092
vt 0.826619 0.077880
vt 0.826619 0.073986
vt 0.865588 0.077880
vt 0.826619 0.081774
vt 0.865588 0.085668
vt 0.865588 0.081774
vt 0.826619 0.089562
vt 0.826619 0.085668
vt 0.865588 0.089562
vt 0.826619 0.093456
vt 0.865588 0.097350
vt 0.865588 0.093456
vt 0.826619 0.101244
vt 0.826619 0.097350
vt 0.865588 0.101245
vt 0.826619 0.105138
vt 0.865588 0.109032
vt 0.865588 0.105138
vt 0.826619 0.112926
vt 0.826619 0.109032
vt 0.865588 0.112927
vt 0.826619 0.116820
vt 0.865588 0.120714
vt 0.865588 0.116820
vt 0.826619 0.124608
vt 0.826619 0.120714
vt 0.865588 0.124609
vt 0.826619 0.128503
vt 0.865588 0.132396
vt 0.865588 0.128503
vt 0.865588 0.136291
vt 0.826619 0.132396
vt 0.865588 0.140185
vt 0.826619 0.136291
vt 0.865588 0.144078
vt 0.826619 0.140185
vt 0.865588 0.147973
vt 0.826619 0.144078
vt 0.865588 0.151867
vt 0.826619 0.147973
vt 0.826619 0.155760
vt 0.826619 0.151867
vt 0.865588 0.155761
vt 0.826619 0.159655
vt 0.865588 0.163549
vt 0.865588 0.159655
vt 0.826619 0.167443
vt 0.826619 0.163549
vt 0.865588 0.167443
vt 0.826619 0.171337
vt 0.865588 0.175231
vt 0.865588 0.171337
vt 0.826619 0.179125
vt 0.826619 0.175231
vt 0.865588 0.179125
vt 0.826619 0.183019
vt 0.865588 0.186913
vt 0.865588 0.183019
vt 0.826619 0.190807
vt 0.826619 0.186913
vt 0.865588 0.190807
vt 0.826619 0.194701
vt 0.865588 0.198595
vt 0.865588 0.194701
vt 0.826619 0.202489
vt 0.826619 0.198595
vt 0.865588 0.202489
vt 0.826619 0.206383
vt 0.865588 0.210277
vt 0.865588 0.206383
vt 0.865588 0.214171
vt 0.826619 0.210277
vt 0.826619 0.214171
vt 0.854356 0.214549
vt 0.826619 0.221959
vt 0.836123 0.218456
vt 0.836123 0.219800
vt 0.865588 0.221959
vt 0.855459 0.219800
vt 0.855459 0.218456
vt 0.826619 0.225853
vt 0.836123 0.222487
vt 0.836123 0.223830
vt 0.865588 0.225853
vt 0.855459 0.223830
vt 0.855459 0.222487
vt 0.826619 0.229747
vt 0.836123 0.226517
vt 0.836123 0.227861
vt 0.865588 0.229747
vt 0.855459 0.227861
vt 0.855459 0.226517
vt 0.826619 0.233641
vt 0.836123 0.230548
vt 0.836123 0.231892
vt 0.865588 0.233641
vt 0.855459 0.231892
vt 0.855459 0.230548
vt 0.826619 0.237535
vt 0.836123 0.234579
vt 0.836123 0.235922
vt 0.865588 0.237535
vt 0.855459 0.235922
vt 0.855459 0.234579
vt 0.826619 0.241429
vt 0.836123 0.238609
vt 0.836123 0.239953
vt 0.865588 0.241429
vt 0.855459 0.239953
vt 0.855459 0.238609
vt 0.836123 0.242640
vt 0.836123 0.243984
vt 0.855459 0.245323
vt 0.855459 0.243984
vt 0.836123 0.248015
vt 0.826619 0.245323
vt 0.836123 0.246671
vt 0.865588 0.245323
vt 0.855459 0.248015
vt 0.855459 0.246671
vt 0.865588 0.253111
vt 0.855459 0.250701
vt 0.855459 0.249358
vt 0.826619 0.249217
vt 0.836143 0.249473
vt 0.836148 0.252084
vt 0.865588 0.257005
vt 0.838650 0.254193
vt 0.853567 0.254460
vt 0.826619 0.260899
vt 0.826619 0.257005
vt 0.865588 0.264793
vt 0.865588 0.260899
vt 0.826619 0.268687
vt 0.826619 0.264793
vt 0.865588 0.268687
vt 0.826619 0.272581
vt 0.865588 0.276475
vt 0.865588 0.272581
vt 0.826619 0.280369
vt 0.826619 0.276475
vt 0.865588 0.280369
vt 0.826619 0.284263
vt 0.865588 0.288157
vt 0.865588 0.284263
vt 0.826619 0.292051
vt 0.826619 0.288157
vt 0.865588 0.292051
vt 0.826619 0.295945
vt 0.865588 0.299839
vt 0.865588 0.295945
vt 0.826619 0.303733
vt 0.826619 0.299839
vt 0.865588 0.303734
vt 0.826619 0.307627
vt 0.865588 0.311521
vt 0.865588 0.307627
vt 0.826619 0.315415
vt 0.826619 0.311521
vt 0.865588 0.315416
vt 0.826619 0.319309
vt 0.865588 0.323203
vt 0.865588 0.319310
vt 0.865588 0.327098
vt 0.826619 0.323203
vt 0.865588 0.330992
vt 0.826619 0.327098
vt 0.865588 0.334885
vt 0.826619 0.330992
vt 0.865588 0.338780
vt 0.826619 0.334885
vt 0.865588 0.342674
vt 0.826619 0.338780
vt 0.865588 0.346567
vt 0.826619 0.342674
vt 0.865588 0.350462
vt 0.826619 0.346567
vt 0.865588 0.354356
vt 0.826619 0.350462
vt 0.826619 0.358250
vt 0.826619 0.354356
vt 0.865588 0.358250
vt 0.826619 0.362144
vt 0.865588 0.366038
vt 0.865588 0.362144
vt 0.826619 0.369932
vt 0.826619 0.366038
vt 0.865588 0.373826
vt 0.865588 0.369932
vt 0.865588 0.378525
vt 0.826619 0.375080
vt 0.865588 0.381970
vt 0.826619 0.378525
vt 0.928881 0.611196
vt 0.928811 0.606433
vt 0.889917 0.611133
vt 0.826619 0.003895
vt 0.621482 0.000000
vt 0.826619 0.000001
vt 0.826619 0.007789
vt 0.621482 0.003894
vt 0.826619 0.011683
vt 0.621482 0.007788
vt 0.826619 0.015577
vt 0.621482 0.011682
vt 0.826619 0.019471
vt 0.621482 0.015576
vt 0.826619 0.023365
vt 0.621482 0.019470
vt 0.826619 0.027259
vt 0.621482 0.023364
vt 0.826619 0.031153
vt 0.621482 0.027258
vt 0.826619 0.035047
vt 0.621482 0.031152
vt 0.826619 0.038941
vt 0.621482 0.035046
vt 0.826619 0.042835
vt 0.621482 0.038940
vt 0.826619 0.046729
vt 0.621482 0.042834
vt 0.826619 0.050623
vt 0.621482 0.046728
vt 0.826619 0.054517
vt 0.621482 0.050622
vt 0.826619 0.058411
vt 0.621482 0.054517
vt 0.826619 0.062305
vt 0.621482 0.058410
vt 0.826619 0.066199
vt 0.621482 0.062304
vt 0.826619 0.070093
vt 0.621482 0.066199
vt 0.826619 0.073987
vt 0.621482 0.070093
vt 0.826619 0.077882
vt 0.621482 0.073986
vt 0.826619 0.081775
vt 0.621482 0.077881
vt 0.826619 0.085669
vt 0.621482 0.081775
vt 0.826619 0.089564
vt 0.621482 0.085669
vt 0.826619 0.093458
vt 0.621482 0.089563
vt 0.826619 0.097351
vt 0.621482 0.093457
vt 0.826619 0.101246
vt 0.621482 0.097351
vt 0.826619 0.105140
vt 0.621482 0.101245
vt 0.826619 0.109034
vt 0.621482 0.105139
vt 0.826619 0.112928
vt 0.621482 0.109033
vt 0.826619 0.116822
vt 0.621482 0.112927
vt 0.826619 0.120716
vt 0.621482 0.116821
vt 0.826619 0.124610
vt 0.621482 0.120715
vt 0.826619 0.128504
vt 0.621482 0.124609
vt 0.826619 0.132398
vt 0.621482 0.128503
vt 0.826619 0.136292
vt 0.621482 0.132397
vt 0.826619 0.140186
vt 0.621482 0.136291
vt 0.826619 0.144080
vt 0.621482 0.140185
vt 0.826619 0.147974
vt 0.621482 0.144079
vt 0.826619 0.151868
vt 0.621482 0.147973
vt 0.826619 0.155762
vt 0.621482 0.151867
vt 0.826619 0.159656
vt 0.621482 0.155762
vt 0.826619 0.163550
vt 0.621482 0.159655
vt 0.826619 0.167444
vt 0.621482 0.163549
vt 0.826619 0.171338
vt 0.621482 0.167444
vt 0.826619 0.175232
vt 0.621482 0.171338
vt 0.826619 0.179126
vt 0.621482 0.175231
vt 0.826619 0.183020
vt 0.621482 0.179126
vt 0.826619 0.186914
vt 0.621482 0.183020
vt 0.826619 0.190809
vt 0.621482 0.186914
vt 0.826619 0.194702
vt 0.621482 0.190808
vt 0.826619 0.198596
vt 0.621482 0.194702
vt 0.826619 0.202491
vt 0.621482 0.198596
vt 0.826619 0.206385
vt 0.621482 0.202490
vt 0.826619 0.210278
vt 0.621482 0.206384
vt 0.826619 0.214173
vt 0.621482 0.210278
vt 0.826619 0.218067
vt 0.621482 0.214172
vt 0.826619 0.221961
vt 0.621482 0.218066
vt 0.826619 0.225855
vt 0.621482 0.221960
vt 0.826619 0.229749
vt 0.621482 0.225854
vt 0.826619 0.233643
vt 0.621482 0.229748
vt 0.826619 0.237537
vt 0.621482 0.233642
vt 0.826619 0.241431
vt 0.621482 0.237536
vt 0.826619 0.245325
vt 0.621482 0.241430
vt 0.826619 0.249219
vt 0.621482 0.245324
vt 0.826619 0.253113
vt 0.621482 0.249218
vt 0.826619 0.257007
vt 0.621482 0.253112
vt 0.826619 0.260901
vt 0.621482 0.257006
vt 0.826619 0.264795
vt 0.621482 0.260900
vt 0.826619 0.268689
vt 0.621482 0.264794
vt 0.826619 0.272583
vt 0.621482 0.268689
vt 0.826619 0.276477
vt 0.621482 0.272582
vt 0.826619 0.280371
vt 0.621482 0.276476
vt 0.826619 0.284265
vt 0.621482 0.280371
vt 0.826619 0.288159
vt 0.621482 0.284265
vt 0.826619 0.292054
vt 0.621482 0.288158
vt 0.826619 0.295947
vt 0.621482 0.292053
vt 0.826619 0.299841
vt 0.621482 0.295947
vt 0.826619 0.303736
vt 0.621482 0.299841
vt 0.826619 0.307630
vt 0.621482 0.303735
vt 0.826619 0.311523
vt 0.621482 0.307629
vt 0.826619 0.315418
vt 0.621482 0.311523
vt 0.826619 0.319312
vt 0.621482 0.315417
vt 0.826619 0.323206
vt 0.621482 0.319311
vt 0.826619 0.327100
vt 0.621482 0.323205
vt 0.826619 0.330994
vt 0.621482 0.327099
vt 0.826619 0.334888
vt 0.621482 0.330993
vt 0.826619 0.338782
vt 0.621482 0.334887
vt 0.826619 0.342676
vt 0.621482 0.338781
vt 0.826619 0.346570
vt 0.621482 0.342675
vt 0.826619 0.350464
vt 0.621482 0.346569
vt 0.826619 0.354358
vt 0.621482 0.350463
vt 0.826619 0.358252
vt 0.621482 0.354357
vt 0.826619 0.362146
vt 0.621482 0.358251
vt 0.826619 0.366040
vt 0.621482 0.362145
vt 0.826619 0.369934
vt 0.621482 0.366039
vt 0.826619 0.373828
vt 0.621482 0.369934
vt 0.624589 0.378512
vt 0.621482 0.373827
vt 0.826619 0.377722
vt 0.626420 0.381948
vt 0.826619 0.381616
vt 0.631344 0.386207
vt 0.826619 0.385510
vt 0.856542 0.405486
vt 0.817572 0.401592
vt 0.856542 0.401592
vt 0.856542 0.409380
vt 0.817572 0.405486
vt 0.856542 0.413274
vt 0.817572 0.409380
vt 0.856542 0.417168
vt 0.817572 0.413274
vt 0.856542 0.421062
vt 0.817572 0.417168
vt 0.856542 0.424957
vt 0.817572 0.421062
vt 0.856542 0.428851
vt 0.817572 0.424957
vt 0.856542 0.432745
vt 0.817572 0.428851
vt 0.856542 0.436639
vt 0.817572 0.432745
vt 0.856542 0.440533
vt 0.817572 0.436639
vt 0.856542 0.444427
vt 0.817572 0.440533
vt 0.856542 0.448321
vt 0.817572 0.444427
vt 0.856542 0.452215
vt 0.817572 0.448321
vt 0.856542 0.456109
vt 0.817572 0.452215
vt 0.856542 0.460003
vt 0.817572 0.456109
vt 0.856542 0.463897
vt 0.817572 0.460003
vt 0.856542 0.467791
vt 0.817572 0.463897
vt 0.856542 0.471685
vt 0.817572 0.467791
vt 0.856542 0.475579
vt 0.817572 0.471685
vt 0.856542 0.479474
vt 0.817572 0.475579
vt 0.856542 0.483368
vt 0.817572 0.479474
vt 0.856542 0.487261
vt 0.817572 0.483368
vt 0.856542 0.491156
vt 0.817572 0.487261
vt 0.856542 0.495050
vt 0.817572 0.491156
vt 0.856542 0.498944
vt 0.817572 0.495050
vt 0.856542 0.502838
vt 0.817572 0.498944
vt 0.856542 0.506732
vt 0.817572 0.502838
vt 0.856542 0.510626
vt 0.817572 0.506732
vt 0.856542 0.514520
vt 0.817572 0.510626
vt 0.856542 0.518414
vt 0.817572 0.514520
vt 0.856542 0.522308
vt 0.817572 0.518414
vt 0.856542 0.526202
vt 0.817572 0.522308
vt 0.856542 0.530096
vt 0.817572 0.526202
vt 0.856542 0.533990
vt 0.817572 0.530096
vt 0.856542 0.537884
vt 0.817572 0.533990
vt 0.856542 0.541778
vt 0.817572 0.537884
vt 0.856542 0.545672
vt 0.817572 0.541778
vt 0.856542 0.549567
vt 0.817572 0.545672
vt 0.856542 0.553461
vt 0.817572 0.549567
vt 0.856542 0.557355
vt 0.817572 0.553461
vt 0.856542 0.561249
vt 0.817572 0.557355
vt 0.856542 0.565143
vt 0.817572 0.561249
vt 0.856542 0.569037
vt 0.817572 0.565143
vt 0.856542 0.572931
vt 0.817572 0.569037
vt 0.856542 0.576825
vt 0.817572 0.572931
vt 0.856542 0.580719
vt 0.817572 0.576825
vt 0.856542 0.584613
vt 0.817572 0.580719
vt 0.856542 0.588507
vt 0.817572 0.584613
vt 0.856542 0.592401
vt 0.817572 0.588507
vt 0.856542 0.596295
vt 0.817572 0.592401
vt 0.856542 0.600189
vt 0.817572 0.596295
vt 0.856542 0.604084
vt 0.817572 0.600189
vt 0.856542 0.607977
vt 0.817572 0.604084
vt 0.856542 0.611871
vt 0.817572 0.607977
vt 0.856542 0.615766
vt 0.817572 0.611871
vt 0.856542 0.619660
vt 0.817572 0.615766
vt 0.856542 0.623554
vt 0.817572 0.619660
vt 0.856542 0.627448
vt 0.817572 0.623554
vt 0.856542 0.631342
vt 0.817572 0.627448
vt 0.856542 0.635236
vt 0.817572 0.631342
vt 0.856542 0.639130
vt 0.817572 0.635236
vt 0.856542 0.643024
vt 0.817572 0.639130
vt 0.856542 0.646918
vt 0.817572 0.643024
vt 0.856542 0.650812
vt 0.817572 0.646918
vt 0.856542 0.654706
vt 0.817572 0.650812
vt 0.856542 0.658600
vt 0.817572 0.654706
vt 0.856542 0.662494
vt 0.817572 0.658600
vt 0.856542 0.666388
vt 0.817572 0.662494
vt 0.856542 0.670283
vt 0.817572 0.666388
vt 0.856542 0.674177
vt 0.817572 0.670283
vt 0.856542 0.678071
vt 0.817572 0.674177
vt 0.856542 0.681965
vt 0.817572 0.678071
vt 0.856542 0.685859
vt 0.817572 0.681965
vt 0.856542 0.689753
vt 0.817572 0.685859
vt 0.856542 0.693647
vt 0.817572 0.689753
vt 0.856542 0.697541
vt 0.817572 0.693647
vt 0.856542 0.701435
vt 0.817572 0.697541
vt 0.856542 0.705329
vt 0.817572 0.701435
vt 0.856542 0.709223
vt 0.817572 0.705329
vt 0.856542 0.713117
vt 0.817572 0.709223
vt 0.856542 0.717011
vt 0.817572 0.713117
vt 0.856542 0.720905
vt 0.817572 0.717011
vt 0.856542 0.724799
vt 0.817572 0.720905
vt 0.856542 0.728693
vt 0.817572 0.724799
vt 0.856542 0.732587
vt 0.817572 0.728693
vt 0.856542 0.736481
vt 0.817572 0.732587
vt 0.856542 0.740376
vt 0.817572 0.736481
vt 0.856542 0.744270
vt 0.817572 0.740376
vt 0.856542 0.748164
vt 0.817572 0.744270
vt 0.856542 0.752058
vt 0.817572 0.748164
vt 0.856542 0.755952
vt 0.817572 0.752058
vt 0.856542 0.759846
vt 0.817572 0.755952
vt 0.856542 0.763740
vt 0.817572 0.759846
vt 0.856542 0.767634
vt 0.817572 0.763740
vt 0.856542 0.771528
vt 0.817572 0.767634
vt 0.856542 0.775422
vt 0.817572 0.771528
vt 0.856542 0.779316
vt 0.817572 0.775422
vt 0.856542 0.783210
vt 0.817572 0.779316
vt 0.856542 0.787104
vt 0.817572 0.783210
vt 0.817572 0.787104
vt 0.612436 0.790999
vt 0.817572 0.794893
vt 0.612436 0.794893
vt 0.612436 0.787105
vt 0.817572 0.790999
vt 0.612436 0.783210
vt 0.817573 0.787105
vt 0.612436 0.779316
vt 0.817573 0.783210
vt 0.612436 0.775423
vt 0.817573 0.779316
vt 0.612436 0.771528
vt 0.817573 0.775423
vt 0.612436 0.767634
vt 0.817573 0.771528
vt 0.612436 0.763740
vt 0.817573 0.767634
vt 0.612436 0.759846
vt 0.817573 0.763740
vt 0.612436 0.755952
vt 0.817573 0.759846
vt 0.612436 0.752058
vt 0.817573 0.755952
vt 0.612436 0.748164
vt 0.817572 0.752058
vt 0.612436 0.744270
vt 0.817572 0.748164
vt 0.612436 0.740376
vt 0.817572 0.744270
vt 0.612436 0.736482
vt 0.817572 0.740376
vt 0.612436 0.732588
vt 0.817572 0.736482
vt 0.612436 0.728694
vt 0.817573 0.732588
vt 0.612436 0.724800
vt 0.817573 0.728693
vt 0.612436 0.720906
vt 0.817573 0.724800
vt 0.612436 0.717012
vt 0.817573 0.720906
vt 0.612436 0.713117
vt 0.817573 0.717011
vt 0.612436 0.709223
vt 0.817573 0.713117
vt 0.612436 0.705329
vt 0.817573 0.709223
vt 0.612436 0.701435
vt 0.817573 0.705329
vt 0.612436 0.697541
vt 0.817573 0.701435
vt 0.612436 0.693647
vt 0.817573 0.697541
vt 0.612436 0.689753
vt 0.817573 0.693647
vt 0.612436 0.685859
vt 0.817573 0.689753
vt 0.612436 0.681965
vt 0.817573 0.685859
vt 0.612436 0.678071
vt 0.817572 0.681965
vt 0.612436 0.674177
vt 0.817573 0.678071
vt 0.612436 0.670283
vt 0.817573 0.674177
vt 0.612436 0.666389
vt 0.817573 0.670283
vt 0.612436 0.662495
vt 0.817573 0.666389
vt 0.612436 0.658600
vt 0.817573 0.662495
vt 0.612436 0.654706
vt 0.817573 0.658600
vt 0.612436 0.650813
vt 0.817573 0.654707
vt 0.612436 0.646918
vt 0.817573 0.650813
vt 0.612436 0.643024
vt 0.817573 0.646918
vt 0.612436 0.639130
vt 0.817573 0.643024
vt 0.612436 0.635236
vt 0.817573 0.639130
vt 0.612436 0.631342
vt 0.817573 0.635236
vt 0.612436 0.627448
vt 0.817573 0.631342
vt 0.612436 0.623554
vt 0.817573 0.627448
vt 0.612436 0.619660
vt 0.817573 0.623554
vt 0.612436 0.615766
vt 0.817573 0.619660
vt 0.612436 0.611872
vt 0.817573 0.615766
vt 0.612436 0.607978
vt 0.817573 0.611872
vt 0.612436 0.604084
vt 0.817573 0.607978
vt 0.612436 0.600190
vt 0.817573 0.604084
vt 0.612436 0.596296
vt 0.817573 0.600190
vt 0.612436 0.592402
vt 0.817573 0.596296
vt 0.612436 0.588507
vt 0.817573 0.592401
vt 0.612436 0.584613
vt 0.817573 0.588507
vt 0.612436 0.580719
vt 0.817573 0.584614
vt 0.612436 0.576825
vt 0.817573 0.580719
vt 0.612436 0.572931
vt 0.817573 0.576825
vt 0.612436 0.569037
vt 0.817573 0.572931
vt 0.612436 0.565143
vt 0.817573 0.569037
vt 0.612436 0.561249
vt 0.817573 0.565143
vt 0.612436 0.557355
vt 0.817573 0.561249
vt 0.612436 0.553461
vt 0.817573 0.557355
vt 0.612436 0.549567
vt 0.817573 0.553461
vt 0.612436 0.545673
vt 0.817573 0.549567
vt 0.612436 0.541779
vt 0.817573 0.545673
vt 0.612436 0.537885
vt 0.817573 0.541779
vt 0.612436 0.533990
vt 0.817573 0.537884
vt 0.612436 0.530097
vt 0.817573 0.533991
vt 0.612436 0.526203
vt 0.817573 0.530097
vt 0.612436 0.522308
vt 0.817573 0.526202
vt 0.612436 0.518414
vt 0.817573 0.522308
vt 0.612436 0.514520
vt 0.817573 0.518414
vt 0.612436 0.510626
vt 0.817573 0.514520
vt 0.612436 0.506732
vt 0.817573 0.510626
vt 0.612436 0.502838
vt 0.817573 0.506732
vt 0.612436 0.498944
vt 0.817573 0.502838
vt 0.612436 0.495050
vt 0.817573 0.498944
vt 0.612436 0.491156
vt 0.817573 0.495050
vt 0.612436 0.487262
vt 0.817573 0.491156
vt 0.612436 0.483368
vt 0.817573 0.487262
vt 0.612436 0.479474
vt 0.817573 0.483368
vt 0.612436 0.475580
vt 0.817573 0.479474
vt 0.612436 0.471686
vt 0.817573 0.475580
vt 0.612436 0.467791
vt 0.817573 0.471686
vt 0.612436 0.463897
vt 0.817573 0.467791
vt 0.612436 0.460003
vt 0.817573 0.463897
vt 0.612436 0.456109
vt 0.817573 0.460004
vt 0.612436 0.452215
vt 0.817573 0.456109
vt 0.612436 0.448321
vt 0.817573 0.452215
vt 0.612436 0.444427
vt 0.817573 0.448321
vt 0.612436 0.440533
vt 0.817573 0.444427
vt 0.612436 0.436639
vt 0.817573 0.440533
vt 0.612436 0.432745
vt 0.817573 0.436639
vt 0.612436 0.428851
vt 0.817573 0.432745
vt 0.612436 0.424957
vt 0.817573 0.428851
vt 0.613710 0.419814
vt 0.817573 0.424957
vt 0.615542 0.416378
vt 0.817573 0.421063
vt 0.617374 0.412942
vt 0.817573 0.417169
vt 0.622298 0.408683
vt 0.817573 0.413274
vt 0.817573 0.409381
vt 0.176503 0.831438
vt 0.175301 0.813303
vt 0.176398 0.813345
vt 0.286872 0.839319
vt 0.271145 0.840123
vt 0.270059 0.839332
vt 0.383690 0.800355
vt 0.365563 0.801426
vt 0.365562 0.800355
vt 0.125421 0.831524
vt 0.107301 0.813303
vt 0.125418 0.814092
vt 0.175406 0.831396
vt 0.160382 0.813387
vt 0.383691 0.840390
vt 0.365563 0.839262
vt 0.365563 0.839170
vt 0.383691 0.839046
vt 0.365563 0.837795
vt 0.365563 0.837703
vt 0.383691 0.837703
vt 0.365563 0.836750
vt 0.365563 0.836359
vt 0.383691 0.836359
vt 0.365563 0.835015
vt 0.383691 0.835015
vt 0.365563 0.833672
vt 0.383691 0.833672
vt 0.365563 0.832856
vt 0.365563 0.832328
vt 0.383691 0.832328
vt 0.365563 0.830985
vt 0.383691 0.830985
vt 0.365563 0.829641
vt 0.383691 0.829641
vt 0.365563 0.828962
vt 0.365563 0.828298
vt 0.383691 0.828298
vt 0.365563 0.826954
vt 0.383691 0.826954
vt 0.365563 0.825610
vt 0.383691 0.825610
vt 0.365563 0.825068
vt 0.365563 0.824267
vt 0.383691 0.824267
vt 0.365563 0.822923
vt 0.383691 0.822923
vt 0.365563 0.821580
vt 0.383691 0.821580
vt 0.365563 0.821174
vt 0.365563 0.820236
vt 0.383691 0.820236
vt 0.365563 0.818893
vt 0.383691 0.818893
vt 0.365563 0.817549
vt 0.383691 0.817549
vt 0.365563 0.817280
vt 0.365563 0.816205
vt 0.383691 0.816206
vt 0.365563 0.814862
vt 0.383691 0.814862
vt 0.365563 0.813518
vt 0.383691 0.813518
vt 0.365563 0.813386
vt 0.365563 0.812174
vt 0.383691 0.812175
vt 0.365563 0.810831
vt 0.383691 0.810831
vt 0.365563 0.809492
vt 0.365563 0.809487
vt 0.383691 0.809487
vt 0.365563 0.808144
vt 0.383691 0.808144
vt 0.365563 0.806800
vt 0.383691 0.806800
vt 0.365563 0.805598
vt 0.365563 0.805457
vt 0.383691 0.805457
vt 0.365563 0.804113
vt 0.383691 0.804113
vt 0.383691 0.802497
vt 0.365563 0.802497
vt 0.383691 0.801426
vt 0.365563 0.801704
vt 0.287954 0.800355
vt 0.287954 0.801699
vt 0.287954 0.803042
vt 0.287954 0.804386
vt 0.287954 0.805730
vt 0.287954 0.807073
vt 0.287954 0.808417
vt 0.287954 0.809760
vt 0.287954 0.811104
vt 0.287954 0.812447
vt 0.287954 0.813791
vt 0.268618 0.815135
vt 0.287954 0.815135
vt 0.287954 0.816478
vt 0.287954 0.817822
vt 0.287954 0.819165
vt 0.287954 0.820509
vt 0.287954 0.821852
vt 0.268618 0.823196
vt 0.287954 0.823196
vt 0.287954 0.824539
vt 0.287954 0.825883
vt 0.287954 0.827227
vt 0.287954 0.828570
vt 0.287954 0.829914
vt 0.287954 0.831258
vt 0.287954 0.832601
vt 0.287954 0.833945
vt 0.268910 0.836957
vt 0.287954 0.835288
vt 0.269313 0.837749
vt 0.287683 0.838248
vt 0.268974 0.838540
vt 0.401820 0.801699
vt 0.383693 0.800476
vt 0.383693 0.800383
vt 0.401820 0.803042
vt 0.383692 0.801758
vt 0.383692 0.801666
vt 0.383692 0.804386
vt 0.383692 0.803995
vt 0.401820 0.805730
vt 0.401820 0.804386
vt 0.401820 0.807073
vt 0.383692 0.805729
vt 0.401820 0.808417
vt 0.383692 0.807889
vt 0.383692 0.807073
vt 0.401820 0.809760
vt 0.383692 0.808416
vt 0.401820 0.811104
vt 0.383692 0.809760
vt 0.401820 0.812447
vt 0.383692 0.811783
vt 0.383692 0.811104
vt 0.401820 0.813791
vt 0.383692 0.812447
vt 0.401820 0.815135
vt 0.383692 0.813791
vt 0.401820 0.816478
vt 0.383692 0.815677
vt 0.383692 0.815134
vt 0.401819 0.817822
vt 0.383692 0.816478
vt 0.401819 0.819166
vt 0.383691 0.817821
vt 0.401819 0.820509
vt 0.383691 0.819571
vt 0.383691 0.819165
vt 0.401819 0.821852
vt 0.383691 0.820509
vt 0.401819 0.823196
vt 0.383691 0.821852
vt 0.401819 0.824540
vt 0.383691 0.823465
vt 0.383691 0.823196
vt 0.401819 0.825883
vt 0.383691 0.824539
vt 0.401819 0.827227
vt 0.383691 0.825883
vt 0.401819 0.828570
vt 0.383691 0.827359
vt 0.383691 0.827226
vt 0.401819 0.829914
vt 0.383691 0.828570
vt 0.401819 0.831258
vt 0.383691 0.831253
vt 0.383691 0.829913
vt 0.401819 0.832601
vt 0.383691 0.831257
vt 0.401819 0.833945
vt 0.383691 0.832601
vt 0.401819 0.836956
vt 0.383691 0.835147
vt 0.383691 0.834152
vt 0.383691 0.835457
vt 0.383691 0.836708
vt 0.383691 0.838014
vt 0.401820 0.837746
vt 0.177834 0.813417
vt 0.176711 0.813361
vt 0.401820 0.800355
vt 0.408969 0.851321
vt 0.401820 0.851321
vt 0.414214 0.851321
vt 0.408969 0.800355
vt 0.414214 0.800355
vt 0.863692 0.851329
vt 0.856542 0.800363
vt 0.863692 0.800363
vt 0.855846 0.845858
vt 0.850602 0.794893
vt 0.855846 0.794893
vt 0.637213 0.400439
vt 0.642457 0.393298
vt 0.642457 0.400434
vt 0.626726 0.400443
vt 0.631969 0.393302
vt 0.631969 0.400447
vt 0.432245 0.816127
vt 0.415979 0.832394
vt 0.415979 0.816125
vt 0.196458 0.681771
vt 0.203608 0.823271
vt 0.196458 0.823271
vt 0.208853 0.540271
vt 0.203608 0.398771
vt 0.208853 0.398771
vt 0.920343 0.346866
vt 0.913194 0.205367
vt 0.920343 0.205367
vt 0.208853 0.681769
vt 0.203608 0.540271
vt 0.208853 0.540271
vt 0.642457 0.400439
vt 0.647700 0.393298
vt 0.647700 0.400434
vt 0.621482 0.400443
vt 0.626726 0.393302
vt 0.626726 0.400447
vt 0.447063 0.816125
vt 0.454213 0.840038
vt 0.447063 0.840038
vt 0.466607 0.840038
vt 0.461363 0.816125
vt 0.466607 0.816125
vt 0.461363 0.840038
vt 0.454213 0.816125
vt 0.461363 0.816125
vt 0.471851 0.840038
vt 0.466607 0.816125
vt 0.471851 0.816125
vt 0.647700 0.400439
vt 0.652944 0.393298
vt 0.652944 0.400434
vt 0.631969 0.400443
vt 0.637213 0.393302
vt 0.637213 0.400447
vt 0.196458 0.398771
vt 0.203608 0.540271
vt 0.196458 0.540271
vt 0.206180 0.823269
vt 0.203608 0.681769
vt 0.206180 0.681769
vt 0.906044 0.346866
vt 0.898894 0.205367
vt 0.906044 0.205367
vt 0.920893 0.141498
vt 0.918321 0.000000
vt 0.920893 0.000000
vt 0.658088 0.400437
vt 0.660660 0.393298
vt 0.660660 0.400434
vt 0.652944 0.400443
vt 0.655516 0.393300
vt 0.655516 0.400445
vt 0.196458 0.540271
vt 0.203608 0.681771
vt 0.196458 0.681771
vt 0.208752 0.823269
vt 0.206180 0.681769
vt 0.208752 0.681769
vt 0.913194 0.346866
vt 0.906044 0.205367
vt 0.913194 0.205367
vt 0.918321 0.141498
vt 0.915749 -0.000000
vt 0.918321 -0.000000
vt 0.660660 0.400437
vt 0.663231 0.393298
vt 0.663231 0.400434
vt 0.655516 0.400443
vt 0.658088 0.393300
vt 0.658088 0.400445
vt 0.145463 0.813303
vt 0.144299 0.832782
vt 0.144364 0.813328
vt 0.246754 0.840124
vt 0.231026 0.839319
vt 0.247839 0.839332
vt 0.679514 0.834935
vt 0.660047 0.833860
vt 0.679515 0.833860
vt 0.325545 0.839285
vt 0.309817 0.840090
vt 0.308732 0.839298
vt 0.107301 0.832746
vt 0.089167 0.813303
vt 0.106459 0.813314
vt 0.145398 0.832758
vt 0.160382 0.813353
vt 0.160317 0.832807
vt 0.325441 0.800454
vt 0.307729 0.801632
vt 0.308149 0.800355
vt 0.326626 0.803009
vt 0.326242 0.801533
vt 0.326626 0.804353
vt 0.307290 0.803009
vt 0.326626 0.805696
vt 0.307290 0.804353
vt 0.326626 0.807040
vt 0.307290 0.805696
vt 0.326626 0.808383
vt 0.307290 0.807040
vt 0.326626 0.809727
vt 0.307290 0.808383
vt 0.326626 0.811070
vt 0.307290 0.809727
vt 0.326626 0.812414
vt 0.307290 0.811070
vt 0.326626 0.813757
vt 0.307290 0.812414
vt 0.326626 0.815101
vt 0.307290 0.813757
vt 0.326626 0.816445
vt 0.307290 0.815101
vt 0.326626 0.817788
vt 0.307290 0.816445
vt 0.326626 0.819132
vt 0.307290 0.817788
vt 0.326626 0.820475
vt 0.307290 0.819132
vt 0.326626 0.821819
vt 0.307290 0.820475
vt 0.326626 0.823162
vt 0.307290 0.821819
vt 0.326626 0.824506
vt 0.307290 0.823162
vt 0.326626 0.825849
vt 0.307290 0.824506
vt 0.326626 0.827193
vt 0.307290 0.825849
vt 0.326626 0.828537
vt 0.307290 0.827193
vt 0.326626 0.829880
vt 0.307290 0.828537
vt 0.326626 0.831224
vt 0.307290 0.829880
vt 0.326626 0.832567
vt 0.307290 0.831224
vt 0.326626 0.833911
vt 0.307290 0.832567
vt 0.326626 0.835254
vt 0.307290 0.833911
vt 0.326626 0.836598
vt 0.307290 0.835254
vt 0.326356 0.838214
vt 0.307290 0.836598
vt 0.307290 0.837942
vt 0.679516 0.794893
vt 0.660053 0.796105
vt 0.660043 0.795029
vt 0.679516 0.796236
vt 0.660048 0.797580
vt 0.679516 0.798924
vt 0.679516 0.797580
vt 0.679516 0.800267
vt 0.660048 0.798924
vt 0.679516 0.801611
vt 0.660048 0.800267
vt 0.679516 0.802954
vt 0.660048 0.801611
vt 0.679516 0.804298
vt 0.660048 0.802954
vt 0.679516 0.805641
vt 0.660048 0.804298
vt 0.679516 0.806985
vt 0.660048 0.805641
vt 0.679516 0.808329
vt 0.660048 0.806985
vt 0.679516 0.809672
vt 0.660048 0.808328
vt 0.679516 0.811016
vt 0.660048 0.809672
vt 0.679516 0.812359
vt 0.660048 0.811016
vt 0.679516 0.813703
vt 0.660048 0.812359
vt 0.679516 0.815046
vt 0.660048 0.813703
vt 0.679516 0.816390
vt 0.660048 0.815046
vt 0.679516 0.817733
vt 0.660048 0.816390
vt 0.679516 0.819077
vt 0.660048 0.817733
vt 0.679516 0.820421
vt 0.660048 0.819077
vt 0.679516 0.821764
vt 0.660048 0.820421
vt 0.679516 0.823108
vt 0.660048 0.821764
vt 0.679516 0.824451
vt 0.660048 0.823108
vt 0.679516 0.825795
vt 0.660048 0.824451
vt 0.679516 0.827138
vt 0.660048 0.825795
vt 0.679516 0.828482
vt 0.660048 0.827138
vt 0.679516 0.829826
vt 0.660048 0.828482
vt 0.679516 0.831169
vt 0.660048 0.829826
vt 0.679516 0.832786
vt 0.660048 0.831169
vt 0.660048 0.832786
vt 0.229945 0.800355
vt 0.249281 0.800355
vt 0.229945 0.801699
vt 0.249281 0.804386
vt 0.229945 0.803042
vt 0.249281 0.805730
vt 0.229945 0.804386
vt 0.249281 0.807073
vt 0.229945 0.805730
vt 0.249281 0.808417
vt 0.229945 0.807073
vt 0.249281 0.809761
vt 0.229945 0.808417
vt 0.249281 0.811104
vt 0.229945 0.809761
vt 0.249281 0.812447
vt 0.229945 0.811104
vt 0.249281 0.813791
vt 0.229945 0.812447
vt 0.249281 0.815135
vt 0.229945 0.813791
vt 0.249281 0.816478
vt 0.229945 0.815135
vt 0.249281 0.817822
vt 0.229945 0.816478
vt 0.249281 0.819166
vt 0.229945 0.817822
vt 0.249281 0.820509
vt 0.229945 0.819166
vt 0.249281 0.821853
vt 0.229945 0.820509
vt 0.249281 0.823196
vt 0.229945 0.821853
vt 0.249281 0.824540
vt 0.229945 0.823196
vt 0.249281 0.825883
vt 0.229945 0.824540
vt 0.249281 0.827227
vt 0.229945 0.825883
vt 0.249281 0.828571
vt 0.229945 0.827227
vt 0.249281 0.829914
vt 0.229945 0.828571
vt 0.249281 0.831258
vt 0.229945 0.829914
vt 0.249281 0.832601
vt 0.229945 0.831258
vt 0.249281 0.833945
vt 0.229945 0.832601
vt 0.248989 0.836958
vt 0.229945 0.833945
vt 0.248586 0.837749
vt 0.229945 0.835288
vt 0.230215 0.838248
vt 0.229945 0.836632
vt 0.248925 0.838541
vt 0.326626 0.837231
vt 0.346094 0.838541
vt 0.326626 0.838507
vt 0.326626 0.835854
vt 0.346094 0.837197
vt 0.326626 0.834510
vt 0.346094 0.835854
vt 0.326626 0.833166
vt 0.346094 0.834510
vt 0.326626 0.831823
vt 0.346094 0.833166
vt 0.326626 0.830479
vt 0.346094 0.831823
vt 0.326626 0.829136
vt 0.346094 0.830479
vt 0.326626 0.827792
vt 0.346094 0.829136
vt 0.326626 0.826449
vt 0.346094 0.827792
vt 0.326626 0.825105
vt 0.346094 0.826449
vt 0.326626 0.823761
vt 0.346094 0.825105
vt 0.326626 0.822418
vt 0.346094 0.823761
vt 0.326626 0.821074
vt 0.346094 0.822418
vt 0.326626 0.819731
vt 0.346094 0.821074
vt 0.326626 0.818387
vt 0.346094 0.819731
vt 0.326626 0.817043
vt 0.346094 0.818387
vt 0.326626 0.815700
vt 0.346094 0.817043
vt 0.326626 0.814357
vt 0.346094 0.815700
vt 0.326626 0.813013
vt 0.346094 0.814357
vt 0.326626 0.811669
vt 0.346094 0.813013
vt 0.326626 0.810326
vt 0.346094 0.811669
vt 0.326626 0.808982
vt 0.346094 0.810326
vt 0.326626 0.807638
vt 0.346094 0.808982
vt 0.326626 0.806295
vt 0.346094 0.807638
vt 0.326626 0.804951
vt 0.346094 0.806295
vt 0.326626 0.803608
vt 0.346094 0.804951
vt 0.326626 0.802264
vt 0.346094 0.801938
vt 0.326626 0.800921
vt 0.346094 0.801147
vt 0.143199 0.832807
vt 0.142898 0.813372
vt 0.796341 0.794893
vt 0.815809 0.795684
vt 0.796341 0.795684
vt 0.478508 0.855894
vt 0.476621 0.855089
vt 0.478638 0.855102
vt 0.698988 0.834928
vt 0.679520 0.833857
vt 0.698988 0.833857
vt 0.487962 0.855055
vt 0.486075 0.855860
vt 0.485945 0.855068
vt 0.828939 0.401413
vt 0.831172 0.381981
vt 0.831258 0.401413
vt 0.500958 0.835588
vt 0.502752 0.816125
vt 0.502752 0.835580
vt 0.487950 0.816224
vt 0.485825 0.817402
vt 0.485875 0.816125
vt 0.488092 0.818779
vt 0.488046 0.817303
vt 0.488092 0.820123
vt 0.485772 0.818779
vt 0.488092 0.821466
vt 0.485772 0.820123
vt 0.488092 0.822810
vt 0.485772 0.821466
vt 0.488092 0.824153
vt 0.485772 0.822810
vt 0.488092 0.825497
vt 0.485772 0.824153
vt 0.488092 0.826840
vt 0.485772 0.825497
vt 0.488092 0.828184
vt 0.485772 0.826840
vt 0.488092 0.829527
vt 0.485772 0.828184
vt 0.488092 0.830871
vt 0.485772 0.829527
vt 0.488092 0.832215
vt 0.485772 0.830871
vt 0.488092 0.833558
vt 0.485772 0.832215
vt 0.488092 0.834902
vt 0.485772 0.833558
vt 0.488092 0.836245
vt 0.485772 0.834902
vt 0.488092 0.837589
vt 0.485772 0.836245
vt 0.488092 0.838932
vt 0.485772 0.837589
vt 0.488092 0.840276
vt 0.485772 0.838932
vt 0.488092 0.841619
vt 0.485772 0.840276
vt 0.488092 0.842963
vt 0.485772 0.841619
vt 0.488092 0.844307
vt 0.485772 0.842963
vt 0.488092 0.845650
vt 0.485772 0.844307
vt 0.488092 0.846994
vt 0.485772 0.845650
vt 0.488092 0.848337
vt 0.485772 0.846994
vt 0.488092 0.849681
vt 0.485772 0.848337
vt 0.488092 0.851024
vt 0.485772 0.849681
vt 0.488092 0.852368
vt 0.485772 0.851024
vt 0.485772 0.853712
vt 0.485772 0.852368
vt 0.488059 0.853984
vt 0.698988 0.794893
vt 0.679525 0.796104
vt 0.679516 0.795026
vt 0.698988 0.796236
vt 0.679521 0.797580
vt 0.698988 0.798924
vt 0.698988 0.797580
vt 0.698988 0.800267
vt 0.679521 0.798924
vt 0.698988 0.801611
vt 0.679521 0.800267
vt 0.698988 0.802954
vt 0.679521 0.801611
vt 0.698988 0.804298
vt 0.679521 0.802954
vt 0.698988 0.805641
vt 0.679521 0.804298
vt 0.698988 0.806985
vt 0.679521 0.805641
vt 0.698988 0.808329
vt 0.679521 0.806985
vt 0.698988 0.809672
vt 0.679521 0.808328
vt 0.698988 0.811016
vt 0.679521 0.809672
vt 0.698988 0.812359
vt 0.679521 0.811016
vt 0.698988 0.813703
vt 0.679521 0.812359
vt 0.698988 0.815046
vt 0.679521 0.813703
vt 0.698988 0.816390
vt 0.679521 0.815046
vt 0.698988 0.817733
vt 0.679521 0.816390
vt 0.698988 0.819077
vt 0.679521 0.817733
vt 0.698988 0.820421
vt 0.679521 0.819077
vt 0.698988 0.821764
vt 0.679521 0.820421
vt 0.698988 0.823108
vt 0.679521 0.821764
vt 0.698988 0.824451
vt 0.679521 0.823108
vt 0.698988 0.825795
vt 0.679521 0.824451
vt 0.698988 0.827138
vt 0.679521 0.825795
vt 0.698988 0.828482
vt 0.679521 0.827138
vt 0.698988 0.829826
vt 0.679521 0.828482
vt 0.698988 0.831169
vt 0.679521 0.829826
vt 0.698988 0.832785
vt 0.679521 0.831169
vt 0.679521 0.832785
vt 0.478811 0.817469
vt 0.476491 0.816125
vt 0.478811 0.816125
vt 0.478811 0.818813
vt 0.476491 0.817469
vt 0.478811 0.820156
vt 0.476491 0.818813
vt 0.478811 0.821500
vt 0.476491 0.820156
vt 0.478811 0.822844
vt 0.476491 0.821500
vt 0.478811 0.824187
vt 0.476491 0.822844
vt 0.478811 0.825531
vt 0.476491 0.824187
vt 0.478811 0.826874
vt 0.476491 0.825531
vt 0.478811 0.828218
vt 0.476491 0.826874
vt 0.478811 0.829561
vt 0.476491 0.828218
vt 0.478811 0.830905
vt 0.476491 0.829561
vt 0.478811 0.832249
vt 0.476491 0.830905
vt 0.478811 0.833592
vt 0.476491 0.832249
vt 0.478811 0.834936
vt 0.476491 0.833592
vt 0.478811 0.836279
vt 0.476491 0.834936
vt 0.478811 0.837623
vt 0.476491 0.836279
vt 0.478811 0.838966
vt 0.476491 0.837623
vt 0.478811 0.840310
vt 0.476491 0.838966
vt 0.478811 0.841654
vt 0.476491 0.840310
vt 0.478811 0.842997
vt 0.476491 0.841654
vt 0.478811 0.844341
vt 0.476491 0.842997
vt 0.478811 0.845684
vt 0.476491 0.844341
vt 0.478811 0.847028
vt 0.476491 0.845684
vt 0.478811 0.848371
vt 0.476491 0.847028
vt 0.478811 0.849715
vt 0.476491 0.848371
vt 0.476491 0.851059
vt 0.476491 0.849715
vt 0.478776 0.852728
vt 0.476491 0.852402
vt 0.478728 0.853519
vt 0.476524 0.854018
vt 0.478768 0.854311
vt 0.796341 0.833351
vt 0.815808 0.834661
vt 0.796341 0.834627
vt 0.796341 0.831974
vt 0.815808 0.833317
vt 0.796341 0.830630
vt 0.815808 0.831974
vt 0.796341 0.829287
vt 0.815808 0.830630
vt 0.796341 0.827943
vt 0.815808 0.829287
vt 0.796341 0.826600
vt 0.815808 0.827943
vt 0.796341 0.825256
vt 0.815808 0.826600
vt 0.796341 0.823912
vt 0.815808 0.825256
vt 0.796341 0.822569
vt 0.815808 0.823912
vt 0.796341 0.821225
vt 0.815808 0.822569
vt 0.796341 0.819882
vt 0.815808 0.821225
vt 0.796341 0.818538
vt 0.815808 0.819882
vt 0.796341 0.817195
vt 0.815808 0.818538
vt 0.796341 0.815851
vt 0.815808 0.817195
vt 0.796341 0.814507
vt 0.815808 0.815851
vt 0.796341 0.813164
vt 0.815808 0.814507
vt 0.796341 0.811820
vt 0.815808 0.813164
vt 0.796341 0.810477
vt 0.815808 0.811820
vt 0.796341 0.809133
vt 0.815808 0.810477
vt 0.796341 0.807790
vt 0.815808 0.809133
vt 0.796341 0.806446
vt 0.815808 0.807790
vt 0.796341 0.805102
vt 0.815808 0.806446
vt 0.796341 0.803759
vt 0.815808 0.805102
vt 0.796341 0.802415
vt 0.815808 0.803759
vt 0.796341 0.801071
vt 0.815808 0.802415
vt 0.796341 0.799728
vt 0.815808 0.801071
vt 0.796341 0.798385
vt 0.815808 0.798059
vt 0.796341 0.797041
vt 0.815808 0.797267
vt 0.815808 0.796476
vt 0.776873 0.794893
vt 0.796341 0.795684
vt 0.776873 0.795684
vt 0.194691 0.853072
vt 0.192804 0.852267
vt 0.194821 0.852280
vt 0.718460 0.834928
vt 0.698993 0.833857
vt 0.718460 0.833857
vt 0.481002 0.855055
vt 0.479114 0.855860
vt 0.478984 0.855068
vt 0.826619 0.401413
vt 0.828852 0.381980
vt 0.828939 0.401413
vt 0.499164 0.835589
vt 0.500958 0.816125
vt 0.500958 0.835580
vt 0.480989 0.816224
vt 0.478864 0.817402
vt 0.478914 0.816125
vt 0.481132 0.818779
vt 0.481085 0.817303
vt 0.481131 0.820123
vt 0.478811 0.818779
vt 0.481132 0.821466
vt 0.478811 0.820123
vt 0.481132 0.822810
vt 0.478811 0.821466
vt 0.481132 0.824153
vt 0.478811 0.822810
vt 0.481131 0.825497
vt 0.478811 0.824153
vt 0.481132 0.826840
vt 0.478811 0.825497
vt 0.481132 0.828184
vt 0.478811 0.826840
vt 0.481132 0.829527
vt 0.478811 0.828184
vt 0.481132 0.830871
vt 0.478811 0.829527
vt 0.481132 0.832215
vt 0.478811 0.830871
vt 0.481132 0.833558
vt 0.478811 0.832215
vt 0.481132 0.834902
vt 0.478811 0.833558
vt 0.481131 0.836245
vt 0.478811 0.834902
vt 0.481131 0.837589
vt 0.478811 0.836245
vt 0.481132 0.838932
vt 0.478811 0.837589
vt 0.481132 0.840276
vt 0.478811 0.838932
vt 0.481132 0.841619
vt 0.478811 0.840276
vt 0.481132 0.842963
vt 0.478811 0.841619
vt 0.481132 0.844307
vt 0.478811 0.842963
vt 0.481132 0.845650
vt 0.478811 0.844307
vt 0.481131 0.846994
vt 0.478811 0.845650
vt 0.481132 0.848337
vt 0.478811 0.846994
vt 0.481132 0.849681
vt 0.478811 0.848337
vt 0.481132 0.851024
vt 0.478811 0.849681
vt 0.481131 0.852368
vt 0.478811 0.851024
vt 0.478811 0.853712
vt 0.478811 0.852368
vt 0.481099 0.853984
vt 0.718461 0.794893
vt 0.698998 0.796104
vt 0.698988 0.795026
vt 0.718461 0.796236
vt 0.698993 0.797580
vt 0.718461 0.798924
vt 0.718461 0.797580
vt 0.718461 0.800267
vt 0.698993 0.798924
vt 0.718461 0.801611
vt 0.698993 0.800267
vt 0.718461 0.802954
vt 0.698993 0.801611
vt 0.718461 0.804298
vt 0.698993 0.802954
vt 0.718461 0.805641
vt 0.698993 0.804298
vt 0.718461 0.806985
vt 0.698993 0.805641
vt 0.718461 0.808329
vt 0.698993 0.806985
vt 0.718461 0.809672
vt 0.698993 0.808328
vt 0.718461 0.811016
vt 0.698993 0.809672
vt 0.718461 0.812359
vt 0.698993 0.811016
vt 0.718461 0.813703
vt 0.698993 0.812359
vt 0.718461 0.815046
vt 0.698993 0.813703
vt 0.718461 0.816390
vt 0.698993 0.815046
vt 0.718461 0.817733
vt 0.698993 0.816390
vt 0.718461 0.819077
vt 0.698993 0.817733
vt 0.718461 0.820421
vt 0.698993 0.819077
vt 0.718461 0.821764
vt 0.698993 0.820421
vt 0.718461 0.823108
vt 0.698993 0.821764
vt 0.718461 0.824451
vt 0.698993 0.823108
vt 0.718461 0.825795
vt 0.698993 0.824451
vt 0.718461 0.827138
vt 0.698993 0.825795
vt 0.718461 0.828482
vt 0.698993 0.827138
vt 0.718461 0.829826
vt 0.698993 0.828482
vt 0.718461 0.831169
vt 0.698993 0.829826
vt 0.718460 0.832785
vt 0.698993 0.831169
vt 0.698993 0.832785
vt 0.194994 0.814647
vt 0.192674 0.813303
vt 0.194994 0.813303
vt 0.194994 0.815991
vt 0.192674 0.814647
vt 0.194994 0.817334
vt 0.192674 0.815991
vt 0.194994 0.818678
vt 0.192674 0.817334
vt 0.194994 0.820021
vt 0.192674 0.818678
vt 0.194994 0.821365
vt 0.192674 0.820021
vt 0.194994 0.822709
vt 0.192674 0.821365
vt 0.194994 0.824052
vt 0.192674 0.822709
vt 0.194994 0.825396
vt 0.192674 0.824052
vt 0.194994 0.826739
vt 0.192674 0.825396
vt 0.194994 0.828083
vt 0.192674 0.826739
vt 0.194994 0.829426
vt 0.192674 0.828083
vt 0.194994 0.830770
vt 0.192674 0.829426
vt 0.194994 0.832114
vt 0.192674 0.830770
vt 0.194994 0.833457
vt 0.192674 0.832114
vt 0.194994 0.834801
vt 0.192674 0.833457
vt 0.194994 0.836144
vt 0.192674 0.834801
vt 0.194994 0.837488
vt 0.192674 0.836144
vt 0.194994 0.838831
vt 0.192674 0.837488
vt 0.194994 0.840175
vt 0.192674 0.838831
vt 0.194994 0.841519
vt 0.192674 0.840175
vt 0.194994 0.842862
vt 0.192674 0.841519
vt 0.194994 0.844206
vt 0.192674 0.842862
vt 0.194994 0.845549
vt 0.192674 0.844206
vt 0.194994 0.846893
vt 0.192674 0.845549
vt 0.192674 0.848236
vt 0.192674 0.846893
vt 0.194959 0.849906
vt 0.192674 0.849580
vt 0.194911 0.850697
vt 0.192707 0.851196
vt 0.194952 0.851489
vt 0.776873 0.833351
vt 0.796341 0.834661
vt 0.776873 0.834627
vt 0.776873 0.831974
vt 0.796341 0.833317
vt 0.776873 0.830630
vt 0.796341 0.831974
vt 0.776873 0.829287
vt 0.796341 0.830630
vt 0.776873 0.827943
vt 0.796341 0.829287
vt 0.776873 0.826600
vt 0.796341 0.827943
vt 0.776873 0.825256
vt 0.796341 0.826600
vt 0.776873 0.823912
vt 0.796341 0.825256
vt 0.776873 0.822569
vt 0.796341 0.823912
vt 0.776873 0.821225
vt 0.796341 0.822569
vt 0.776873 0.819882
vt 0.796341 0.821225
vt 0.776873 0.818538
vt 0.796341 0.819882
vt 0.776873 0.817195
vt 0.796341 0.818538
vt 0.776873 0.815851
vt 0.796341 0.817195
vt 0.776873 0.814507
vt 0.796341 0.815851
vt 0.776873 0.813164
vt 0.796341 0.814507
vt 0.776873 0.811820
vt 0.796341 0.813164
vt 0.776873 0.810477
vt 0.796341 0.811820
vt 0.776873 0.809133
vt 0.796341 0.810477
vt 0.776873 0.807790
vt 0.796341 0.809133
vt 0.776873 0.806446
vt 0.796341 0.807790
vt 0.776873 0.805102
vt 0.796341 0.806446
vt 0.776873 0.803759
vt 0.796341 0.805102
vt 0.776873 0.802415
vt 0.796341 0.803759
vt 0.776873 0.801071
vt 0.796341 0.802415
vt 0.776873 0.799728
vt 0.796341 0.801071
vt 0.776873 0.798385
vt 0.796341 0.798059
vt 0.776873 0.797041
vt 0.796341 0.797267
vt 0.796341 0.796476
vt 0.210478 0.800356
vt 0.229945 0.801146
vt 0.210477 0.801147
vt 0.474475 0.816392
vt 0.476362 0.817196
vt 0.474344 0.817183
vt 0.737931 0.794893
vt 0.757398 0.795966
vt 0.737930 0.795966
vt 0.481261 0.817197
vt 0.483148 0.816392
vt 0.483279 0.817183
vt 0.495046 0.816125
vt 0.492837 0.835593
vt 0.492732 0.816125
vt 0.833578 0.381970
vt 0.835381 0.401437
vt 0.833578 0.401437
vt 0.481274 0.856028
vt 0.483399 0.854850
vt 0.483349 0.856127
vt 0.481132 0.853473
vt 0.481178 0.854949
vt 0.483451 0.852130
vt 0.483452 0.853473
vt 0.481132 0.850786
vt 0.481132 0.852129
vt 0.483452 0.849442
vt 0.483452 0.850786
vt 0.481132 0.849442
vt 0.483451 0.848099
vt 0.481132 0.846755
vt 0.481132 0.848099
vt 0.483451 0.845412
vt 0.483452 0.846755
vt 0.481132 0.844068
vt 0.481132 0.845412
vt 0.483452 0.842724
vt 0.483452 0.844068
vt 0.481132 0.841381
vt 0.481132 0.842725
vt 0.481132 0.840037
vt 0.483451 0.841381
vt 0.483451 0.838694
vt 0.483452 0.840037
vt 0.481132 0.837350
vt 0.481132 0.838694
vt 0.483451 0.836007
vt 0.483452 0.837350
vt 0.481132 0.834663
vt 0.481132 0.836006
vt 0.483452 0.833319
vt 0.483452 0.834663
vt 0.481132 0.833319
vt 0.483451 0.831976
vt 0.481132 0.830632
vt 0.481132 0.831976
vt 0.483451 0.829289
vt 0.483452 0.830632
vt 0.481132 0.827945
vt 0.481132 0.829289
vt 0.483452 0.826601
vt 0.483452 0.827945
vt 0.481132 0.825258
vt 0.481132 0.826602
vt 0.481132 0.823914
vt 0.483451 0.825258
vt 0.483451 0.822571
vt 0.483452 0.823914
vt 0.481132 0.821227
vt 0.481132 0.822571
vt 0.483452 0.819884
vt 0.483452 0.821227
vt 0.481132 0.819884
vt 0.483452 0.818540
vt 0.481164 0.818268
vt 0.737929 0.834915
vt 0.757392 0.833703
vt 0.757401 0.834778
vt 0.737929 0.833572
vt 0.757397 0.832229
vt 0.737929 0.832229
vt 0.757397 0.830886
vt 0.737929 0.829543
vt 0.737929 0.830886
vt 0.757397 0.828200
vt 0.757397 0.829543
vt 0.737929 0.826858
vt 0.737929 0.828201
vt 0.757397 0.825514
vt 0.757397 0.826858
vt 0.737929 0.825515
vt 0.757397 0.824172
vt 0.737929 0.824172
vt 0.757397 0.822829
vt 0.737929 0.822829
vt 0.757397 0.821486
vt 0.737929 0.821486
vt 0.757397 0.820143
vt 0.737929 0.820143
vt 0.757397 0.818800
vt 0.737930 0.817457
vt 0.737930 0.818800
vt 0.757397 0.816114
vt 0.757397 0.817457
vt 0.737930 0.814771
vt 0.737930 0.816114
vt 0.757398 0.813428
vt 0.757398 0.814771
vt 0.737930 0.813428
vt 0.757398 0.812085
vt 0.737930 0.812086
vt 0.757398 0.810742
vt 0.737930 0.810742
vt 0.757398 0.809399
vt 0.737930 0.809400
vt 0.757398 0.808057
vt 0.737930 0.808057
vt 0.757398 0.806714
vt 0.737930 0.805371
vt 0.737930 0.806714
vt 0.757398 0.804028
vt 0.757398 0.805371
vt 0.737931 0.802685
vt 0.737930 0.804028
vt 0.757398 0.801342
vt 0.757398 0.802685
vt 0.737931 0.801342
vt 0.757398 0.799999
vt 0.737931 0.799999
vt 0.757398 0.798656
vt 0.737931 0.798656
vt 0.757398 0.797040
vt 0.737931 0.797040
vt 0.474171 0.856160
vt 0.476491 0.854817
vt 0.476491 0.856160
vt 0.474172 0.854817
vt 0.476491 0.853473
vt 0.474172 0.852129
vt 0.474171 0.853473
vt 0.476491 0.850786
vt 0.476491 0.852130
vt 0.474171 0.849442
vt 0.474171 0.850786
vt 0.476491 0.848099
vt 0.476491 0.849442
vt 0.474171 0.846755
vt 0.474171 0.848099
vt 0.474172 0.845411
vt 0.476491 0.846755
vt 0.476491 0.844068
vt 0.476491 0.845412
vt 0.474171 0.842724
vt 0.474171 0.844068
vt 0.476491 0.841381
vt 0.476491 0.842724
vt 0.474171 0.840037
vt 0.474171 0.841381
vt 0.476491 0.838694
vt 0.476491 0.840037
vt 0.474172 0.838694
vt 0.476491 0.837350
vt 0.474172 0.836007
vt 0.474171 0.837350
vt 0.476491 0.834663
vt 0.476491 0.836007
vt 0.474171 0.833319
vt 0.474171 0.834663
vt 0.476491 0.831976
vt 0.476491 0.833320
vt 0.474171 0.830632
vt 0.474171 0.831976
vt 0.474172 0.829288
vt 0.476491 0.830632
vt 0.476491 0.827945
vt 0.476491 0.829289
vt 0.474171 0.826601
vt 0.474171 0.827945
vt 0.476491 0.825258
vt 0.476491 0.826602
vt 0.474171 0.823914
vt 0.474171 0.825258
vt 0.476491 0.822571
vt 0.476491 0.823914
vt 0.474172 0.822571
vt 0.476491 0.821227
vt 0.474206 0.819558
vt 0.476491 0.819884
vt 0.474255 0.818766
vt 0.476459 0.818268
vt 0.474214 0.817975
vt 0.210478 0.838812
vt 0.229945 0.840121
vt 0.210478 0.840089
vt 0.210477 0.837434
vt 0.229945 0.838778
vt 0.210477 0.836091
vt 0.229945 0.837434
vt 0.210478 0.834747
vt 0.229945 0.836090
vt 0.210478 0.833404
vt 0.229945 0.834747
vt 0.210478 0.832060
vt 0.229945 0.833403
vt 0.210478 0.830717
vt 0.229945 0.832060
vt 0.229945 0.829373
vt 0.229945 0.830716
vt 0.210478 0.828030
vt 0.210478 0.829373
vt 0.229945 0.826685
vt 0.229945 0.828029
vt 0.210477 0.825343
vt 0.210477 0.826686
vt 0.210477 0.823999
vt 0.229945 0.825342
vt 0.210477 0.822655
vt 0.229945 0.823998
vt 0.210477 0.821312
vt 0.229945 0.822655
vt 0.210477 0.819968
vt 0.229945 0.821311
vt 0.210477 0.818625
vt 0.229945 0.819968
vt 0.229945 0.817281
vt 0.229945 0.818624
vt 0.210477 0.815938
vt 0.210477 0.817281
vt 0.229945 0.814594
vt 0.229945 0.815937
vt 0.210477 0.813250
vt 0.210477 0.814594
vt 0.210477 0.811907
vt 0.229945 0.813250
vt 0.210477 0.810563
vt 0.229945 0.811907
vt 0.210477 0.809220
vt 0.229945 0.810563
vt 0.210477 0.807876
vt 0.229945 0.809219
vt 0.229944 0.806532
vt 0.229945 0.807876
vt 0.210477 0.805189
vt 0.210477 0.806533
vt 0.210477 0.803846
vt 0.229945 0.803520
vt 0.210477 0.802502
vt 0.229945 0.802728
vt 0.229945 0.801937
vt 0.815809 0.794893
vt 0.835277 0.795683
vt 0.815809 0.795684
vt 0.472155 0.816392
vt 0.474041 0.817197
vt 0.472024 0.817183
vt 0.757403 0.794893
vt 0.776870 0.795966
vt 0.757403 0.795966
vt 0.483581 0.817197
vt 0.485468 0.816392
vt 0.485599 0.817183
vt 0.497361 0.816125
vt 0.495152 0.835593
vt 0.495046 0.816125
vt 0.497361 0.816125
vt 0.499164 0.835593
vt 0.497361 0.835593
vt 0.483594 0.856028
vt 0.485719 0.854850
vt 0.485669 0.856127
vt 0.483452 0.853473
vt 0.483498 0.854949
vt 0.485772 0.852130
vt 0.485772 0.853473
vt 0.483452 0.850786
vt 0.483452 0.852129
vt 0.485772 0.849442
vt 0.485772 0.850786
vt 0.483452 0.848099
vt 0.483452 0.849442
vt 0.485772 0.846755
vt 0.485772 0.848099
vt 0.483452 0.845412
vt 0.483452 0.846755
vt 0.483452 0.844068
vt 0.485772 0.845412
vt 0.485772 0.842724
vt 0.485772 0.844068
vt 0.483452 0.841381
vt 0.483452 0.842725
vt 0.485772 0.840037
vt 0.485772 0.841381
vt 0.483452 0.838694
vt 0.483452 0.840037
vt 0.485772 0.837350
vt 0.485772 0.838694
vt 0.483452 0.837350
vt 0.485772 0.836007
vt 0.483452 0.834663
vt 0.483452 0.836007
vt 0.485772 0.833320
vt 0.485772 0.834663
vt 0.483452 0.831976
vt 0.483452 0.833319
vt 0.485772 0.830632
vt 0.485772 0.831976
vt 0.483452 0.829289
vt 0.483452 0.830632
vt 0.485772 0.827945
vt 0.485772 0.829289
vt 0.483452 0.827945
vt 0.485772 0.826602
vt 0.483452 0.825258
vt 0.483452 0.826602
vt 0.485772 0.823914
vt 0.485772 0.825258
vt 0.483452 0.822571
vt 0.483452 0.823915
vt 0.485772 0.821227
vt 0.485772 0.822571
vt 0.483452 0.819884
vt 0.483452 0.821227
vt 0.485772 0.818540
vt 0.485772 0.819884
vt 0.483484 0.818268
vt 0.757401 0.834915
vt 0.776864 0.833703
vt 0.776873 0.834778
vt 0.757401 0.833572
vt 0.776869 0.832229
vt 0.757401 0.832229
vt 0.776869 0.830886
vt 0.757401 0.829543
vt 0.757401 0.830886
vt 0.776869 0.828200
vt 0.776869 0.829543
vt 0.757401 0.826858
vt 0.757401 0.828201
vt 0.776869 0.825514
vt 0.776869 0.826858
vt 0.757401 0.825515
vt 0.776869 0.824172
vt 0.757401 0.824172
vt 0.776869 0.822829
vt 0.757401 0.822829
vt 0.776869 0.821486
vt 0.757402 0.821486
vt 0.776869 0.820143
vt 0.757402 0.820143
vt 0.776869 0.818800
vt 0.757402 0.817457
vt 0.757402 0.818800
vt 0.776869 0.816114
vt 0.776869 0.817457
vt 0.757402 0.814771
vt 0.757402 0.816114
vt 0.776870 0.813428
vt 0.776870 0.814771
vt 0.757402 0.813428
vt 0.776870 0.812085
vt 0.757402 0.812086
vt 0.776870 0.810742
vt 0.757402 0.810742
vt 0.776870 0.809399
vt 0.757402 0.809400
vt 0.776870 0.808057
vt 0.757402 0.808057
vt 0.776870 0.806714
vt 0.757403 0.805371
vt 0.757402 0.806714
vt 0.776870 0.804028
vt 0.776870 0.805371
vt 0.757403 0.802685
vt 0.757403 0.804028
vt 0.776870 0.801342
vt 0.776870 0.802685
vt 0.757403 0.801342
vt 0.776870 0.799999
vt 0.757403 0.799999
vt 0.776870 0.798656
vt 0.757403 0.798656
vt 0.776870 0.797040
vt 0.757403 0.797040
vt 0.471851 0.856160
vt 0.474171 0.854817
vt 0.474171 0.856160
vt 0.471851 0.853473
vt 0.471851 0.854817
vt 0.474171 0.852130
vt 0.474171 0.853473
vt 0.471852 0.852129
vt 0.474171 0.850786
vt 0.471851 0.849442
vt 0.471851 0.850786
vt 0.474171 0.848099
vt 0.474171 0.849443
vt 0.471851 0.846755
vt 0.471851 0.848099
vt 0.474171 0.845412
vt 0.474171 0.846755
vt 0.471851 0.844068
vt 0.471851 0.845411
vt 0.474171 0.842725
vt 0.474171 0.844068
vt 0.471851 0.842724
vt 0.474171 0.841381
vt 0.471851 0.840037
vt 0.471851 0.841381
vt 0.474171 0.838694
vt 0.474171 0.840037
vt 0.471851 0.837350
vt 0.471851 0.838694
vt 0.474171 0.836007
vt 0.474171 0.837350
vt 0.471851 0.834663
vt 0.471851 0.836007
vt 0.471851 0.833319
vt 0.474171 0.834663
vt 0.474171 0.831976
vt 0.474171 0.833320
vt 0.471851 0.830632
vt 0.471851 0.831976
vt 0.474171 0.829289
vt 0.474171 0.830633
vt 0.471851 0.827945
vt 0.471851 0.829289
vt 0.474171 0.826602
vt 0.474171 0.827945
vt 0.471852 0.826601
vt 0.474171 0.825258
vt 0.471851 0.823914
vt 0.471851 0.825258
vt 0.474171 0.822571
vt 0.474171 0.823914
vt 0.471851 0.822571
vt 0.474171 0.821227
vt 0.471887 0.819558
vt 0.474171 0.819884
vt 0.471935 0.818766
vt 0.474139 0.818268
vt 0.471894 0.817975
vt 0.815809 0.833349
vt 0.835276 0.834658
vt 0.815809 0.834626
vt 0.815809 0.831971
vt 0.835276 0.833315
vt 0.815809 0.830628
vt 0.835276 0.831971
vt 0.815809 0.829284
vt 0.835276 0.830628
vt 0.815809 0.827941
vt 0.835276 0.829284
vt 0.815809 0.826597
vt 0.835276 0.827941
vt 0.815809 0.825254
vt 0.835276 0.826597
vt 0.835276 0.823910
vt 0.835276 0.825254
vt 0.815809 0.822567
vt 0.815809 0.823910
vt 0.835276 0.821223
vt 0.835276 0.822566
vt 0.815809 0.819880
vt 0.815809 0.821223
vt 0.815809 0.818536
vt 0.835276 0.819879
vt 0.815809 0.817193
vt 0.835276 0.818536
vt 0.815809 0.815849
vt 0.835276 0.817192
vt 0.815809 0.814505
vt 0.835276 0.815849
vt 0.815809 0.813162
vt 0.835276 0.814505
vt 0.835276 0.811818
vt 0.835276 0.813161
vt 0.815809 0.810475
vt 0.815809 0.811818
vt 0.835276 0.809131
vt 0.835276 0.810474
vt 0.815809 0.807787
vt 0.815809 0.809131
vt 0.815809 0.806444
vt 0.835276 0.807787
vt 0.815809 0.805100
vt 0.835276 0.806444
vt 0.815809 0.803757
vt 0.835276 0.805100
vt 0.815809 0.802413
vt 0.835276 0.803757
vt 0.835276 0.801070
vt 0.835276 0.802413
vt 0.815809 0.799726
vt 0.815809 0.801070
vt 0.815809 0.798383
vt 0.835276 0.798057
vt 0.815809 0.797039
vt 0.835276 0.797266
vt 0.835276 0.796474
vt 0.068633 0.838561
vt 0.049166 0.838058
vt 0.068633 0.838058
vt 0.490108 0.841383
vt 0.488221 0.840872
vt 0.490239 0.840880
vt 0.049166 0.838731
vt 0.029699 0.838050
vt 0.049166 0.838050
vt 0.492602 0.840850
vt 0.490715 0.841361
vt 0.490585 0.840858
vt 0.831258 0.401410
vt 0.833492 0.381979
vt 0.833578 0.401410
vt 0.502752 0.835584
vt 0.504545 0.816125
vt 0.504545 0.835579
vt 0.492589 0.816188
vt 0.490465 0.816936
vt 0.490515 0.816125
vt 0.492732 0.817811
vt 0.492686 0.816873
vt 0.492732 0.818664
vt 0.490412 0.817811
vt 0.492732 0.819517
vt 0.490412 0.818664
vt 0.492732 0.820370
vt 0.490412 0.819517
vt 0.492732 0.821224
vt 0.490412 0.820370
vt 0.492732 0.822077
vt 0.490412 0.821224
vt 0.492732 0.822930
vt 0.490412 0.822077
vt 0.492732 0.823784
vt 0.490412 0.822930
vt 0.492732 0.824637
vt 0.490412 0.823784
vt 0.492732 0.825490
vt 0.490412 0.824637
vt 0.492732 0.826344
vt 0.490412 0.825490
vt 0.492732 0.827197
vt 0.490412 0.826344
vt 0.492732 0.828050
vt 0.490412 0.827197
vt 0.492732 0.828904
vt 0.490412 0.828050
vt 0.492732 0.829757
vt 0.490412 0.828904
vt 0.492732 0.830610
vt 0.490412 0.829757
vt 0.492732 0.831463
vt 0.490412 0.830610
vt 0.492732 0.832317
vt 0.490412 0.831463
vt 0.492732 0.833170
vt 0.490412 0.832317
vt 0.492732 0.834023
vt 0.490412 0.833170
vt 0.492732 0.834877
vt 0.490412 0.834023
vt 0.492732 0.835730
vt 0.490412 0.834877
vt 0.492732 0.836583
vt 0.490412 0.835730
vt 0.492732 0.837437
vt 0.490412 0.836583
vt 0.492732 0.838290
vt 0.490412 0.837437
vt 0.492732 0.839143
vt 0.490412 0.838290
vt 0.490412 0.839997
vt 0.490412 0.839143
vt 0.492699 0.840170
vt 0.049166 0.813303
vt 0.029703 0.814073
vt 0.029694 0.813388
vt 0.049166 0.815010
vt 0.049166 0.814157
vt 0.049166 0.815864
vt 0.029699 0.815010
vt 0.049166 0.816717
vt 0.029699 0.815863
vt 0.049166 0.817570
vt 0.029699 0.816717
vt 0.049166 0.818423
vt 0.029699 0.817570
vt 0.049166 0.819277
vt 0.029699 0.818423
vt 0.049166 0.820130
vt 0.029699 0.819276
vt 0.049166 0.820983
vt 0.029699 0.820130
vt 0.049166 0.821837
vt 0.029699 0.820983
vt 0.049166 0.822690
vt 0.029699 0.821837
vt 0.049166 0.823543
vt 0.029699 0.822690
vt 0.049166 0.824397
vt 0.029699 0.823543
vt 0.049166 0.825250
vt 0.029699 0.824397
vt 0.049166 0.826103
vt 0.029699 0.825250
vt 0.049166 0.826957
vt 0.029699 0.826103
vt 0.049166 0.827810
vt 0.029699 0.826956
vt 0.049166 0.828663
vt 0.029699 0.827810
vt 0.049166 0.829516
vt 0.029699 0.828663
vt 0.049166 0.830370
vt 0.029699 0.829516
vt 0.049166 0.831223
vt 0.029699 0.830370
vt 0.049166 0.832076
vt 0.029699 0.831223
vt 0.049166 0.832930
vt 0.029699 0.832076
vt 0.049166 0.833783
vt 0.029699 0.832930
vt 0.049166 0.834636
vt 0.029699 0.833783
vt 0.049166 0.835490
vt 0.029699 0.834636
vt 0.049166 0.836343
vt 0.029699 0.835490
vt 0.049166 0.837369
vt 0.029699 0.836343
vt 0.029699 0.837369
vt 0.490412 0.816979
vt 0.488092 0.816125
vt 0.490412 0.816125
vt 0.490412 0.817832
vt 0.488092 0.816979
vt 0.490412 0.818686
vt 0.488092 0.817832
vt 0.490412 0.819539
vt 0.488092 0.818686
vt 0.490412 0.820392
vt 0.488092 0.819539
vt 0.490412 0.821246
vt 0.488092 0.820392
vt 0.490412 0.822099
vt 0.488092 0.821246
vt 0.490412 0.822952
vt 0.488092 0.822099
vt 0.490412 0.823805
vt 0.488092 0.822952
vt 0.490412 0.824659
vt 0.488092 0.823805
vt 0.490412 0.825512
vt 0.488092 0.824659
vt 0.490412 0.826365
vt 0.488092 0.825512
vt 0.490412 0.827219
vt 0.488092 0.826365
vt 0.490412 0.828072
vt 0.488092 0.827219
vt 0.490412 0.828925
vt 0.488092 0.828072
vt 0.490412 0.829779
vt 0.488092 0.828925
vt 0.490412 0.830632
vt 0.488092 0.829779
vt 0.490412 0.831485
vt 0.488092 0.830632
vt 0.490412 0.832339
vt 0.488092 0.831485
vt 0.490412 0.833192
vt 0.488092 0.832339
vt 0.490412 0.834045
vt 0.488092 0.833192
vt 0.490412 0.834899
vt 0.488092 0.834045
vt 0.490412 0.835752
vt 0.488092 0.834899
vt 0.490412 0.836605
vt 0.488092 0.835752
vt 0.490412 0.837458
vt 0.488092 0.836605
vt 0.488092 0.838312
vt 0.488092 0.837458
vt 0.490377 0.839372
vt 0.488092 0.839165
vt 0.490328 0.839875
vt 0.488124 0.840192
vt 0.490369 0.840378
vt 0.068633 0.814135
vt 0.049166 0.813303
vt 0.068633 0.813325
vt 0.068633 0.815010
vt 0.049166 0.814157
vt 0.068633 0.815863
vt 0.049166 0.815010
vt 0.068633 0.816717
vt 0.049166 0.815864
vt 0.068633 0.817570
vt 0.049166 0.816717
vt 0.068633 0.818423
vt 0.049166 0.817570
vt 0.068633 0.819277
vt 0.049166 0.818424
vt 0.068633 0.820130
vt 0.049166 0.819277
vt 0.068633 0.820983
vt 0.049166 0.820130
vt 0.068633 0.821837
vt 0.049166 0.820983
vt 0.068633 0.822690
vt 0.049166 0.821837
vt 0.068633 0.823543
vt 0.049166 0.822690
vt 0.068633 0.824397
vt 0.049166 0.823543
vt 0.068633 0.825250
vt 0.049166 0.824397
vt 0.068633 0.826103
vt 0.049166 0.825250
vt 0.068633 0.826957
vt 0.049166 0.826103
vt 0.068633 0.827810
vt 0.049166 0.826957
vt 0.068633 0.828663
vt 0.049166 0.827810
vt 0.068633 0.829516
vt 0.049166 0.828663
vt 0.068633 0.830370
vt 0.049166 0.829517
vt 0.068633 0.831223
vt 0.049166 0.830370
vt 0.068633 0.832076
vt 0.049166 0.831223
vt 0.068633 0.832930
vt 0.049166 0.832076
vt 0.068633 0.833783
vt 0.049166 0.832930
vt 0.068633 0.834636
vt 0.049166 0.833783
vt 0.068633 0.835490
vt 0.049166 0.834636
vt 0.068633 0.836343
vt 0.049166 0.836550
vt 0.068633 0.837196
vt 0.049166 0.837053
vt 0.049166 0.837556
vt 0.612436 0.816125
vt 0.945350 0.606369
vt 0.621481 0.401589
vt 0.962796 0.606364
vt 0.613990 0.794893
vt 0.644872 0.999066
vt -0.000000 0.398771
vt 0.962208 0.606364
vt 0.415979 0.800355
vt 0.976909 0.606327
vt 0.898894 -0.000000
vt 0.629292 0.998504
vt 0.207989 0.000000
vt 0.856542 0.800363
vt 0.415979 0.398769
vt 0.962409 0.619921
vt 0.928958 0.606398
vt 0.891599 0.219529
vt 0.891305 0.218403
vt 0.891305 0.218085
vt 0.891599 0.221099
vt 0.891599 0.219848
vt 0.872262 0.221099
vt 0.865588 0.221098
vt 0.872597 0.218479
vt 0.872597 0.218798
vt 0.872262 0.219848
vt 0.872917 0.217187
vt 0.872917 0.217505
vt 0.872262 0.223879
vt 0.872262 0.225047
vt 0.891599 0.221192
vt 0.891599 0.225047
vt 0.872262 0.227909
vt 0.872262 0.228995
vt 0.891599 0.225222
vt 0.891599 0.228995
vt 0.872262 0.231940
vt 0.872262 0.232943
vt 0.891599 0.229253
vt 0.891599 0.232943
vt 0.872262 0.235971
vt 0.872262 0.236891
vt 0.891599 0.233284
vt 0.891599 0.236891
vt 0.872262 0.240002
vt 0.872262 0.240839
vt 0.891599 0.237314
vt 0.891599 0.240839
vt 0.872262 0.244032
vt 0.872262 0.244787
vt 0.891599 0.241345
vt 0.891599 0.244787
vt 0.872262 0.248063
vt 0.872262 0.248736
vt 0.891599 0.245376
vt 0.891599 0.248736
vt 0.891599 0.249406
vt 0.891599 0.252684
vt 0.872332 0.251465
vt 0.872427 0.252678
vt 0.872427 0.252684
vt 0.865588 0.252684
vt 0.872262 0.249406
vt 0.891599 0.253437
vt 0.898894 0.256632
vt 0.890517 0.256124
vt 0.873704 0.256137
vt 0.874382 0.256632
vt 0.872427 0.253702
vt 0.865588 0.387283
vt 0.447063 0.831044
vt 0.447015 0.832141
vt 0.304549 0.840375
vt 0.014847 0.853338
vt 0.177834 0.832637
vt 0.432245 0.816977
vt 0.432245 0.816129
vt 0.000000 0.813303
vt 0.014847 0.817334
vt 0.014847 0.821365
vt 0.014847 0.825395
vt 0.014847 0.829426
vt 0.014847 0.833457
vt 0.014847 0.837488
vt 0.014847 0.841519
vt 0.014847 0.845549
vt 0.306345 0.801699
vt 0.306337 0.801667
vt 0.306337 0.800649
vt 0.287954 0.800367
vt 0.307290 0.835288
vt 0.306421 0.836684
vt 0.305349 0.839319
vt 0.014935 0.814620
vt 0.029694 0.813303
vt 0.029694 0.813315
vt 0.014935 0.813338
vt 0.014847 0.817241
vt 0.014847 0.825137
vt 0.014847 0.829086
vt 0.014847 0.848632
vt 0.014934 0.847603
vt 0.014934 0.849845
vt 0.014934 0.849849
vt 0.014847 0.848826
vt 0.014934 0.848826
vt 0.014934 0.851055
vt 0.014934 0.851060
vt 0.014847 0.850032
vt 0.266725 0.840390
vt 0.718460 0.794908
vt 0.718460 0.794893
vt 0.737928 0.795964
vt 0.849765 0.831282
vt 0.835293 0.838192
vt 0.835277 0.838182
vt 0.848967 0.831600
vt 0.087678 0.828053
vt 0.087967 0.832759
vt 0.069480 0.813303
vt 0.125534 0.832817
vt 0.835393 0.795428
vt 0.835881 0.794893
vt 0.836167 0.796511
vt 0.848744 0.827335
vt 0.848887 0.827694
vt 0.849250 0.828871
vt 0.849771 0.829961
vt 0.849770 0.829971
vt 0.733221 0.834895
vt 0.733221 0.832240
vt 0.268618 0.836631
vt 0.365562 0.808417
vt 0.365562 0.838539
vt 0.817573 0.401592
vt 0.817572 0.794893
vt 0.826619 0.393298
vt 0.889994 0.619735
vt 0.889847 0.401626
vt 0.836923 0.214457
vt 0.836923 0.214549
vt 0.836532 0.215738
vt 0.836532 0.215830
vt 0.836123 0.217112
vt 0.836123 0.218065
vt 0.826619 0.218065
vt 0.865588 0.218065
vt 0.855459 0.218065
vt 0.855459 0.217112
vt 0.855459 0.217020
vt 0.855101 0.215646
vt 0.855101 0.215553
vt 0.836123 0.221143
vt 0.836123 0.221959
vt 0.855459 0.221959
vt 0.855459 0.221143
vt 0.836123 0.225174
vt 0.836123 0.225853
vt 0.855459 0.225853
vt 0.855459 0.225174
vt 0.836123 0.229205
vt 0.836123 0.229747
vt 0.855459 0.229747
vt 0.855459 0.229205
vt 0.836123 0.233235
vt 0.836123 0.233641
vt 0.855459 0.233641
vt 0.855459 0.233235
vt 0.836123 0.237266
vt 0.836123 0.237535
vt 0.855459 0.237535
vt 0.855459 0.237266
vt 0.836123 0.241297
vt 0.836123 0.241429
vt 0.855459 0.241429
vt 0.855459 0.241297
vt 0.836123 0.245323
vt 0.855459 0.242640
vt 0.836143 0.248222
vt 0.836143 0.249217
vt 0.836123 0.245328
vt 0.855459 0.245328
vt 0.865588 0.249217
vt 0.855459 0.249217
vt 0.854588 0.253111
vt 0.855189 0.252318
vt 0.836222 0.252138
vt 0.837256 0.253111
vt 0.826619 0.253111
vt 0.836171 0.249527
vt 0.836171 0.250778
vt 0.836148 0.250833
vt 0.854378 0.253389
vt 0.837565 0.253402
vt 0.826619 0.381970
vt 0.286061 0.840390
vt 0.107301 0.832637
vt 0.160487 0.831480
vt 0.365563 0.840267
vt 0.287954 0.836631
vt 0.401820 0.800355
vt 0.383692 0.803042
vt 0.383691 0.833944
vt 0.383691 0.835402
vt 0.401819 0.838539
vt 0.383691 0.836763
vt 0.177600 0.831480
vt 0.408969 0.800355
vt 0.408969 0.851321
vt 0.856542 0.851329
vt 0.850602 0.845858
vt 0.637213 0.393303
vt 0.626726 0.393298
vt 0.432245 0.832395
vt 0.203608 0.681771
vt 0.203608 0.540271
vt 0.913194 0.346866
vt 0.203608 0.681769
vt 0.642457 0.393303
vt 0.621482 0.393298
vt 0.454213 0.816125
vt 0.461363 0.840038
vt 0.454213 0.840038
vt 0.466607 0.840038
vt 0.647700 0.393303
vt 0.631969 0.393298
vt 0.203608 0.398771
vt 0.203608 0.823269
vt 0.898894 0.346866
vt 0.918321 0.141498
vt 0.658088 0.393301
vt 0.652944 0.393298
vt 0.203608 0.540271
vt 0.206180 0.823269
vt 0.906044 0.346866
vt 0.915749 0.141498
vt 0.660660 0.393301
vt 0.655516 0.393298
vt 0.231837 0.840391
vt 0.660046 0.834935
vt 0.324734 0.840356
vt 0.087967 0.832746
vt 0.346094 0.800355
vt 0.815809 0.794893
vt 0.476718 0.856161
vt 0.679520 0.834928
vt 0.487865 0.856126
vt 0.829096 0.381970
vt 0.500958 0.816134
vt 0.796341 0.794893
vt 0.192901 0.853339
vt 0.698993 0.834928
vt 0.480904 0.856126
vt 0.826776 0.381970
vt 0.499164 0.816134
vt 0.229945 0.800355
vt 0.476264 0.816125
vt 0.757398 0.794893
vt 0.481359 0.816125
vt 0.494914 0.835598
vt 0.835381 0.381970
vt 0.835277 0.794893
vt 0.473944 0.816125
vt 0.776870 0.794893
vt 0.483679 0.816125
vt 0.497229 0.835598
vt 0.499164 0.816125
vt 0.049166 0.838561
vt 0.488319 0.841552
vt 0.029699 0.838731
vt 0.492505 0.841530
vt 0.831416 0.381970
vt 0.502752 0.816130
s 1
usemtl Material.01
f 2099/1/1 2075/2/2 2100/3/3
f 2100/4/4 2079/5/4 2120/6/4
f 2120/7/5 2077/8/6 2140/9/7
f 2077/10/8 2099/11/8 2140/12/8
f 2078/13/9 2072/14/9 2074/15/9
f 2079/16/10 2073/17/11 2077/18/12
f 2159/19/8 2072/20/8 2076/21/8
f 2158/22/8 2080/23/8 2159/19/8
f 2157/24/8 2081/25/8 2158/22/8
f 2156/26/8 2082/27/8 2157/24/8
f 2155/28/8 2083/29/8 2156/26/8
f 2154/30/8 2084/31/8 2155/28/8
f 2153/32/8 2085/33/8 2154/30/8
f 2152/34/8 2086/35/8 2153/32/8
f 2151/36/8 2087/37/8 2152/34/8
f 2150/38/8 2088/39/8 2151/36/8
f 2149/40/8 2089/41/8 2150/38/8
f 2148/42/8 2090/43/8 2149/40/8
f 2147/44/8 2091/45/8 2148/42/8
f 2146/46/8 2092/47/8 2147/44/8
f 2145/48/8 2093/49/8 2146/46/8
f 2144/50/8 2094/51/8 2145/48/8
f 2143/52/8 2095/53/8 2144/50/8
f 2143/52/8 2097/54/8 2096/55/8
f 2142/56/8 2098/57/8 2097/54/8
f 2140/12/8 2098/57/8 2141/58/8
f 2139/59/13 2076/60/13 2078/61/13
f 2138/62/13 2159/63/13 2139/59/13
f 2137/64/13 2158/65/13 2138/62/13
f 2136/66/13 2157/67/13 2137/64/13
f 2135/68/13 2156/69/13 2136/66/13
f 2134/70/13 2155/71/13 2135/68/13
f 2133/72/13 2154/73/13 2134/70/13
f 2132/74/13 2153/75/13 2133/72/13
f 2131/76/13 2152/77/13 2132/74/13
f 2130/78/13 2151/79/13 2131/76/13
f 2129/80/13 2150/81/13 2130/78/13
f 2128/82/13 2149/83/13 2129/80/13
f 2127/84/13 2148/85/13 2128/82/13
f 2126/86/13 2147/87/13 2127/84/13
f 2125/88/13 2146/89/13 2126/86/13
f 2124/90/13 2145/91/13 2125/88/13
f 2123/92/13 2144/93/13 2124/90/13
f 2122/94/13 2143/95/13 2123/92/13
f 2121/96/13 2142/97/13 2122/94/13
f 2120/7/13 2141/98/13 2121/96/13
f 2119/99/4 2078/100/4 2074/101/4
f 2118/102/4 2139/103/4 2119/99/4
f 2117/104/4 2138/105/4 2118/102/4
f 2116/106/4 2137/107/4 2117/104/4
f 2115/108/4 2136/109/4 2116/106/4
f 2114/110/4 2135/111/4 2115/108/4
f 2113/112/4 2134/113/4 2114/110/4
f 2112/114/4 2133/115/4 2113/112/4
f 2111/116/4 2132/117/4 2112/114/4
f 2110/118/4 2131/119/4 2111/116/4
f 2109/120/4 2130/121/4 2110/118/4
f 2108/122/4 2129/123/4 2109/120/4
f 2107/124/4 2128/125/4 2108/122/4
f 2106/126/4 2127/127/4 2107/124/4
f 2105/128/4 2126/129/4 2106/126/4
f 2104/130/4 2125/131/4 2105/128/4
f 2103/132/4 2124/133/4 2104/130/4
f 2102/134/4 2123/135/4 2103/132/4
f 2101/136/4 2122/137/4 2102/134/4
f 2100/4/4 2121/138/4 2101/136/4
f 2080/139/14 2074/140/14 2072/141/14
f 2081/142/14 2119/143/14 2080/139/14
f 2082/144/14 2118/145/14 2081/142/14
f 2083/146/14 2117/147/14 2082/144/14
f 2084/148/14 2116/149/14 2083/146/14
f 2085/150/14 2115/151/14 2084/148/14
f 2086/152/14 2114/153/14 2085/150/14
f 2087/154/14 2113/155/14 2086/152/14
f 2088/156/14 2112/157/14 2087/154/14
f 2089/158/14 2111/159/14 2088/156/14
f 2090/160/14 2110/161/14 2089/158/14
f 2091/162/14 2109/163/14 2090/160/14
f 2092/164/14 2108/165/14 2091/162/14
f 2093/166/14 2107/167/14 2092/164/14
f 2094/168/14 2106/169/14 2093/166/14
f 2095/170/14 2105/171/14 2094/168/14
f 2096/172/14 2104/173/14 2095/170/14
f 2097/174/14 2103/175/14 2096/172/14
f 2098/176/14 2102/177/14 2097/174/14
f 2099/1/1 2101/178/14 2098/176/14
f 2187/179/15 2163/180/16 2188/181/17
f 2188/182/18 2167/183/18 2208/184/18
f 2208/185/19 2165/186/20 2228/187/21
f 2165/188/22 2187/189/22 2228/190/22
f 2166/191/23 2160/192/23 2162/193/23
f 2167/194/24 2161/195/25 2165/196/26
f 2247/197/22 2160/198/22 2164/199/22
f 2246/200/22 2168/201/22 2247/197/22
f 2245/202/22 2169/203/22 2246/200/22
f 2244/204/22 2170/205/22 2245/202/22
f 2243/206/22 2171/207/22 2244/204/22
f 2242/208/22 2172/209/22 2243/206/22
f 2241/210/22 2173/211/22 2242/208/22
f 2240/212/22 2174/213/22 2241/210/22
f 2239/214/22 2175/215/22 2240/212/22
f 2238/216/22 2176/217/22 2239/214/22
f 2237/218/22 2177/219/22 2238/216/22
f 2236/220/22 2178/221/22 2237/218/22
f 2235/222/22 2179/223/22 2236/220/22
f 2234/224/22 2180/225/22 2235/222/22
f 2233/226/22 2181/227/22 2234/224/22
f 2232/228/22 2182/229/22 2233/226/22
f 2231/230/22 2183/231/22 2232/228/22
f 2231/230/22 2185/232/22 2184/233/22
f 2230/234/22 2186/235/22 2185/232/22
f 2228/190/22 2186/235/22 2229/236/22
f 2227/237/27 2164/238/27 2166/239/27
f 2226/240/27 2247/241/27 2227/237/27
f 2225/242/27 2246/243/27 2226/240/27
f 2224/244/27 2245/245/27 2225/242/27
f 2223/246/27 2244/247/27 2224/244/27
f 2222/248/27 2243/249/27 2223/246/27
f 2221/250/27 2242/251/27 2222/248/27
f 2220/252/27 2241/253/27 2221/250/27
f 2219/254/27 2240/255/27 2220/252/27
f 2218/256/27 2239/257/27 2219/254/27
f 2217/258/27 2238/259/27 2218/256/27
f 2216/260/27 2237/261/27 2217/258/27
f 2215/262/27 2236/263/27 2216/260/27
f 2214/264/27 2235/265/27 2215/262/27
f 2213/266/27 2234/267/27 2214/264/27
f 2212/268/27 2233/269/27 2213/266/27
f 2211/270/27 2232/271/27 2212/268/27
f 2210/272/27 2231/273/27 2211/270/27
f 2209/274/27 2230/275/27 2210/272/27
f 2208/185/27 2229/276/27 2209/274/27
f 2207/277/18 2166/278/18 2162/279/18
f 2206/280/18 2227/281/18 2207/277/18
f 2205/282/18 2226/283/18 2206/280/18
f 2204/284/18 2225/285/18 2205/282/18
f 2203/286/18 2224/287/18 2204/284/18
f 2202/288/18 2223/289/18 2203/286/18
f 2201/290/18 2222/291/18 2202/288/18
f 2200/292/18 2221/293/18 2201/290/18
f 2199/294/18 2220/295/18 2200/292/18
f 2198/296/18 2219/297/18 2199/294/18
f 2197/298/18 2218/299/18 2198/296/18
f 2196/300/18 2217/301/18 2197/298/18
f 2195/302/18 2216/303/18 2196/300/18
f 2194/304/18 2215/305/18 2195/302/18
f 2193/306/18 2214/307/18 2194/304/18
f 2192/308/18 2213/309/18 2193/306/18
f 2191/310/18 2212/311/18 2192/308/18
f 2190/312/18 2211/313/18 2191/310/18
f 2189/314/18 2210/315/18 2190/312/18
f 2188/182/18 2209/316/18 2189/314/18
f 2168/317/28 2162/318/28 2160/319/28
f 2169/320/28 2207/321/28 2168/317/28
f 2170/322/28 2206/323/28 2169/320/28
f 2171/324/28 2205/325/28 2170/322/28
f 2172/326/28 2204/327/28 2171/324/28
f 2173/328/28 2203/329/28 2172/326/28
f 2174/330/28 2202/331/28 2173/328/28
f 2175/332/28 2201/333/28 2174/330/28
f 2176/334/28 2200/335/28 2175/332/28
f 2177/336/28 2199/337/28 2176/334/28
f 2178/338/28 2198/339/28 2177/336/28
f 2179/340/28 2197/341/28 2178/338/28
f 2180/342/28 2196/343/28 2179/340/28
f 2181/344/28 2195/345/28 2180/342/28
f 2182/346/28 2194/347/28 2181/344/28
f 2183/348/28 2193/349/28 2182/346/28
f 2184/350/28 2192/351/28 2183/348/28
f 2185/352/28 2191/353/28 2184/350/28
f 2186/354/28 2190/355/28 2185/352/28
f 2187/179/15 2189/356/28 2186/354/28
f 2099/1/1 2073/4304/355 2075/2/2
f 2100/4/4 2075/4305/4 2079/5/4
f 2120/7/5 2079/4306/356 2077/8/6
f 2077/10/8 2073/4307/8 2099/11/8
f 2078/13/9 2076/4308/9 2072/14/9
f 2079/16/10 2075/4309/357 2073/17/11
f 2159/19/8 2080/23/8 2072/20/8
f 2158/22/8 2081/25/8 2080/23/8
f 2157/24/8 2082/27/8 2081/25/8
f 2156/26/8 2083/29/8 2082/27/8
f 2155/28/8 2084/31/8 2083/29/8
f 2154/30/8 2085/33/8 2084/31/8
f 2153/32/8 2086/35/8 2085/33/8
f 2152/34/8 2087/37/8 2086/35/8
f 2151/36/8 2088/39/8 2087/37/8
f 2150/38/8 2089/41/8 2088/39/8
f 2149/40/8 2090/43/8 2089/41/8
f 2148/42/8 2091/45/8 2090/43/8
f 2147/44/8 2092/47/8 2091/45/8
f 2146/46/8 2093/49/8 2092/47/8
f 2145/48/8 2094/51/8 2093/49/8
f 2144/50/8 2095/53/8 2094/51/8
f 2143/52/8 2096/55/8 2095/53/8
f 2143/52/8 2142/56/8 2097/54/8
f 2142/56/8 2141/58/8 2098/57/8
f 2140/12/8 2099/11/8 2098/57/8
f 2139/59/13 2159/63/13 2076/60/13
f 2138/62/13 2158/65/13 2159/63/13
f 2137/64/13 2157/67/13 2158/65/13
f 2136/66/13 2156/69/13 2157/67/13
f 2135/68/13 2155/71/13 2156/69/13
f 2134/70/13 2154/73/13 2155/71/13
f 2133/72/13 2153/75/13 2154/73/13
f 2132/74/13 2152/77/13 2153/75/13
f 2131/76/13 2151/79/13 2152/77/13
f 2130/78/13 2150/81/13 2151/79/13
f 2129/80/13 2149/83/13 2150/81/13
f 2128/82/13 2148/85/13 2149/83/13
f 2127/84/13 2147/87/13 2148/85/13
f 2126/86/13 2146/89/13 2147/87/13
f 2125/88/13 2145/91/13 2146/89/13
f 2124/90/13 2144/93/13 2145/91/13
f 2123/92/13 2143/95/13 2144/93/13
f 2122/94/13 2142/97/13 2143/95/13
f 2121/96/13 2141/98/13 2142/97/13
f 2120/7/13 2140/9/13 2141/98/13
f 2119/99/4 2139/103/4 2078/100/4
f 2118/102/4 2138/105/4 2139/103/4
f 2117/104/4 2137/107/4 2138/105/4
f 2116/106/4 2136/109/4 2137/107/4
f 2115/108/4 2135/111/4 2136/109/4
f 2114/110/4 2134/113/4 2135/111/4
f 2113/112/4 2133/115/4 2134/113/4
f 2112/114/4 2132/117/4 2133/115/4
f 2111/116/4 2131/119/4 2132/117/4
f 2110/118/4 2130/121/4 2131/119/4
f 2109/120/4 2129/123/4 2130/121/4
f 2108/122/4 2128/125/4 2129/123/4
f 2107/124/4 2127/127/4 2128/125/4
f 2106/126/4 2126/129/4 2127/127/4
f 2105/128/4 2125/131/4 2126/129/4
f 2104/130/4 2124/133/4 2125/131/4
f 2103/132/4 2123/135/4 2124/133/4
f 2102/134/4 2122/137/4 2123/135/4
f 2101/136/4 2121/138/4 2122/137/4
f 2100/4/4 2120/6/4 2121/138/4
f 2080/139/14 2119/143/14 2074/140/14
f 2081/142/14 2118/145/14 2119/143/14
f 2082/144/14 2117/147/14 2118/145/14
f 2083/146/14 2116/149/14 2117/147/14
f 2084/148/14 2115/151/14 2116/149/14
f 2085/150/14 2114/153/14 2115/151/14
f 2086/152/14 2113/155/14 2114/153/14
f 2087/154/14 2112/157/14 2113/155/14
f 2088/156/14 2111/159/14 2112/157/14
f 2089/158/14 2110/161/14 2111/159/14
f 2090/160/14 2109/163/14 2110/161/14
f 2091/162/14 2108/165/14 2109/163/14
f 2092/164/14 2107/167/14 2108/165/14
f 2093/166/14 2106/169/14 2107/167/14
f 2094/168/14 2105/171/14 2106/169/14
f 2095/170/14 2104/173/14 2105/171/14
f 2096/172/14 2103/175/14 2104/173/14
f 2097/174/14 2102/177/14 2103/175/14
f 2098/176/14 2101/178/14 2102/177/14
f 2099/1/1 2100/3/3 2101/178/14
f 2187/179/15 2161/4310/358 2163/180/16
f 2188/182/18 2163/4311/18 2167/183/18
f 2208/185/19 2167/4312/359 2165/186/20
f 2165/188/22 2161/4313/22 2187/189/22
f 2166/191/23 2164/4314/23 2160/192/23
f 2167/194/24 2163/4315/360 2161/195/25
f 2247/197/22 2168/201/22 2160/198/22
f 2246/200/22 2169/203/22 2168/201/22
f 2245/202/22 2170/205/22 2169/203/22
f 2244/204/22 2171/207/22 2170/205/22
f 2243/206/22 2172/209/22 2171/207/22
f 2242/208/22 2173/211/22 2172/209/22
f 2241/210/22 2174/213/22 2173/211/22
f 2240/212/22 2175/215/22 2174/213/22
f 2239/214/22 2176/217/22 2175/215/22
f 2238/216/22 2177/219/22 2176/217/22
f 2237/218/22 2178/221/22 2177/219/22
f 2236/220/22 2179/223/22 2178/221/22
f 2235/222/22 2180/225/22 2179/223/22
f 2234/224/22 2181/227/22 2180/225/22
f 2233/226/22 2182/229/22 2181/227/22
f 2232/228/22 2183/231/22 2182/229/22
f 2231/230/22 2184/233/22 2183/231/22
f 2231/230/22 2230/234/22 2185/232/22
f 2230/234/22 2229/236/22 2186/235/22
f 2228/190/22 2187/189/22 2186/235/22
f 2227/237/27 2247/241/27 2164/238/27
f 2226/240/27 2246/243/27 2247/241/27
f 2225/242/27 2245/245/27 2246/243/27
f 2224/244/27 2244/247/27 2245/245/27
f 2223/246/27 2243/249/27 2244/247/27
f 2222/248/27 2242/251/27 2243/249/27
f 2221/250/27 2241/253/27 2242/251/27
f 2220/252/27 2240/255/27 2241/253/27
f 2219/254/27 2239/257/27 2240/255/27
f 2218/256/27 2238/259/27 2239/257/27
f 2217/258/27 2237/261/27 2238/259/27
f 2216/260/27 2236/263/27 2237/261/27
f 2215/262/27 2235/265/27 2236/263/27
f 2214/264/27 2234/267/27 2235/265/27
f 2213/266/27 2233/269/27 2234/267/27
f 2212/268/27 2232/271/27 2233/269/27
f 2211/270/27 2231/273/27 2232/271/27
f 2210/272/27 2230/275/27 2231/273/27
f 2209/274/27 2229/276/27 2230/275/27
f 2208/185/27 2228/187/27 2229/276/27
f 2207/277/18 2227/281/18 2166/278/18
f 2206/280/18 2226/283/18 2227/281/18
f 2205/282/18 2225/285/18 2226/283/18
f 2204/284/18 2224/287/18 2225/285/18
f 2203/286/18 2223/289/18 2224/287/18
f 2202/288/18 2222/291/18 2223/289/18
f 2201/290/18 2221/293/18 2222/291/18
f 2200/292/18 2220/295/18 2221/293/18
f 2199/294/18 2219/297/18 2220/295/18
f 2198/296/18 2218/299/18 2219/297/18
f 2197/298/18 2217/301/18 2218/299/18
f 2196/300/18 2216/303/18 2217/301/18
f 2195/302/18 2215/305/18 2216/303/18
f 2194/304/18 2214/307/18 2215/305/18
f 2193/306/18 2213/309/18 2214/307/18
f 2192/308/18 2212/311/18 2213/309/18
f 2191/310/18 2211/313/18 2212/311/18
f 2190/312/18 2210/315/18 2211/313/18
f 2189/314/18 2209/316/18 2210/315/18
f 2188/182/18 2208/184/18 2209/316/18
f 2168/317/28 2207/321/28 2162/318/28
f 2169/320/28 2206/323/28 2207/321/28
f 2170/322/28 2205/325/28 2206/323/28
f 2171/324/28 2204/327/28 2205/325/28
f 2172/326/28 2203/329/28 2204/327/28
f 2173/328/28 2202/331/28 2203/329/28
f 2174/330/28 2201/333/28 2202/331/28
f 2175/332/28 2200/335/28 2201/333/28
f 2176/334/28 2199/337/28 2200/335/28
f 2177/336/28 2198/339/28 2199/337/28
f 2178/338/28 2197/341/28 2198/339/28
f 2179/340/28 2196/343/28 2197/341/28
f 2180/342/28 2195/345/28 2196/343/28
f 2181/344/28 2194/347/28 2195/345/28
f 2182/346/28 2193/349/28 2194/347/28
f 2183/348/28 2192/351/28 2193/349/28
f 2184/350/28 2191/353/28 2192/351/28
f 2185/352/28 2190/355/28 2191/353/28
f 2186/354/28 2189/356/28 2190/355/28
f 2187/179/15 2188/181/17 2189/356/28
usemtl Material.02
f 3/357/29 235/358/30 234/359/31
f 9/360/32 335/361/33 235/362/30
f 335/363/33 14/364/34 435/365/35
f 14/366/34 234/367/31 435/368/35
f 15/369/36 2/370/37 5/371/38
f 9/372/32 14/366/34 19/373/39
f 534/374/40 2/375/37 11/376/41
f 533/377/40 23/378/42 534/374/40
f 532/379/40 26/380/42 533/377/40
f 531/381/40 28/382/42 532/379/40
f 530/383/40 30/384/42 531/381/40
f 529/385/40 31/386/42 530/383/40
f 528/387/40 33/388/42 529/385/40
f 527/389/40 35/390/42 528/387/40
f 526/391/40 37/392/42 527/389/40
f 525/393/40 39/394/42 526/391/40
f 525/393/40 43/395/42 42/396/42
f 524/397/40 45/398/42 43/395/42
f 523/399/40 47/400/42 45/398/42
f 521/401/40 47/400/42 522/402/40
f 520/403/40 49/404/42 521/401/40
f 519/405/40 52/406/42 520/403/40
f 518/407/40 53/408/42 519/405/40
f 517/409/40 55/410/42 518/407/40
f 516/411/40 57/412/42 517/409/40
f 515/413/40 59/414/42 516/411/40
f 515/413/40 63/415/42 61/416/42
f 514/417/40 66/418/42 63/415/42
f 513/419/40 68/420/42 66/418/42
f 512/421/40 70/422/42 68/420/42
f 511/423/40 71/424/42 70/422/42
f 509/425/40 71/424/42 510/426/40
f 508/427/40 73/428/42 509/425/40
f 507/429/40 76/430/42 508/427/40
f 506/431/40 77/432/42 507/429/40
f 505/433/40 79/434/42 506/431/40
f 504/435/40 82/436/42 505/433/40
f 503/437/40 86/438/42 504/435/40
f 503/437/40 92/439/42 89/440/42
f 502/441/40 95/442/42 92/439/42
f 501/443/40 97/444/42 95/442/42
f 500/445/40 99/446/42 97/444/42
f 498/447/40 99/446/42 499/448/40
f 497/449/40 104/450/42 498/447/40
f 496/451/40 106/452/42 497/449/40
f 495/453/40 110/454/42 496/451/40
f 494/455/40 111/456/42 495/453/40
f 493/457/40 114/458/42 494/455/40
f 492/459/40 118/460/42 493/457/40
f 492/459/40 124/461/42 121/462/42
f 491/463/40 127/464/42 124/461/42
f 490/465/40 130/466/42 127/464/42
f 488/467/40 130/466/42 489/468/40
f 487/469/40 133/470/42 488/467/40
f 486/471/40 136/472/42 487/469/40
f 485/473/40 139/474/42 486/471/40
f 484/475/40 142/476/42 485/473/40
f 483/477/40 145/478/42 484/475/40
f 482/479/40 147/480/42 483/477/40
f 482/479/40 155/481/42 151/482/42
f 481/483/40 158/484/42 155/481/42
f 543/485/18 158/484/42 480/486/40
f 162/487/42 551/488/18 552/489/18
f 479/490/40 549/491/18 548/492/18
f 163/493/42 559/494/18 560/495/18
f 478/496/40 558/497/18 557/498/18
f 164/499/42 567/500/18 568/501/18
f 477/502/40 565/503/18 564/504/18
f 167/505/42 575/506/18 576/507/18
f 476/508/40 573/509/18 572/510/18
f 168/511/42 583/512/18 584/513/18
f 475/514/40 581/515/18 580/516/18
f 170/517/42 592/518/18 593/519/18
f 474/520/40 590/521/18 591/522/18
f 173/523/42 600/524/18 601/525/18
f 473/526/40 598/527/18 599/528/18
f 472/529/40 607/530/18 608/531/18
f 610/532/18 603/533/18 173/523/42
f 471/534/40 617/535/18 616/536/18
f 620/537/18 176/538/42 618/539/18
f 624/540/18 178/541/42 623/542/18
f 469/543/40 180/544/42 178/541/42
f 467/545/40 180/544/42 468/546/40
f 466/547/40 182/548/42 467/545/40
f 465/549/40 184/550/42 466/547/40
f 464/551/40 186/552/42 465/549/40
f 463/553/40 189/554/42 464/551/40
f 462/555/40 191/556/42 463/553/40
f 461/557/40 193/558/42 462/555/40
f 461/557/40 196/559/42 195/560/42
f 460/561/40 198/562/42 196/559/42
f 459/563/40 200/564/42 198/562/42
f 458/565/40 202/566/42 200/564/42
f 456/567/40 202/566/42 457/568/40
f 455/569/40 204/570/42 456/567/40
f 454/571/40 206/572/42 455/569/40
f 453/573/40 209/574/42 454/571/40
f 452/575/40 211/576/42 453/573/40
f 451/577/40 213/578/42 452/575/40
f 450/579/40 215/580/42 451/577/40
f 449/581/40 217/582/42 450/579/40
f 449/581/40 220/583/42 219/584/42
f 448/585/40 222/586/42 220/583/42
f 447/587/40 223/588/42 222/586/42
f 445/589/40 223/588/42 446/590/40
f 444/591/40 224/592/42 445/589/40
f 443/593/40 225/594/42 444/591/40
f 442/595/40 226/596/42 443/593/40
f 441/597/40 227/598/42 442/595/40
f 440/599/40 228/600/42 441/597/40
f 439/601/43 229/602/44 440/599/40
f 438/603/45 230/604/46 439/601/43
f 437/605/47 231/606/48 438/603/45
f 436/607/49 232/370/50 437/608/47
f 435/368/35 233/609/51 436/607/49
f 434/610/33 11/611/41 15/612/36
f 433/613/33 534/614/40 434/610/33
f 432/615/33 533/616/40 433/613/33
f 431/617/33 532/618/40 432/615/33
f 430/619/33 531/620/40 431/617/33
f 429/621/33 530/622/40 430/619/33
f 428/623/33 529/624/40 429/621/33
f 427/625/33 528/626/40 428/623/33
f 426/627/33 527/628/40 427/625/33
f 425/629/33 526/630/40 426/627/33
f 424/631/33 525/632/40 425/629/33
f 423/633/33 524/634/40 424/631/33
f 422/635/33 523/636/40 423/633/33
f 421/637/33 522/638/40 422/635/33
f 420/639/33 521/640/40 421/637/33
f 419/641/33 520/642/40 420/639/33
f 418/643/33 519/644/40 419/641/33
f 417/645/33 518/646/40 418/643/33
f 416/647/33 517/648/40 417/645/33
f 415/649/33 516/650/40 416/647/33
f 414/651/33 515/652/40 415/649/33
f 413/653/33 514/654/40 414/651/33
f 412/655/33 513/656/40 413/653/33
f 411/657/33 512/658/40 412/655/33
f 410/659/33 511/660/40 411/657/33
f 409/661/33 510/662/40 410/659/33
f 408/663/33 509/664/40 409/661/33
f 407/665/33 508/666/40 408/663/33
f 406/667/33 507/668/40 407/665/33
f 405/669/33 506/670/40 406/667/33
f 404/671/33 505/672/40 405/669/33
f 403/673/33 504/674/40 404/671/33
f 402/675/33 503/676/40 403/673/33
f 401/677/33 502/678/40 402/675/33
f 400/679/33 501/680/40 401/677/33
f 399/681/33 500/682/40 400/679/33
f 398/683/33 499/684/40 399/681/33
f 397/685/33 498/686/40 398/683/33
f 396/687/33 497/688/40 397/685/33
f 395/689/33 496/690/40 396/687/33
f 394/691/33 495/692/40 395/689/33
f 393/693/33 494/694/40 394/691/33
f 392/695/33 493/696/40 393/693/33
f 391/697/33 492/698/40 392/695/33
f 390/699/33 491/700/40 391/697/33
f 389/701/33 490/702/40 390/699/33
f 388/703/33 489/704/40 389/701/33
f 387/705/33 488/706/40 388/703/33
f 386/707/33 487/708/40 387/705/33
f 385/709/33 486/710/40 386/707/33
f 384/711/33 485/712/40 385/709/33
f 383/713/33 484/714/40 384/711/33
f 382/715/33 483/716/40 383/713/33
f 381/717/33 482/718/40 382/715/33
f 380/719/33 481/720/40 381/717/33
f 379/721/33 480/722/40 380/719/33
f 378/723/33 479/724/40 379/721/33
f 377/725/33 478/726/40 378/723/33
f 376/727/33 477/728/40 377/725/33
f 375/729/33 476/730/40 376/727/33
f 374/731/33 475/732/40 375/729/33
f 373/733/33 474/734/40 374/731/33
f 372/735/33 473/736/40 373/733/33
f 371/737/33 472/738/40 372/735/33
f 370/739/33 471/740/40 371/737/33
f 369/741/33 470/742/40 370/739/33
f 368/743/33 469/744/40 369/741/33
f 367/745/33 468/746/40 368/743/33
f 366/747/33 467/748/40 367/745/33
f 365/749/33 466/750/40 366/747/33
f 364/751/33 465/752/40 365/749/33
f 363/753/33 464/754/40 364/751/33
f 362/755/33 463/756/40 363/753/33
f 361/757/33 462/758/40 362/755/33
f 360/759/33 461/760/40 361/757/33
f 359/761/33 460/762/40 360/759/33
f 358/763/33 459/764/40 359/761/33
f 357/765/33 458/766/40 358/763/33
f 356/767/33 457/768/40 357/765/33
f 355/769/33 456/770/40 356/767/33
f 354/771/33 455/772/40 355/769/33
f 353/773/33 454/774/40 354/771/33
f 352/775/33 453/776/40 353/773/33
f 351/777/33 452/778/40 352/775/33
f 350/779/33 451/780/40 351/777/33
f 349/781/33 450/782/40 350/779/33
f 348/783/33 449/784/40 349/781/33
f 347/785/33 448/786/40 348/783/33
f 346/787/33 447/788/40 347/785/33
f 345/789/33 446/790/40 346/787/33
f 344/791/33 445/792/40 345/789/33
f 343/793/33 444/794/40 344/791/33
f 342/795/33 443/796/40 343/793/33
f 341/797/33 442/798/40 342/795/33
f 340/799/33 441/800/40 341/797/33
f 339/801/33 440/802/40 340/799/33
f 339/801/33 438/803/45 439/804/43
f 338/805/33 437/806/47 438/803/45
f 337/807/33 436/808/49 437/806/47
f 336/809/33 435/365/35 436/808/49
f 334/810/30 15/811/36 5/812/38
f 333/813/30 434/814/33 334/810/30
f 332/815/30 433/816/33 333/813/30
f 331/817/30 432/818/33 332/815/30
f 330/819/30 431/820/33 331/817/30
f 329/821/30 430/822/33 330/819/30
f 328/823/30 429/824/33 329/821/30
f 327/825/30 428/826/33 328/823/30
f 326/827/30 427/828/33 327/825/30
f 325/829/30 426/830/33 326/827/30
f 324/831/30 425/832/33 325/829/30
f 323/833/30 424/834/33 324/831/30
f 322/835/30 423/836/33 323/833/30
f 321/837/30 422/838/33 322/835/30
f 320/839/30 421/840/33 321/837/30
f 319/841/30 420/842/33 320/839/30
f 318/843/30 419/844/33 319/841/30
f 317/845/30 418/846/33 318/843/30
f 316/847/30 417/848/33 317/845/30
f 315/849/30 416/850/33 316/847/30
f 314/851/30 415/852/33 315/849/30
f 313/853/30 414/854/33 314/851/30
f 312/855/30 413/856/33 313/853/30
f 311/857/30 412/858/33 312/855/30
f 310/859/30 411/860/33 311/857/30
f 309/861/30 410/862/33 310/859/30
f 308/863/30 409/864/33 309/861/30
f 307/865/30 408/866/33 308/863/30
f 306/867/30 407/868/33 307/865/30
f 305/869/30 406/870/33 306/867/30
f 304/871/30 405/872/33 305/869/30
f 303/873/30 404/874/33 304/871/30
f 302/875/30 403/876/33 303/873/30
f 301/877/30 402/878/33 302/875/30
f 300/879/30 401/880/33 301/877/30
f 299/881/30 400/882/33 300/879/30
f 298/883/30 399/884/33 299/881/30
f 297/885/30 398/886/33 298/883/30
f 296/887/30 397/888/33 297/885/30
f 295/889/30 396/890/33 296/887/30
f 294/891/30 395/892/33 295/889/30
f 293/893/30 394/894/33 294/891/30
f 292/895/30 393/896/33 293/893/30
f 291/897/30 392/898/33 292/895/30
f 290/899/30 391/900/33 291/897/30
f 289/901/30 390/902/33 290/899/30
f 288/903/30 389/904/33 289/901/30
f 287/905/30 388/906/33 288/903/30
f 286/907/30 387/908/33 287/905/30
f 285/909/30 386/910/33 286/907/30
f 284/911/30 385/912/33 285/909/30
f 283/913/30 384/914/33 284/911/30
f 282/915/30 383/916/33 283/913/30
f 281/917/30 382/918/33 282/915/30
f 280/919/30 381/920/33 281/917/30
f 279/921/30 380/922/33 280/919/30
f 278/923/30 379/924/33 279/921/30
f 277/925/30 378/926/33 278/923/30
f 276/927/30 377/928/33 277/925/30
f 275/929/30 376/930/33 276/927/30
f 274/931/30 375/932/33 275/929/30
f 273/933/30 374/934/33 274/931/30
f 272/935/30 373/936/33 273/933/30
f 271/937/30 372/938/33 272/935/30
f 270/939/30 371/940/33 271/937/30
f 269/941/30 370/942/33 270/939/30
f 268/943/30 369/944/33 269/941/30
f 267/945/30 368/946/33 268/943/30
f 266/947/30 367/948/33 267/945/30
f 265/949/30 366/950/33 266/947/30
f 264/951/30 365/952/33 265/949/30
f 263/953/30 364/954/33 264/951/30
f 262/955/30 363/956/33 263/953/30
f 261/957/30 362/958/33 262/955/30
f 260/959/30 361/960/33 261/957/30
f 259/961/30 360/962/33 260/959/30
f 258/963/30 359/964/33 259/961/30
f 257/965/30 358/966/33 258/963/30
f 256/967/30 357/968/33 257/965/30
f 255/969/30 356/970/33 256/967/30
f 254/971/30 355/972/33 255/969/30
f 253/973/30 354/974/33 254/971/30
f 252/975/30 353/976/33 253/973/30
f 251/977/30 352/978/33 252/975/30
f 250/979/30 351/980/33 251/977/30
f 249/981/30 350/982/33 250/979/30
f 248/983/30 349/984/33 249/981/30
f 247/985/30 348/986/33 248/983/30
f 246/987/30 347/988/33 247/985/30
f 245/989/30 346/990/33 246/987/30
f 244/991/30 345/992/33 245/989/30
f 243/993/30 344/994/33 244/991/30
f 242/995/30 343/996/33 243/993/30
f 241/997/30 342/998/33 242/995/30
f 240/999/30 341/1000/33 241/997/30
f 239/1001/30 340/1002/33 240/999/30
f 238/1003/30 339/1004/33 239/1001/30
f 237/1005/30 338/1006/33 238/1003/30
f 236/1007/30 337/1008/33 237/1005/30
f 235/362/30 336/1009/33 236/1007/30
f 23/1010/42 5/1011/38 2/1012/37
f 26/1013/42 334/1014/30 23/1010/42
f 28/1015/42 333/1016/30 26/1013/42
f 30/1017/42 332/1018/30 28/1015/42
f 31/1019/42 331/1020/30 30/1017/42
f 33/1021/42 330/1022/30 31/1019/42
f 35/1023/42 329/1024/30 33/1021/42
f 37/1025/42 328/1026/30 35/1023/42
f 39/1027/42 327/1028/30 37/1025/42
f 42/1029/42 326/1030/30 39/1027/42
f 43/1031/42 325/1032/30 42/1029/42
f 45/1033/42 324/1034/30 43/1031/42
f 47/1035/42 323/1036/30 45/1033/42
f 49/1037/42 322/1038/30 47/1035/42
f 52/1039/42 321/1040/30 49/1037/42
f 53/1041/42 320/1042/30 52/1039/42
f 55/1043/42 319/1044/30 53/1041/42
f 57/1045/42 318/1046/30 55/1043/42
f 59/1047/42 317/1048/30 57/1045/42
f 61/1049/42 316/1050/30 59/1047/42
f 63/1051/42 315/1052/30 61/1049/42
f 66/1053/42 314/1054/30 63/1051/42
f 68/1055/42 313/1056/30 66/1053/42
f 70/1057/42 312/1058/30 68/1055/42
f 71/1059/42 311/1060/30 70/1057/42
f 73/1061/42 310/1062/30 71/1059/42
f 76/1063/42 309/1064/30 73/1061/42
f 77/1065/42 308/1066/30 76/1063/42
f 79/1067/42 307/1068/30 77/1065/42
f 82/1069/42 306/1070/30 79/1067/42
f 86/1071/42 305/1072/30 82/1069/42
f 89/1073/42 304/1074/30 86/1071/42
f 92/1075/42 303/1076/30 89/1073/42
f 95/1077/42 302/1078/30 92/1075/42
f 97/1079/42 301/1080/30 95/1077/42
f 99/1081/42 300/1082/30 97/1079/42
f 104/1083/42 299/1084/30 99/1081/42
f 106/1085/42 298/1086/30 104/1083/42
f 110/1087/42 297/1088/30 106/1085/42
f 111/1089/42 296/1090/30 110/1087/42
f 114/1091/42 295/1092/30 111/1089/42
f 118/1093/42 294/1094/30 114/1091/42
f 121/1095/42 293/1096/30 118/1093/42
f 124/1097/42 292/1098/30 121/1095/42
f 127/1099/42 291/1100/30 124/1097/42
f 130/1101/42 290/1102/30 127/1099/42
f 133/1103/42 289/1104/30 130/1101/42
f 136/1105/42 288/1106/30 133/1103/42
f 139/1107/42 287/1108/30 136/1105/42
f 142/1109/42 286/1110/30 139/1107/42
f 145/1111/42 285/1112/30 142/1109/42
f 147/1113/42 284/1114/30 145/1111/42
f 151/1115/42 283/1116/30 147/1113/42
f 155/1117/42 282/1118/30 151/1115/42
f 158/1119/42 281/1120/30 155/1117/42
f 158/1119/42 279/1121/30 280/1122/30
f 162/1123/42 279/1121/30 160/1124/42
f 163/1125/42 278/1126/30 162/1123/42
f 164/1127/42 277/1128/30 163/1125/42
f 167/1129/42 276/1130/30 164/1127/42
f 168/1131/42 275/1132/30 167/1129/42
f 170/1133/42 274/1134/30 168/1131/42
f 173/1135/42 273/1136/30 170/1133/42
f 175/1137/42 272/1138/30 173/1135/42
f 176/1139/42 271/1140/30 175/1137/42
f 176/1139/42 269/1141/30 270/1142/30
f 180/1143/42 269/1141/30 178/1144/42
f 182/1145/42 268/1146/30 180/1143/42
f 184/1147/42 267/1148/30 182/1145/42
f 186/1149/42 266/1150/30 184/1147/42
f 189/1151/42 265/1152/30 186/1149/42
f 191/1153/42 264/1154/30 189/1151/42
f 193/1155/42 263/1156/30 191/1153/42
f 195/1157/42 262/1158/30 193/1155/42
f 196/1159/42 261/1160/30 195/1157/42
f 198/1161/42 260/1162/30 196/1159/42
f 198/1161/42 258/1163/30 259/1164/30
f 202/1165/42 258/1163/30 200/1166/42
f 204/1167/42 257/1168/30 202/1165/42
f 206/1169/42 256/1170/30 204/1167/42
f 209/1171/42 255/1172/30 206/1169/42
f 211/1173/42 254/1174/30 209/1171/42
f 213/1175/42 253/1176/30 211/1173/42
f 215/1177/42 252/1178/30 213/1175/42
f 217/1179/42 251/1180/30 215/1177/42
f 219/1181/42 250/1182/30 217/1179/42
f 220/1183/42 249/1184/30 219/1181/42
f 220/1183/42 247/1185/30 248/1186/30
f 223/1187/42 247/1185/30 222/1188/42
f 224/1189/42 246/1190/30 223/1187/42
f 225/1191/42 245/1192/30 224/1189/42
f 226/1193/42 244/1194/30 225/1191/42
f 227/1195/42 243/1196/30 226/1193/42
f 228/1197/42 242/1198/30 227/1195/42
f 229/1199/44 241/1200/30 228/1197/42
f 230/1201/46 240/1202/30 229/1199/44
f 231/1203/48 239/1204/30 230/1201/46
f 232/1205/50 238/1206/30 231/1203/48
f 233/1207/51 237/1208/30 232/1205/50
f 234/359/31 236/1209/30 233/1207/51
f 614/1210/52 625/1211/52 626/1212/53
f 21/1213/18 627/1214/54 165/1215/18
f 617/1216/55 21/1217/56 615/1218/57
f 543/1219/58 7/1220/59 544/1221/60
f 624/1222/61 626/1212/62 629/1223/63
f 221/1224/64 543/1225/65 536/1226/66
f 218/1227/67 537/1228/68 538/1229/69
f 216/1230/70 539/1231/70 540/1232/70
f 216/1230/70 548/1233/70 214/1234/70
f 214/1234/70 549/1235/70 212/1236/70
f 210/1237/70 549/1235/70 550/1238/70
f 210/1237/70 557/1239/70 208/1240/70
f 208/1240/70 558/1241/70 207/1242/70
f 205/1243/70 558/1241/70 556/1244/70
f 205/1243/70 564/1245/70 203/1246/70
f 203/1246/70 565/1247/70 201/1248/70
f 199/1249/70 565/1247/70 566/1250/70
f 199/1249/70 572/1251/70 197/1252/70
f 197/1252/70 573/1253/70 194/1254/70
f 192/1255/70 573/1253/70 574/1256/70
f 192/1255/70 580/1257/70 190/1258/70
f 190/1258/70 581/1259/70 188/1260/70
f 187/1261/70 581/1259/70 582/1262/70
f 187/1261/70 591/1263/70 185/1264/70
f 185/1264/70 590/1265/70 183/1266/70
f 181/1267/70 590/1265/70 589/1268/70
f 181/1267/70 599/1269/70 179/1270/70
f 179/1270/70 598/1271/70 177/1272/70
f 174/1273/70 598/1271/70 597/1274/70
f 174/1273/70 608/1275/70 172/1276/70
f 172/1276/70 607/1277/70 171/1278/70
f 169/1279/70 607/1277/70 606/1280/70
f 166/1281/71 621/1282/71 616/1283/71
f 165/1284/72 616/1283/72 615/1218/57
f 631/1285/18 17/1286/18 221/1287/18
f 635/1288/18 221/1287/18 636/1289/18
f 218/1290/18 637/1291/18 636/1289/18
f 216/1292/18 638/1293/18 637/1291/18
f 214/1294/18 639/1295/18 638/1293/18
f 212/1296/18 640/1297/18 639/1295/18
f 210/1298/18 641/1299/18 640/1297/18
f 208/1300/18 642/1301/18 641/1299/18
f 207/1302/18 643/1303/18 642/1301/18
f 205/1304/18 644/1305/18 643/1303/18
f 203/1306/18 645/1307/18 644/1305/18
f 201/1308/18 646/1309/18 645/1307/18
f 199/1310/18 647/1311/18 646/1309/18
f 197/1312/18 648/1313/18 647/1311/18
f 194/1314/18 649/1315/18 648/1313/18
f 192/1316/18 650/1317/18 649/1315/18
f 190/1318/18 651/1319/18 650/1317/18
f 188/1320/18 652/1321/18 651/1319/18
f 187/1322/18 653/1323/18 652/1321/18
f 185/1324/18 654/1325/18 653/1323/18
f 183/1326/18 655/1327/18 654/1325/18
f 181/1328/18 656/1329/18 655/1327/18
f 179/1330/18 657/1331/18 656/1329/18
f 177/1332/18 658/1333/18 657/1331/18
f 174/1334/18 659/1335/18 658/1333/18
f 172/1336/18 660/1337/18 661/1338/18
f 169/1339/18 662/1340/18 660/1337/18
f 166/1341/18 665/1342/18 169/1339/18
f 627/1214/54 664/1343/18 166/1341/18
f 544/1344/73 667/1345/74 668/1346/75
f 541/1347/76 542/1348/77 671/1349/78
f 674/1350/79 551/1351/80 672/1352/80
f 552/1353/80 674/1350/79 675/1354/40
f 554/1355/80 676/1354/40 677/1356/40
f 559/1357/80 547/1358/80 678/1356/40
f 560/1359/80 679/1360/80 680/1361/40
f 562/1362/80 681/1361/40 682/1363/40
f 567/1364/80 683/1363/40 685/1365/79
f 568/1366/80 685/1365/79 686/1367/40
f 570/1368/80 687/1367/40 688/1369/40
f 575/1370/80 689/1369/40 691/1371/79
f 576/1372/80 691/1371/79 692/1373/40
f 578/1374/80 693/1373/40 694/1375/40
f 571/1376/80 695/1375/40 696/1377/80
f 583/1378/80 697/1379/80 584/1380/80
f 586/1381/80 697/1379/80 698/1382/40
f 579/1383/80 699/1382/40 700/1384/80
f 592/1385/80 701/1386/80 593/1387/80
f 587/1388/80 701/1386/80 702/1389/40
f 600/1390/80 588/1391/80 703/1389/40
f 601/1392/80 704/1393/80 705/1394/40
f 601/1392/80 707/1395/80 595/1396/80
f 609/1397/80 596/1398/80 707/1395/80
f 610/1399/80 708/1400/80 709/1401/40
f 612/1402/81 714/1403/82 713/1404/83
f 604/1405/84 712/1406/85 718/1407/86
f 620/1408/87 619/1409/88 721/1410/89
f 613/1411/90 622/1412/90 620/1413/90
f 720/1414/91 722/1415/91 620/1416/91
f 613/1417/92 722/1415/93 723/1418/94
f 8/1419/95 72/1420/95 74/1421/95
f 119/1422/18 8/1423/18 74/1424/18
f 13/1425/56 627/1426/96 628/1427/97
f 4/1428/4 626/1429/4 723/1430/98
f 6/1431/99 670/1432/100 632/1433/101
f 8/1419/62 10/1434/62 4/1435/62
f 670/1436/102 16/1437/103 668/1438/104
f 669/1439/105 16/1437/103 672/1440/106
f 20/1441/4 672/1440/106 18/1442/4
f 20/1441/4 675/1443/4 674/1444/107
f 22/1445/4 677/1446/4 676/1443/107
f 24/1447/4 679/1448/4 678/1446/107
f 25/1449/4 680/1450/4 679/1448/4
f 27/1451/4 682/1452/4 681/1450/107
f 29/1453/4 684/1454/4 683/1452/107
f 32/1455/4 686/1456/4 685/1454/107
f 34/1457/4 688/1458/4 687/1456/107
f 36/1459/4 690/1460/4 689/1458/107
f 38/1461/4 692/1462/4 691/1460/107
f 40/1463/4 694/1464/4 693/1462/107
f 41/1465/4 696/1466/4 695/1464/107
f 44/1467/4 697/1468/4 696/1466/4
f 46/1469/4 698/1470/4 697/1468/4
f 48/1471/4 700/1472/4 699/1470/107
f 50/1473/4 701/1474/4 700/1472/4
f 51/1475/4 702/1476/4 701/1474/4
f 54/1477/4 704/1478/4 703/1476/107
f 56/1479/4 705/1480/4 704/1478/4
f 58/1481/4 707/1482/4 706/1480/107
f 62/1483/4 707/1482/4 60/1484/4
f 62/1483/4 709/1485/4 708/1486/4
f 710/1485/4 64/1487/4 711/1488/4
f 712/1489/4 65/1490/4 718/1491/4
f 717/1492/108 67/1493/4 721/1494/4
f 720/1495/108 69/1496/4 723/1430/4
f 12/1497/109 630/1498/110 634/1499/111
f 161/1500/112 633/1501/113 635/1502/114
f 159/1503/70 637/1504/70 157/1505/70
f 157/1505/70 638/1506/70 156/1507/70
f 156/1507/70 639/1508/70 154/1509/70
f 154/1509/70 640/1510/70 153/1511/70
f 153/1511/70 641/1512/70 152/1513/70
f 152/1513/70 642/1514/70 150/1515/70
f 150/1515/70 643/1516/70 149/1517/70
f 149/1517/70 644/1518/70 148/1519/70
f 148/1519/70 645/1520/70 146/1521/70
f 146/1521/70 646/1522/70 144/1523/70
f 144/1523/70 647/1524/70 143/1525/70
f 143/1525/70 648/1526/70 141/1527/70
f 141/1527/70 649/1528/70 140/1529/70
f 140/1529/70 650/1530/70 138/1531/70
f 138/1531/70 651/1532/70 137/1533/70
f 137/1533/70 652/1534/70 135/1535/70
f 135/1535/70 653/1536/70 134/1537/70
f 134/1537/70 654/1538/70 132/1539/70
f 132/1539/70 655/1540/70 131/1541/70
f 131/1541/70 656/1542/70 129/1543/70
f 129/1543/70 657/1544/70 128/1545/70
f 128/1545/70 658/1546/70 126/1547/70
f 126/1547/70 659/1548/70 125/1549/70
f 125/1549/70 661/1550/70 123/1551/70
f 123/1551/70 660/1552/70 662/1553/70
f 122/1554/71 663/1555/115 665/1556/71
f 120/1557/72 664/1558/116 666/1559/117
f 12/1560/18 117/1561/18 6/1562/18
f 161/1563/18 116/1564/18 117/1561/18
f 159/1565/18 115/1566/18 116/1564/18
f 157/1567/18 113/1568/18 115/1566/18
f 156/1569/18 112/1570/18 113/1568/18
f 154/1571/18 109/1572/18 112/1570/18
f 153/1573/18 108/1574/18 109/1572/18
f 152/1575/18 107/1576/18 108/1574/18
f 150/1577/18 105/1578/18 107/1576/18
f 149/1579/18 103/1580/18 105/1578/18
f 148/1581/18 102/1582/18 103/1580/18
f 146/1583/18 101/1584/18 102/1582/18
f 144/1585/18 100/1586/18 101/1584/18
f 143/1587/18 98/1588/18 100/1586/18
f 141/1589/18 96/1590/18 98/1588/18
f 140/1591/18 94/1592/18 96/1590/18
f 138/1593/18 93/1594/18 94/1592/18
f 137/1595/18 91/1596/18 93/1594/18
f 135/1597/18 90/1598/18 91/1596/18
f 134/1599/18 88/1600/18 90/1598/18
f 132/1601/18 87/1602/18 88/1600/18
f 131/1603/18 85/1604/18 87/1602/18
f 129/1605/18 84/1606/18 85/1604/18
f 128/1607/18 83/1608/18 84/1606/18
f 126/1609/18 81/1610/18 83/1608/18
f 125/1611/18 80/1612/18 81/1610/18
f 123/1613/18 78/1614/18 80/1612/18
f 78/1614/18 120/1615/18 75/1616/18
f 120/1615/18 74/1424/18 75/1616/18
f 6/1617/118 16/1618/119 1/1619/120
f 117/1620/121 18/1621/122 16/1618/123
f 116/1622/80 20/1623/80 18/1621/80
f 115/1624/80 22/1625/80 20/1623/80
f 113/1626/80 24/1627/80 22/1625/80
f 112/1628/80 25/1629/80 24/1627/80
f 25/1629/80 108/1630/80 27/1631/80
f 27/1631/80 107/1632/80 29/1633/80
f 107/1632/80 32/1634/80 29/1633/80
f 105/1635/80 34/1636/80 32/1634/80
f 103/1637/80 36/1638/80 34/1636/80
f 102/1639/80 38/1640/80 36/1638/80
f 101/1641/80 40/1642/80 38/1640/80
f 100/1643/80 41/1644/80 40/1642/80
f 98/1645/80 44/1646/80 41/1644/80
f 96/1647/80 46/1648/80 44/1646/80
f 94/1649/80 48/1650/80 46/1648/80
f 93/1651/80 50/1652/80 48/1650/80
f 91/1653/80 51/1654/80 50/1652/80
f 90/1655/80 54/1656/80 51/1654/80
f 88/1657/80 56/1658/80 54/1656/80
f 87/1659/80 58/1660/80 56/1658/80
f 85/1661/80 60/1662/80 58/1660/80
f 84/1663/80 62/1664/80 60/1662/80
f 83/1665/80 64/1666/80 62/1664/80
f 81/1667/124 65/1668/125 64/1666/80
f 80/1669/126 67/1670/127 65/1668/128
f 78/1671/129 69/1672/130 67/1670/131
f 75/1673/132 72/1420/133 69/1674/134
f 3/357/29 9/4316/32 235/358/30
f 9/360/32 19/4317/39 335/361/33
f 335/363/33 19/4318/39 14/364/34
f 14/366/34 3/4319/29 234/367/31
f 15/369/36 11/4320/41 2/370/37
f 9/372/32 3/4319/29 14/366/34
f 534/374/40 23/378/42 2/375/37
f 533/377/40 26/380/42 23/378/42
f 532/379/40 28/382/42 26/380/42
f 531/381/40 30/384/42 28/382/42
f 530/383/40 31/386/42 30/384/42
f 529/385/40 33/388/42 31/386/42
f 528/387/40 35/390/42 33/388/42
f 527/389/40 37/392/42 35/390/42
f 526/391/40 39/394/42 37/392/42
f 525/393/40 42/396/42 39/394/42
f 525/393/40 524/397/40 43/395/42
f 524/397/40 523/399/40 45/398/42
f 523/399/40 522/402/40 47/400/42
f 521/401/40 49/404/42 47/400/42
f 520/403/40 52/406/42 49/404/42
f 519/405/40 53/408/42 52/406/42
f 518/407/40 55/410/42 53/408/42
f 517/409/40 57/412/42 55/410/42
f 516/411/40 59/414/42 57/412/42
f 515/413/40 61/416/42 59/414/42
f 515/413/40 514/417/40 63/415/42
f 514/417/40 513/419/40 66/418/42
f 513/419/40 512/421/40 68/420/42
f 512/421/40 511/423/40 70/422/42
f 511/423/40 510/426/40 71/424/42
f 509/425/40 73/428/42 71/424/42
f 508/427/40 76/430/42 73/428/42
f 507/429/40 77/432/42 76/430/42
f 506/431/40 79/434/42 77/432/42
f 505/433/40 82/436/42 79/434/42
f 504/435/40 86/438/42 82/436/42
f 503/437/40 89/440/42 86/438/42
f 503/437/40 502/441/40 92/439/42
f 502/441/40 501/443/40 95/442/42
f 501/443/40 500/445/40 97/444/42
f 500/445/40 499/448/40 99/446/42
f 498/447/40 104/450/42 99/446/42
f 497/449/40 106/452/42 104/450/42
f 496/451/40 110/454/42 106/452/42
f 495/453/40 111/456/42 110/454/42
f 494/455/40 114/458/42 111/456/42
f 493/457/40 118/460/42 114/458/42
f 492/459/40 121/462/42 118/460/42
f 492/459/40 491/463/40 124/461/42
f 491/463/40 490/465/40 127/464/42
f 490/465/40 489/468/40 130/466/42
f 488/467/40 133/470/42 130/466/42
f 487/469/40 136/472/42 133/470/42
f 486/471/40 139/474/42 136/472/42
f 485/473/40 142/476/42 139/474/42
f 484/475/40 145/478/42 142/476/42
f 483/477/40 147/480/42 145/478/42
f 482/479/40 151/482/42 147/480/42
f 482/479/40 481/483/40 155/481/42
f 481/483/40 480/486/40 158/484/42
f 538/4321/18 537/4322/361 536/4323/18
f 479/490/40 540/4324/18 539/4325/18
f 535/4326/18 160/4327/42 158/484/42
f 542/4328/18 546/4329/18 541/4330/18
f 541/4330/18 535/4326/18 158/484/42
f 480/486/40 479/490/40 539/4325/18
f 480/486/40 539/4325/18 538/4321/18
f 542/4328/18 541/4330/18 158/484/42
f 544/4331/362 545/4332/362 542/4328/362
f 544/4331/18 542/4328/18 158/484/42
f 480/486/40 538/4321/18 536/4323/18
f 543/485/18 544/4331/18 158/484/42
f 480/486/40 536/4323/18 543/485/18
f 554/4333/18 547/4334/18 162/487/42
f 162/487/42 160/4327/42 535/4326/18
f 162/487/42 535/4326/18 551/488/18
f 552/489/18 554/4333/18 162/487/42
f 553/4335/18 540/4324/18 479/490/40
f 479/490/40 478/496/40 550/4336/18
f 479/490/40 550/4336/18 549/491/18
f 548/492/18 553/4335/18 479/490/40
f 562/4337/18 555/4338/18 163/493/42
f 163/493/42 162/487/42 547/4334/18
f 163/493/42 547/4334/18 559/494/18
f 560/495/18 562/4337/18 163/493/42
f 561/4339/18 550/4336/18 478/496/40
f 478/496/40 477/502/40 556/4340/18
f 478/496/40 556/4340/18 558/497/18
f 557/498/18 561/4339/18 478/496/40
f 570/4341/18 563/4342/18 164/499/42
f 164/499/42 163/493/42 555/4338/18
f 164/499/42 555/4338/18 567/500/18
f 568/501/18 570/4341/18 164/499/42
f 569/4343/18 556/4340/18 477/502/40
f 477/502/40 476/508/40 566/4344/18
f 477/502/40 566/4344/18 565/503/18
f 564/504/18 569/4343/18 477/502/40
f 578/4345/18 571/4346/18 167/505/42
f 167/505/42 164/499/42 563/4342/18
f 167/505/42 563/4342/18 575/506/18
f 576/507/18 578/4345/18 167/505/42
f 577/4347/18 566/4344/18 476/508/40
f 476/508/40 475/514/40 574/4348/18
f 476/508/40 574/4348/18 573/509/18
f 572/510/18 577/4347/18 476/508/40
f 586/4349/18 579/4350/18 168/511/42
f 168/511/42 167/505/42 571/4346/18
f 168/511/42 571/4346/18 583/512/18
f 584/513/18 586/4349/18 168/511/42
f 585/4351/18 574/4348/18 475/514/40
f 475/514/40 474/520/40 582/4352/18
f 475/514/40 582/4352/18 581/515/18
f 580/516/18 585/4351/18 475/514/40
f 587/4353/18 588/4354/18 170/517/42
f 170/517/42 168/511/42 579/4350/18
f 170/517/42 579/4350/18 592/518/18
f 593/519/18 587/4353/18 170/517/42
f 594/4355/18 582/4352/18 474/520/40
f 474/520/40 473/526/40 589/4356/18
f 474/520/40 589/4356/18 590/521/18
f 591/522/18 594/4355/18 474/520/40
f 595/4357/18 596/4358/18 173/523/42
f 173/523/42 170/517/42 588/4354/18
f 173/523/42 588/4354/18 600/524/18
f 601/525/18 595/4357/18 173/523/42
f 602/4359/18 589/4356/18 473/526/40
f 473/526/40 472/529/40 597/4360/18
f 473/526/40 597/4360/18 598/527/18
f 599/528/18 602/4359/18 473/526/40
f 611/4361/18 597/4360/18 472/529/40
f 472/529/40 471/534/40 606/4362/18
f 472/529/40 606/4362/18 607/530/18
f 608/531/18 611/4361/18 472/529/40
f 610/532/18 612/4363/363 603/533/18
f 603/533/18 604/4364/364 605/4365/365
f 605/4365/365 175/4366/42 173/523/42
f 173/523/42 596/4358/18 609/4367/18
f 173/523/42 609/4367/18 610/532/18
f 603/533/18 605/4365/365 173/523/42
f 621/4368/18 606/4362/18 471/534/40
f 471/534/40 470/4369/40 617/535/18
f 617/535/18 615/4370/366 616/536/18
f 616/536/18 621/4368/18 471/534/40
f 613/4371/18 614/4372/18 176/538/42
f 176/538/42 175/4366/42 605/4365/365
f 605/4365/365 619/4373/362 618/539/18
f 620/537/18 613/4371/18 176/538/42
f 176/538/42 605/4365/365 618/539/18
f 624/540/18 617/535/18 470/4369/40
f 470/4369/40 469/543/40 178/541/42
f 178/541/42 176/538/42 614/4372/18
f 178/541/42 614/4372/18 623/542/18
f 624/540/18 470/4369/40 178/541/42
f 469/543/40 468/546/40 180/544/42
f 467/545/40 182/548/42 180/544/42
f 466/547/40 184/550/42 182/548/42
f 465/549/40 186/552/42 184/550/42
f 464/551/40 189/554/42 186/552/42
f 463/553/40 191/556/42 189/554/42
f 462/555/40 193/558/42 191/556/42
f 461/557/40 195/560/42 193/558/42
f 461/557/40 460/561/40 196/559/42
f 460/561/40 459/563/40 198/562/42
f 459/563/40 458/565/40 200/564/42
f 458/565/40 457/568/40 202/566/42
f 456/567/40 204/570/42 202/566/42
f 455/569/40 206/572/42 204/570/42
f 454/571/40 209/574/42 206/572/42
f 453/573/40 211/576/42 209/574/42
f 452/575/40 213/578/42 211/576/42
f 451/577/40 215/580/42 213/578/42
f 450/579/40 217/582/42 215/580/42
f 449/581/40 219/584/42 217/582/42
f 449/581/40 448/585/40 220/583/42
f 448/585/40 447/587/40 222/586/42
f 447/587/40 446/590/40 223/588/42
f 445/589/40 224/592/42 223/588/42
f 444/591/40 225/594/42 224/592/42
f 443/593/40 226/596/42 225/594/42
f 442/595/40 227/598/42 226/596/42
f 441/597/40 228/600/42 227/598/42
f 440/599/40 229/602/44 228/600/42
f 439/601/43 230/604/46 229/602/44
f 438/603/45 231/606/48 230/604/46
f 437/605/47 232/4374/50 231/606/48
f 436/607/49 233/609/51 232/370/50
f 435/368/35 234/367/31 233/609/51
f 434/610/33 534/614/40 11/611/41
f 433/613/33 533/616/40 534/614/40
f 432/615/33 532/618/40 533/616/40
f 431/617/33 531/620/40 532/618/40
f 430/619/33 530/622/40 531/620/40
f 429/621/33 529/624/40 530/622/40
f 428/623/33 528/626/40 529/624/40
f 427/625/33 527/628/40 528/626/40
f 426/627/33 526/630/40 527/628/40
f 425/629/33 525/632/40 526/630/40
f 424/631/33 524/634/40 525/632/40
f 423/633/33 523/636/40 524/634/40
f 422/635/33 522/638/40 523/636/40
f 421/637/33 521/640/40 522/638/40
f 420/639/33 520/642/40 521/640/40
f 419/641/33 519/644/40 520/642/40
f 418/643/33 518/646/40 519/644/40
f 417/645/33 517/648/40 518/646/40
f 416/647/33 516/650/40 517/648/40
f 415/649/33 515/652/40 516/650/40
f 414/651/33 514/654/40 515/652/40
f 413/653/33 513/656/40 514/654/40
f 412/655/33 512/658/40 513/656/40
f 411/657/33 511/660/40 512/658/40
f 410/659/33 510/662/40 511/660/40
f 409/661/33 509/664/40 510/662/40
f 408/663/33 508/666/40 509/664/40
f 407/665/33 507/668/40 508/666/40
f 406/667/33 506/670/40 507/668/40
f 405/669/33 505/672/40 506/670/40
f 404/671/33 504/674/40 505/672/40
f 403/673/33 503/676/40 504/674/40
f 402/675/33 502/678/40 503/676/40
f 401/677/33 501/680/40 502/678/40
f 400/679/33 500/682/40 501/680/40
f 399/681/33 499/684/40 500/682/40
f 398/683/33 498/686/40 499/684/40
f 397/685/33 497/688/40 498/686/40
f 396/687/33 496/690/40 497/688/40
f 395/689/33 495/692/40 496/690/40
f 394/691/33 494/694/40 495/692/40
f 393/693/33 493/696/40 494/694/40
f 392/695/33 492/698/40 493/696/40
f 391/697/33 491/700/40 492/698/40
f 390/699/33 490/702/40 491/700/40
f 389/701/33 489/704/40 490/702/40
f 388/703/33 488/706/40 489/704/40
f 387/705/33 487/708/40 488/706/40
f 386/707/33 486/710/40 487/708/40
f 385/709/33 485/712/40 486/710/40
f 384/711/33 484/714/40 485/712/40
f 383/713/33 483/716/40 484/714/40
f 382/715/33 482/718/40 483/716/40
f 381/717/33 481/720/40 482/718/40
f 380/719/33 480/722/40 481/720/40
f 379/721/33 479/724/40 480/722/40
f 378/723/33 478/726/40 479/724/40
f 377/725/33 477/728/40 478/726/40
f 376/727/33 476/730/40 477/728/40
f 375/729/33 475/732/40 476/730/40
f 374/731/33 474/734/40 475/732/40
f 373/733/33 473/736/40 474/734/40
f 372/735/33 472/738/40 473/736/40
f 371/737/33 471/740/40 472/738/40
f 370/739/33 470/742/40 471/740/40
f 369/741/33 469/744/40 470/742/40
f 368/743/33 468/746/40 469/744/40
f 367/745/33 467/748/40 468/746/40
f 366/747/33 466/750/40 467/748/40
f 365/749/33 465/752/40 466/750/40
f 364/751/33 464/754/40 465/752/40
f 363/753/33 463/756/40 464/754/40
f 362/755/33 462/758/40 463/756/40
f 361/757/33 461/760/40 462/758/40
f 360/759/33 460/762/40 461/760/40
f 359/761/33 459/764/40 460/762/40
f 358/763/33 458/766/40 459/764/40
f 357/765/33 457/768/40 458/766/40
f 356/767/33 456/770/40 457/768/40
f 355/769/33 455/772/40 456/770/40
f 354/771/33 454/774/40 455/772/40
f 353/773/33 453/776/40 454/774/40
f 352/775/33 452/778/40 453/776/40
f 351/777/33 451/780/40 452/778/40
f 350/779/33 450/782/40 451/780/40
f 349/781/33 449/784/40 450/782/40
f 348/783/33 448/786/40 449/784/40
f 347/785/33 447/788/40 448/786/40
f 346/787/33 446/790/40 447/788/40
f 345/789/33 445/792/40 446/790/40
f 344/791/33 444/794/40 445/792/40
f 343/793/33 443/796/40 444/794/40
f 342/795/33 442/798/40 443/796/40
f 341/797/33 441/800/40 442/798/40
f 340/799/33 440/802/40 441/800/40
f 339/801/33 439/804/43 440/802/40
f 339/801/33 338/805/33 438/803/45
f 338/805/33 337/807/33 437/806/47
f 337/807/33 336/809/33 436/808/49
f 336/809/33 335/363/33 435/365/35
f 334/810/30 434/814/33 15/811/36
f 333/813/30 433/816/33 434/814/33
f 332/815/30 432/818/33 433/816/33
f 331/817/30 431/820/33 432/818/33
f 330/819/30 430/822/33 431/820/33
f 329/821/30 429/824/33 430/822/33
f 328/823/30 428/826/33 429/824/33
f 327/825/30 427/828/33 428/826/33
f 326/827/30 426/830/33 427/828/33
f 325/829/30 425/832/33 426/830/33
f 324/831/30 424/834/33 425/832/33
f 323/833/30 423/836/33 424/834/33
f 322/835/30 422/838/33 423/836/33
f 321/837/30 421/840/33 422/838/33
f 320/839/30 420/842/33 421/840/33
f 319/841/30 419/844/33 420/842/33
f 318/843/30 418/846/33 419/844/33
f 317/845/30 417/848/33 418/846/33
f 316/847/30 416/850/33 417/848/33
f 315/849/30 415/852/33 416/850/33
f 314/851/30 414/854/33 415/852/33
f 313/853/30 413/856/33 414/854/33
f 312/855/30 412/858/33 413/856/33
f 311/857/30 411/860/33 412/858/33
f 310/859/30 410/862/33 411/860/33
f 309/861/30 409/864/33 410/862/33
f 308/863/30 408/866/33 409/864/33
f 307/865/30 407/868/33 408/866/33
f 306/867/30 406/870/33 407/868/33
f 305/869/30 405/872/33 406/870/33
f 304/871/30 404/874/33 405/872/33
f 303/873/30 403/876/33 404/874/33
f 302/875/30 402/878/33 403/876/33
f 301/877/30 401/880/33 402/878/33
f 300/879/30 400/882/33 401/880/33
f 299/881/30 399/884/33 400/882/33
f 298/883/30 398/886/33 399/884/33
f 297/885/30 397/888/33 398/886/33
f 296/887/30 396/890/33 397/888/33
f 295/889/30 395/892/33 396/890/33
f 294/891/30 394/894/33 395/892/33
f 293/893/30 393/896/33 394/894/33
f 292/895/30 392/898/33 393/896/33
f 291/897/30 391/900/33 392/898/33
f 290/899/30 390/902/33 391/900/33
f 289/901/30 389/904/33 390/902/33
f 288/903/30 388/906/33 389/904/33
f 287/905/30 387/908/33 388/906/33
f 286/907/30 386/910/33 387/908/33
f 285/909/30 385/912/33 386/910/33
f 284/911/30 384/914/33 385/912/33
f 283/913/30 383/916/33 384/914/33
f 282/915/30 382/918/33 383/916/33
f 281/917/30 381/920/33 382/918/33
f 280/919/30 380/922/33 381/920/33
f 279/921/30 379/924/33 380/922/33
f 278/923/30 378/926/33 379/924/33
f 277/925/30 377/928/33 378/926/33
f 276/927/30 376/930/33 377/928/33
f 275/929/30 375/932/33 376/930/33
f 274/931/30 374/934/33 375/932/33
f 273/933/30 373/936/33 374/934/33
f 272/935/30 372/938/33 373/936/33
f 271/937/30 371/940/33 372/938/33
f 270/939/30 370/942/33 371/940/33
f 269/941/30 369/944/33 370/942/33
f 268/943/30 368/946/33 369/944/33
f 267/945/30 367/948/33 368/946/33
f 266/947/30 366/950/33 367/948/33
f 265/949/30 365/952/33 366/950/33
f 264/951/30 364/954/33 365/952/33
f 263/953/30 363/956/33 364/954/33
f 262/955/30 362/958/33 363/956/33
f 261/957/30 361/960/33 362/958/33
f 260/959/30 360/962/33 361/960/33
f 259/961/30 359/964/33 360/962/33
f 258/963/30 358/966/33 359/964/33
f 257/965/30 357/968/33 358/966/33
f 256/967/30 356/970/33 357/968/33
f 255/969/30 355/972/33 356/970/33
f 254/971/30 354/974/33 355/972/33
f 253/973/30 353/976/33 354/974/33
f 252/975/30 352/978/33 353/976/33
f 251/977/30 351/980/33 352/978/33
f 250/979/30 350/982/33 351/980/33
f 249/981/30 349/984/33 350/982/33
f 248/983/30 348/986/33 349/984/33
f 247/985/30 347/988/33 348/986/33
f 246/987/30 346/990/33 347/988/33
f 245/989/30 345/992/33 346/990/33
f 244/991/30 344/994/33 345/992/33
f 243/993/30 343/996/33 344/994/33
f 242/995/30 342/998/33 343/996/33
f 241/997/30 341/1000/33 342/998/33
f 240/999/30 340/1002/33 341/1000/33
f 239/1001/30 339/1004/33 340/1002/33
f 238/1003/30 338/1006/33 339/1004/33
f 237/1005/30 337/1008/33 338/1006/33
f 236/1007/30 336/1009/33 337/1008/33
f 235/362/30 335/361/33 336/1009/33
f 23/1010/42 334/1014/30 5/1011/38
f 26/1013/42 333/1016/30 334/1014/30
f 28/1015/42 332/1018/30 333/1016/30
f 30/1017/42 331/1020/30 332/1018/30
f 31/1019/42 330/1022/30 331/1020/30
f 33/1021/42 329/1024/30 330/1022/30
f 35/1023/42 328/1026/30 329/1024/30
f 37/1025/42 327/1028/30 328/1026/30
f 39/1027/42 326/1030/30 327/1028/30
f 42/1029/42 325/1032/30 326/1030/30
f 43/1031/42 324/1034/30 325/1032/30
f 45/1033/42 323/1036/30 324/1034/30
f 47/1035/42 322/1038/30 323/1036/30
f 49/1037/42 321/1040/30 322/1038/30
f 52/1039/42 320/1042/30 321/1040/30
f 53/1041/42 319/1044/30 320/1042/30
f 55/1043/42 318/1046/30 319/1044/30
f 57/1045/42 317/1048/30 318/1046/30
f 59/1047/42 316/1050/30 317/1048/30
f 61/1049/42 315/1052/30 316/1050/30
f 63/1051/42 314/1054/30 315/1052/30
f 66/1053/42 313/1056/30 314/1054/30
f 68/1055/42 312/1058/30 313/1056/30
f 70/1057/42 311/1060/30 312/1058/30
f 71/1059/42 310/1062/30 311/1060/30
f 73/1061/42 309/1064/30 310/1062/30
f 76/1063/42 308/1066/30 309/1064/30
f 77/1065/42 307/1068/30 308/1066/30
f 79/1067/42 306/1070/30 307/1068/30
f 82/1069/42 305/1072/30 306/1070/30
f 86/1071/42 304/1074/30 305/1072/30
f 89/1073/42 303/1076/30 304/1074/30
f 92/1075/42 302/1078/30 303/1076/30
f 95/1077/42 301/1080/30 302/1078/30
f 97/1079/42 300/1082/30 301/1080/30
f 99/1081/42 299/1084/30 300/1082/30
f 104/1083/42 298/1086/30 299/1084/30
f 106/1085/42 297/1088/30 298/1086/30
f 110/1087/42 296/1090/30 297/1088/30
f 111/1089/42 295/1092/30 296/1090/30
f 114/1091/42 294/1094/30 295/1092/30
f 118/1093/42 293/1096/30 294/1094/30
f 121/1095/42 292/1098/30 293/1096/30
f 124/1097/42 291/1100/30 292/1098/30
f 127/1099/42 290/1102/30 291/1100/30
f 130/1101/42 289/1104/30 290/1102/30
f 133/1103/42 288/1106/30 289/1104/30
f 136/1105/42 287/1108/30 288/1106/30
f 139/1107/42 286/1110/30 287/1108/30
f 142/1109/42 285/1112/30 286/1110/30
f 145/1111/42 284/1114/30 285/1112/30
f 147/1113/42 283/1116/30 284/1114/30
f 151/1115/42 282/1118/30 283/1116/30
f 155/1117/42 281/1120/30 282/1118/30
f 158/1119/42 280/1122/30 281/1120/30
f 158/1119/42 160/1124/42 279/1121/30
f 162/1123/42 278/1126/30 279/1121/30
f 163/1125/42 277/1128/30 278/1126/30
f 164/1127/42 276/1130/30 277/1128/30
f 167/1129/42 275/1132/30 276/1130/30
f 168/1131/42 274/1134/30 275/1132/30
f 170/1133/42 273/1136/30 274/1134/30
f 173/1135/42 272/1138/30 273/1136/30
f 175/1137/42 271/1140/30 272/1138/30
f 176/1139/42 270/1142/30 271/1140/30
f 176/1139/42 178/1144/42 269/1141/30
f 180/1143/42 268/1146/30 269/1141/30
f 182/1145/42 267/1148/30 268/1146/30
f 184/1147/42 266/1150/30 267/1148/30
f 186/1149/42 265/1152/30 266/1150/30
f 189/1151/42 264/1154/30 265/1152/30
f 191/1153/42 263/1156/30 264/1154/30
f 193/1155/42 262/1158/30 263/1156/30
f 195/1157/42 261/1160/30 262/1158/30
f 196/1159/42 260/1162/30 261/1160/30
f 198/1161/42 259/1164/30 260/1162/30
f 198/1161/42 200/1166/42 258/1163/30
f 202/1165/42 257/1168/30 258/1163/30
f 204/1167/42 256/1170/30 257/1168/30
f 206/1169/42 255/1172/30 256/1170/30
f 209/1171/42 254/1174/30 255/1172/30
f 211/1173/42 253/1176/30 254/1174/30
f 213/1175/42 252/1178/30 253/1176/30
f 215/1177/42 251/1180/30 252/1178/30
f 217/1179/42 250/1182/30 251/1180/30
f 219/1181/42 249/1184/30 250/1182/30
f 220/1183/42 248/1186/30 249/1184/30
f 220/1183/42 222/1188/42 247/1185/30
f 223/1187/42 246/1190/30 247/1185/30
f 224/1189/42 245/1192/30 246/1190/30
f 225/1191/42 244/1194/30 245/1192/30
f 226/1193/42 243/1196/30 244/1194/30
f 227/1195/42 242/1198/30 243/1196/30
f 228/1197/42 241/1200/30 242/1198/30
f 229/1199/44 240/1202/30 241/1200/30
f 230/1201/46 239/1204/30 240/1202/30
f 231/1203/48 238/1206/30 239/1204/30
f 232/1205/50 237/1208/30 238/1206/30
f 233/1207/51 236/1209/30 237/1208/30
f 234/359/31 235/358/30 236/1209/30
f 626/1212/53 623/4375/53 614/1210/52
f 614/1210/52 613/4376/52 625/1211/52
f 21/1213/18 628/4377/18 627/1214/54
f 617/1216/55 624/4378/367 21/1217/56
f 21/1217/56 165/1284/72 615/1218/57
f 543/1219/58 17/4379/368 7/1220/59
f 628/4380/369 21/4381/369 624/1222/61
f 624/1222/61 623/4375/62 626/1212/62
f 629/1223/63 628/4380/369 624/1222/61
f 536/1226/66 537/1228/370 221/1224/64
f 221/1224/64 17/4382/371 543/1225/65
f 538/1229/69 539/1231/70 218/1227/67
f 218/1227/67 221/1224/370 537/1228/68
f 540/1232/70 553/4383/70 216/1230/70
f 216/1230/70 218/1227/70 539/1231/70
f 216/1230/70 553/4383/70 548/1233/70
f 214/1234/70 548/1233/70 549/1235/70
f 550/1238/70 561/4384/70 210/1237/70
f 210/1237/70 212/1236/70 549/1235/70
f 210/1237/70 561/4384/70 557/1239/70
f 208/1240/70 557/1239/70 558/1241/70
f 556/1244/70 569/4385/70 205/1243/70
f 205/1243/70 207/1242/70 558/1241/70
f 205/1243/70 569/4385/70 564/1245/70
f 203/1246/70 564/1245/70 565/1247/70
f 566/1250/70 577/4386/70 199/1249/70
f 199/1249/70 201/1248/70 565/1247/70
f 199/1249/70 577/4386/70 572/1251/70
f 197/1252/70 572/1251/70 573/1253/70
f 574/1256/70 585/4387/70 192/1255/70
f 192/1255/70 194/1254/70 573/1253/70
f 192/1255/70 585/4387/70 580/1257/70
f 190/1258/70 580/1257/70 581/1259/70
f 582/1262/70 594/4388/70 187/1261/70
f 187/1261/70 188/1260/70 581/1259/70
f 187/1261/70 594/4388/70 591/1263/70
f 185/1264/70 591/1263/70 590/1265/70
f 589/1268/70 602/4389/70 181/1267/70
f 181/1267/70 183/1266/70 590/1265/70
f 181/1267/70 602/4389/70 599/1269/70
f 179/1270/70 599/1269/70 598/1271/70
f 597/1274/70 611/4390/70 174/1273/70
f 174/1273/70 177/1272/70 598/1271/70
f 174/1273/70 611/4390/70 608/1275/70
f 172/1276/70 608/1275/70 607/1277/70
f 606/1280/70 621/1282/70 169/1279/70
f 169/1279/70 171/1278/70 607/1277/70
f 166/1281/71 169/1279/71 621/1282/71
f 165/1284/72 166/1281/72 616/1283/72
f 633/4391/372 634/4392/373 630/4393/362
f 631/1285/18 632/4394/18 7/2611/18
f 221/1287/18 633/4391/372 630/4393/362
f 631/1285/18 7/2611/18 17/1286/18
f 221/1287/18 630/4393/362 631/1285/18
f 635/1288/18 633/4391/372 221/1287/18
f 221/1287/18 218/1290/18 636/1289/18
f 218/1290/18 216/1292/18 637/1291/18
f 216/1292/18 214/1294/18 638/1293/18
f 214/1294/18 212/1296/18 639/1295/18
f 212/1296/18 210/1298/18 640/1297/18
f 210/1298/18 208/1300/18 641/1299/18
f 208/1300/18 207/1302/18 642/1301/18
f 207/1302/18 205/1304/18 643/1303/18
f 205/1304/18 203/1306/18 644/1305/18
f 203/1306/18 201/1308/18 645/1307/18
f 201/1308/18 199/1310/18 646/1309/18
f 199/1310/18 197/1312/18 647/1311/18
f 197/1312/18 194/1314/18 648/1313/18
f 194/1314/18 192/1316/18 649/1315/18
f 192/1316/18 190/1318/18 650/1317/18
f 190/1318/18 188/1320/18 651/1319/18
f 188/1320/18 187/1322/18 652/1321/18
f 187/1322/18 185/1324/18 653/1323/18
f 185/1324/18 183/1326/18 654/1325/18
f 183/1326/18 181/1328/18 655/1327/18
f 181/1328/18 179/1330/18 656/1329/18
f 179/1330/18 177/1332/18 657/1331/18
f 177/1332/18 174/1334/18 658/1333/18
f 174/1334/18 172/1336/18 659/1335/18
f 661/1338/18 659/1335/18 172/1336/18
f 172/1336/18 171/4395/18 660/1337/18
f 660/1337/18 171/4395/18 169/1339/18
f 169/1339/18 663/4396/18 662/1340/18
f 166/1341/18 664/1343/18 665/1342/18
f 665/1342/18 663/4396/18 169/1339/18
f 166/1341/18 165/1215/18 627/1214/54
f 627/1214/54 666/4397/374 664/1343/18
f 668/1346/75 669/4398/375 542/1348/376
f 544/1344/73 7/4399/377 632/4400/378
f 544/1344/73 632/4400/378 670/4401/379
f 668/1346/75 542/1348/376 544/1344/73
f 544/1344/73 670/4401/379 667/1345/74
f 671/1349/78 672/1352/380 541/1347/76
f 542/1348/77 669/4398/381 671/1349/78
f 535/4402/80 541/1347/80 672/1352/80
f 551/1351/80 535/4402/80 672/1352/80
f 672/1352/80 673/1350/18 674/1350/79
f 552/1353/80 551/1351/80 674/1350/79
f 675/1354/40 676/1354/40 552/1353/80
f 554/1355/80 552/1353/80 676/1354/40
f 677/1356/40 678/1356/40 554/1355/80
f 678/1356/40 679/1360/80 559/1357/80
f 547/1358/80 554/1355/80 678/1356/40
f 560/1359/80 559/1357/80 679/1360/80
f 680/1361/40 681/1361/40 560/1359/80
f 562/1362/80 560/1359/80 681/1361/40
f 682/1363/40 683/1363/40 562/1362/80
f 555/4403/80 562/1362/80 683/1363/40
f 567/1364/80 555/4403/80 683/1363/40
f 683/1363/40 684/1365/18 685/1365/79
f 568/1366/80 567/1364/80 685/1365/79
f 686/1367/40 687/1367/40 568/1366/80
f 570/1368/80 568/1366/80 687/1367/40
f 688/1369/40 689/1369/40 570/1368/80
f 563/4404/80 570/1368/80 689/1369/40
f 575/1370/80 563/4404/80 689/1369/40
f 689/1369/40 690/1371/18 691/1371/79
f 576/1372/80 575/1370/80 691/1371/79
f 692/1373/40 693/1373/40 576/1372/80
f 578/1374/80 576/1372/80 693/1373/40
f 694/1375/40 695/1375/40 578/1374/80
f 696/1377/80 583/1378/80 571/1376/80
f 571/1376/80 578/1374/80 695/1375/40
f 583/1378/80 696/1377/80 697/1379/80
f 586/1381/80 584/1380/80 697/1379/80
f 698/1382/40 699/1382/40 586/1381/80
f 700/1384/80 592/1385/80 579/1383/80
f 579/1383/80 586/1381/80 699/1382/40
f 592/1385/80 700/1384/80 701/1386/80
f 587/1388/80 593/1387/80 701/1386/80
f 702/1389/40 703/1389/40 587/1388/80
f 703/1389/40 704/1393/80 600/1390/80
f 588/1391/80 587/1388/80 703/1389/40
f 601/1392/80 600/1390/80 704/1393/80
f 705/1394/40 706/1394/40 601/1392/80
f 601/1392/80 706/1394/40 707/1395/80
f 707/1395/80 708/1400/80 609/1397/80
f 596/1398/80 595/1396/80 707/1395/80
f 610/1399/80 609/1397/80 708/1400/80
f 709/1401/40 710/1401/107 610/1399/80
f 712/1406/382 603/4405/383 612/1402/81
f 612/1402/81 610/1399/384 710/1401/384
f 612/1402/81 710/1401/384 711/4406/385
f 713/1404/83 712/1406/382 612/1402/81
f 612/1402/81 711/4406/385 714/1403/82
f 717/4407/386 716/4408/387 619/1409/388
f 717/4407/386 619/1409/388 605/4409/389
f 712/1406/390 715/4410/18 718/1407/18
f 718/1407/86 717/4407/386 605/4409/389
f 604/1405/84 603/4405/391 712/1406/85
f 718/1407/86 605/4409/389 604/1405/84
f 719/4411/392 720/4412/393 620/1408/87
f 620/1408/87 618/4413/372 619/1409/88
f 619/1409/88 716/4408/394 721/1410/89
f 721/1410/89 719/4411/392 620/1408/87
f 613/1417/92 620/1416/395 722/1415/93
f 8/1419/95 4/1435/95 72/1420/95
f 119/1422/18 13/4414/18 8/1423/18
f 629/4415/396 10/4416/396 13/1425/56
f 13/1425/56 119/4417/72 666/1559/117
f 13/1425/56 666/1559/117 627/1426/96
f 628/1427/97 629/4415/396 13/1425/56
f 723/1430/98 72/4418/4 4/1428/4
f 4/1428/4 10/4419/4 629/4420/4
f 626/1429/4 625/4421/397 723/1430/98
f 4/1428/4 629/4420/4 626/1429/4
f 632/1433/101 631/4422/398 12/4423/399
f 6/1431/99 1/4424/100 670/1432/100
f 632/1433/101 12/4423/399 6/1431/99
f 8/1419/62 13/4425/62 10/1434/62
f 668/1438/104 667/4426/400 670/1436/102
f 670/1436/102 1/4427/4 16/1437/103
f 672/1440/106 671/4428/401 669/1439/105
f 669/1439/105 668/1438/104 16/1437/103
f 16/1437/103 18/1442/4 672/1440/106
f 20/1441/4 673/1444/107 672/1440/106
f 20/1441/4 22/1445/4 675/1443/4
f 674/1444/107 673/1444/107 20/1441/4
f 22/1445/4 24/1447/4 677/1446/4
f 676/1443/107 675/1443/4 22/1445/4
f 24/1447/4 25/1449/4 679/1448/4
f 678/1446/107 677/1446/4 24/1447/4
f 25/1449/4 27/1451/4 680/1450/4
f 27/1451/4 29/1453/4 682/1452/4
f 681/1450/107 680/1450/4 27/1451/4
f 29/1453/4 32/1455/4 684/1454/4
f 683/1452/107 682/1452/4 29/1453/4
f 32/1455/4 34/1457/4 686/1456/4
f 685/1454/107 684/1454/4 32/1455/4
f 34/1457/4 36/1459/4 688/1458/4
f 687/1456/107 686/1456/4 34/1457/4
f 36/1459/4 38/1461/4 690/1460/4
f 689/1458/107 688/1458/4 36/1459/4
f 38/1461/4 40/1463/4 692/1462/4
f 691/1460/107 690/1460/4 38/1461/4
f 40/1463/4 41/1465/4 694/1464/4
f 693/1462/107 692/1462/4 40/1463/4
f 41/1465/4 44/1467/4 696/1466/4
f 695/1464/107 694/1464/4 41/1465/4
f 44/1467/4 46/1469/4 697/1468/4
f 46/1469/4 48/1471/4 698/1470/4
f 48/1471/4 50/1473/4 700/1472/4
f 699/1470/107 698/1470/4 48/1471/4
f 50/1473/4 51/1475/4 701/1474/4
f 51/1475/4 54/1477/4 702/1476/4
f 54/1477/4 56/1479/4 704/1478/4
f 703/1476/107 702/1476/4 54/1477/4
f 56/1479/4 58/1481/4 705/1480/4
f 58/1481/4 60/1484/4 707/1482/4
f 706/1480/107 705/1480/4 58/1481/4
f 62/1483/4 708/1486/4 707/1482/4
f 62/1483/4 64/1487/4 709/1485/4
f 64/1487/4 65/1490/4 714/4429/4
f 64/1487/4 714/4429/4 711/1488/4
f 710/1485/4 709/1485/4 64/1487/4
f 713/4430/4 714/4429/4 65/1490/4
f 65/1490/4 67/1493/4 718/1491/4
f 712/1489/4 713/4430/4 65/1490/4
f 717/1492/108 718/1491/4 67/1493/4
f 67/1493/4 69/1496/4 721/1494/4
f 721/1494/4 716/4431/402 717/1492/108
f 720/1495/108 719/4432/4 721/1494/4
f 69/1496/4 72/4418/4 723/1430/4
f 723/1430/4 722/4433/403 720/1495/108
f 720/1495/108 721/1494/4 69/1496/4
f 634/1499/111 161/1500/111 12/1497/109
f 12/1497/109 631/4434/404 630/1498/110
f 636/4435/70 159/1503/70 161/1500/112
f 161/1500/112 634/1499/405 633/1501/113
f 635/1502/114 636/4435/70 161/1500/112
f 159/1503/70 636/4435/70 637/1504/70
f 157/1505/70 637/1504/70 638/1506/70
f 156/1507/70 638/1506/70 639/1508/70
f 154/1509/70 639/1508/70 640/1510/70
f 153/1511/70 640/1510/70 641/1512/70
f 152/1513/70 641/1512/70 642/1514/70
f 150/1515/70 642/1514/70 643/1516/70
f 149/1517/70 643/1516/70 644/1518/70
f 148/1519/70 644/1518/70 645/1520/70
f 146/1521/70 645/1520/70 646/1522/70
f 144/1523/70 646/1522/70 647/1524/70
f 143/1525/70 647/1524/70 648/1526/70
f 141/1527/70 648/1526/70 649/1528/70
f 140/1529/70 649/1528/70 650/1530/70
f 138/1531/70 650/1530/70 651/1532/70
f 137/1533/70 651/1532/70 652/1534/70
f 135/1535/70 652/1534/70 653/1536/70
f 134/1537/70 653/1536/70 654/1538/70
f 132/1539/70 654/1538/70 655/1540/70
f 131/1541/70 655/1540/70 656/1542/70
f 129/1543/70 656/1542/70 657/1544/70
f 128/1545/70 657/1544/70 658/1546/70
f 126/1547/70 658/1546/70 659/1548/70
f 125/1549/70 659/1548/70 661/1550/70
f 662/1553/70 122/1554/70 123/1551/70
f 123/1551/70 661/1550/70 660/1552/70
f 665/1556/71 120/1557/71 122/1554/71
f 122/1554/71 662/1553/406 663/1555/115
f 666/1559/117 119/4417/72 120/1557/72
f 120/1557/72 665/1556/407 664/1558/116
f 12/1560/18 161/1563/18 117/1561/18
f 161/1563/18 159/1565/18 116/1564/18
f 159/1565/18 157/1567/18 115/1566/18
f 157/1567/18 156/1569/18 113/1568/18
f 156/1569/18 154/1571/18 112/1570/18
f 154/1571/18 153/1573/18 109/1572/18
f 153/1573/18 152/1575/18 108/1574/18
f 152/1575/18 150/1577/18 107/1576/18
f 150/1577/18 149/1579/18 105/1578/18
f 149/1579/18 148/1581/18 103/1580/18
f 148/1581/18 146/1583/18 102/1582/18
f 146/1583/18 144/1585/18 101/1584/18
f 144/1585/18 143/1587/18 100/1586/18
f 143/1587/18 141/1589/18 98/1588/18
f 141/1589/18 140/1591/18 96/1590/18
f 140/1591/18 138/1593/18 94/1592/18
f 138/1593/18 137/1595/18 93/1594/18
f 137/1595/18 135/1597/18 91/1596/18
f 135/1597/18 134/1599/18 90/1598/18
f 134/1599/18 132/1601/18 88/1600/18
f 132/1601/18 131/1603/18 87/1602/18
f 131/1603/18 129/1605/18 85/1604/18
f 129/1605/18 128/1607/18 84/1606/18
f 128/1607/18 126/1609/18 83/1608/18
f 126/1609/18 125/1611/18 81/1610/18
f 125/1611/18 123/1613/18 80/1612/18
f 123/1613/18 122/4436/18 78/1614/18
f 78/1614/18 122/4436/18 120/1615/18
f 120/1615/18 119/1422/18 74/1424/18
f 6/1617/118 117/1620/408 16/1618/119
f 117/1620/121 116/1622/80 18/1621/122
f 116/1622/80 115/1624/80 20/1623/80
f 115/1624/80 113/1626/80 22/1625/80
f 113/1626/80 112/1628/80 24/1627/80
f 112/1628/80 109/4437/80 25/1629/80
f 25/1629/80 109/4437/80 108/1630/80
f 27/1631/80 108/1630/80 107/1632/80
f 107/1632/80 105/1635/80 32/1634/80
f 105/1635/80 103/1637/80 34/1636/80
f 103/1637/80 102/1639/80 36/1638/80
f 102/1639/80 101/1641/80 38/1640/80
f 101/1641/80 100/1643/80 40/1642/80
f 100/1643/80 98/1645/80 41/1644/80
f 98/1645/80 96/1647/80 44/1646/80
f 96/1647/80 94/1649/80 46/1648/80
f 94/1649/80 93/1651/80 48/1650/80
f 93/1651/80 91/1653/80 50/1652/80
f 91/1653/80 90/1655/80 51/1654/80
f 90/1655/80 88/1657/80 54/1656/80
f 88/1657/80 87/1659/80 56/1658/80
f 87/1659/80 85/1661/80 58/1660/80
f 85/1661/80 84/1663/80 60/1662/80
f 84/1663/80 83/1665/80 62/1664/80
f 83/1665/80 81/1667/80 64/1666/80
f 81/1667/124 80/1669/409 65/1668/125
f 80/1669/126 78/1671/410 67/1670/127
f 78/1671/129 75/4438/411 69/1672/130
f 75/1673/132 74/1421/95 72/1420/133
usemtl Material.03
f 725/1675/29 894/1676/30 893/1677/31
f 728/1678/32 994/1679/33 894/1680/30
f 994/1681/33 731/1682/34 1094/1683/35
f 731/1684/34 893/1685/31 1094/1686/35
f 732/1687/36 724/1688/37 726/1689/38
f 728/1690/32 731/1684/34 734/1691/39
f 1193/1692/40 724/1693/37 730/1694/41
f 1192/1695/40 736/1696/42 1193/1692/40
f 1191/1697/40 737/1698/42 1192/1695/40
f 1190/1699/40 738/1700/42 1191/1697/40
f 1189/1701/40 739/1702/42 1190/1699/40
f 1188/1703/40 740/1704/42 1189/1701/40
f 1187/1705/40 741/1706/42 1188/1703/40
f 1187/1705/40 743/1707/42 742/1708/42
f 1186/1709/40 744/1710/42 743/1707/42
f 1184/1711/40 744/1710/42 1185/1712/40
f 1184/1711/40 746/1713/42 745/1714/42
f 1183/1715/40 747/1716/42 746/1713/42
f 1181/1717/40 747/1716/42 1182/1718/40
f 1181/1717/40 749/1719/42 748/1720/42
f 1180/1721/40 750/1722/42 749/1719/42
f 1178/1723/40 750/1722/42 1179/1724/40
f 1178/1723/40 752/1725/42 751/1726/42
f 1177/1727/40 753/1728/42 752/1725/42
f 1175/1729/40 753/1728/42 1176/1730/40
f 1175/1729/40 755/1731/42 754/1732/42
f 1174/1733/40 756/1734/42 755/1731/42
f 1172/1735/40 756/1734/42 1173/1736/40
f 1172/1735/40 758/1737/42 757/1738/42
f 1171/1739/40 759/1740/42 758/1737/42
f 1169/1741/40 759/1740/42 1170/1742/40
f 1169/1741/40 761/1743/42 760/1744/42
f 1168/1745/40 762/1746/42 761/1743/42
f 1166/1747/40 762/1746/42 1167/1748/40
f 1166/1747/40 764/1749/42 763/1750/42
f 1165/1751/40 766/1752/42 764/1749/42
f 1163/1753/40 766/1752/42 1164/1754/40
f 1163/1753/40 770/1755/42 768/1756/42
f 1162/1757/40 772/1758/42 770/1755/42
f 1160/1759/40 772/1758/42 1161/1760/40
f 1159/1761/40 774/1762/42 1160/1759/40
f 1158/1763/40 775/1764/42 1159/1761/40
f 1157/1765/40 777/1766/42 1158/1763/40
f 1156/1767/40 780/1768/42 1157/1765/40
f 1155/1769/40 782/1770/42 1156/1767/40
f 1155/1769/40 785/1771/42 784/1772/42
f 1154/1773/40 787/1774/42 785/1771/42
f 1152/1775/40 787/1774/42 1153/1776/40
f 1152/1775/40 792/1777/42 790/1778/42
f 1151/1779/40 794/1780/42 792/1777/42
f 1149/1781/40 794/1780/42 1150/1782/40
f 1149/1781/40 797/1783/42 796/1784/42
f 1148/1785/40 799/1786/42 797/1783/42
f 1146/1787/40 799/1786/42 1147/1788/40
f 1146/1787/40 804/1789/42 802/1790/42
f 1145/1791/40 806/1792/42 804/1789/42
f 1143/1793/40 806/1792/42 1144/1794/40
f 1143/1793/40 810/1795/42 808/1796/42
f 1142/1797/40 812/1798/42 810/1795/42
f 1140/1799/40 812/1798/42 1141/1800/40
f 1139/1801/40 814/1802/42 1140/1799/40
f 815/1803/42 1139/1801/40 1205/1804/18
f 819/1805/42 1211/1806/18 1212/1807/18
f 1137/1808/40 1210/1809/18 1213/1810/18
f 821/1811/42 1219/1812/18 1220/1813/18
f 1136/1814/40 1218/1815/18 1221/1816/18
f 823/1817/42 1227/1818/18 1228/1819/18
f 1135/1820/40 1226/1821/18 1229/1822/18
f 826/1823/42 1235/1824/18 1236/1825/18
f 1134/1826/40 1234/1827/18 1237/1828/18
f 828/1829/42 1243/1830/18 1244/1831/18
f 1133/1832/40 1242/1833/18 1245/1834/18
f 830/1835/42 1252/1836/18 1253/1837/18
f 1132/1838/40 1251/1839/18 1247/1840/18
f 830/1835/42 1258/1841/18 1259/1842/18
f 1132/1838/40 1257/1843/18 1256/1844/18
f 1266/1845/18 831/1846/42 1265/1847/18
f 1131/1848/40 1262/1849/18 1261/1850/18
f 1129/1851/40 1270/1852/18 1279/1853/18
f 834/1854/42 1273/1855/18 1275/1856/18
f 1128/1857/40 1282/1858/18 1280/1859/18
f 1128/1857/40 840/1860/42 837/1861/42
f 1126/1862/40 840/1860/42 1127/1863/40
f 1126/1862/40 843/1864/42 841/1865/42
f 1125/1866/40 845/1867/42 843/1864/42
f 1123/1868/40 845/1867/42 1124/1869/40
f 1123/1868/40 850/1870/42 848/1871/42
f 1122/1872/40 852/1873/42 850/1870/42
f 1120/1874/40 852/1873/42 1121/1875/40
f 1120/1874/40 855/1876/42 854/1877/42
f 1119/1878/40 857/1879/42 855/1876/42
f 1117/1880/40 857/1879/42 1118/1881/40
f 1117/1880/40 861/1882/42 859/1883/42
f 1116/1884/40 863/1885/42 861/1882/42
f 1114/1886/40 863/1885/42 1115/1887/40
f 1114/1886/40 868/1888/42 865/1889/42
f 1113/1890/40 870/1891/42 868/1888/42
f 1111/1892/40 870/1891/42 1112/1893/40
f 1110/1894/40 872/1895/42 1111/1892/40
f 1109/1896/40 874/1897/42 1110/1894/40
f 1108/1898/40 876/1899/42 1109/1896/40
f 1107/1900/40 878/1901/42 1108/1898/40
f 1106/1902/40 879/1903/42 1107/1900/40
f 1105/1904/40 881/1905/42 1106/1902/40
f 1104/1906/40 882/1907/42 1105/1904/40
f 1103/1908/40 883/1909/42 1104/1906/40
f 1103/1908/40 885/1910/42 884/1911/42
f 1102/1912/40 886/1913/42 885/1910/42
f 1100/1914/40 886/1913/42 1101/1915/40
f 1100/1914/40 888/1916/135 887/1917/42
f 1098/1918/136 888/1916/135 1099/1919/40
f 1097/1920/137 889/1921/138 1098/1918/136
f 1096/1922/47 890/1923/139 1097/1920/137
f 1095/1924/140 891/1687/141 1096/1925/47
f 1094/1686/35 892/1926/142 1095/1924/140
f 1093/1927/33 730/1928/41 732/1929/36
f 1092/1930/33 1193/1931/40 1093/1927/33
f 1091/1932/33 1192/1933/40 1092/1930/33
f 1090/1934/33 1191/1935/40 1091/1932/33
f 1089/1936/33 1190/1937/40 1090/1934/33
f 1088/1938/33 1189/1939/40 1089/1936/33
f 1087/1940/33 1188/1941/40 1088/1938/33
f 1086/1942/33 1187/1943/40 1087/1940/33
f 1085/1944/33 1186/1945/40 1086/1942/33
f 1084/1946/33 1185/1947/40 1085/1944/33
f 1083/1948/33 1184/1949/40 1084/1946/33
f 1082/1950/33 1183/1951/40 1083/1948/33
f 1081/1952/33 1182/1953/40 1082/1950/33
f 1080/1954/33 1181/1955/40 1081/1952/33
f 1079/1956/33 1180/1957/40 1080/1954/33
f 1078/1958/33 1179/1959/40 1079/1956/33
f 1077/1960/33 1178/1961/40 1078/1958/33
f 1076/1962/33 1177/1963/40 1077/1960/33
f 1075/1964/33 1176/1965/40 1076/1962/33
f 1074/1966/33 1175/1967/40 1075/1964/33
f 1073/1968/33 1174/1969/40 1074/1966/33
f 1072/1970/33 1173/1971/40 1073/1968/33
f 1071/1972/33 1172/1973/40 1072/1970/33
f 1070/1974/33 1171/1975/40 1071/1972/33
f 1069/1976/33 1170/1977/40 1070/1974/33
f 1068/1978/33 1169/1979/40 1069/1976/33
f 1067/1980/33 1168/1981/40 1068/1978/33
f 1066/1982/33 1167/1983/40 1067/1980/33
f 1065/1984/33 1166/1985/40 1066/1982/33
f 1064/1986/33 1165/1987/40 1065/1984/33
f 1063/1988/33 1164/1989/40 1064/1986/33
f 1062/1990/33 1163/1991/40 1063/1988/33
f 1061/1992/33 1162/1993/40 1062/1990/33
f 1060/1994/33 1161/1995/40 1061/1992/33
f 1059/1996/33 1160/1997/40 1060/1994/33
f 1058/1998/33 1159/1999/40 1059/1996/33
f 1057/2000/33 1158/2001/40 1058/1998/33
f 1056/2002/33 1157/2003/40 1057/2000/33
f 1055/2004/33 1156/2005/40 1056/2002/33
f 1054/2006/33 1155/2007/40 1055/2004/33
f 1053/2008/33 1154/2009/40 1054/2006/33
f 1052/2010/33 1153/2011/40 1053/2008/33
f 1051/2012/33 1152/2013/40 1052/2010/33
f 1050/2014/33 1151/2015/40 1051/2012/33
f 1049/2016/33 1150/2017/40 1050/2014/33
f 1048/2018/33 1149/2019/40 1049/2016/33
f 1047/2020/33 1148/2021/40 1048/2018/33
f 1046/2022/33 1147/2023/40 1047/2020/33
f 1045/2024/33 1146/2025/40 1046/2022/33
f 1044/2026/33 1145/2027/40 1045/2024/33
f 1043/2028/33 1144/2029/40 1044/2026/33
f 1042/2030/33 1143/2031/40 1043/2028/33
f 1041/2032/33 1142/2033/40 1042/2030/33
f 1040/2034/33 1141/2035/40 1041/2032/33
f 1039/2036/33 1140/2037/40 1040/2034/33
f 1038/2038/33 1139/2039/40 1039/2036/33
f 1037/2040/33 1138/2041/40 1038/2038/33
f 1036/2042/33 1137/2043/40 1037/2040/33
f 1035/2044/33 1136/2045/40 1036/2042/33
f 1034/2046/33 1135/2047/40 1035/2044/33
f 1033/2048/33 1134/2049/40 1034/2046/33
f 1032/2050/33 1133/2051/40 1033/2048/33
f 1031/2052/33 1132/2053/40 1032/2050/33
f 1030/2054/33 1131/2055/40 1031/2052/33
f 1029/2056/33 1130/2057/40 1030/2054/33
f 1028/2058/33 1129/2059/40 1029/2056/33
f 1027/2060/33 1128/2061/40 1028/2058/33
f 1026/2062/33 1127/2063/40 1027/2060/33
f 1025/2064/33 1126/2065/40 1026/2062/33
f 1024/2066/33 1125/2067/40 1025/2064/33
f 1023/2068/33 1124/2069/40 1024/2066/33
f 1022/2070/33 1123/2071/40 1023/2068/33
f 1021/2072/33 1122/2073/40 1022/2070/33
f 1020/2074/33 1121/2075/40 1021/2072/33
f 1019/2076/33 1120/2077/40 1020/2074/33
f 1018/2078/33 1119/2079/40 1019/2076/33
f 1017/2080/33 1118/2081/40 1018/2078/33
f 1016/2082/33 1117/2083/40 1017/2080/33
f 1015/2084/33 1116/2085/40 1016/2082/33
f 1014/2086/33 1115/2087/40 1015/2084/33
f 1013/2088/33 1114/2089/40 1014/2086/33
f 1012/2090/33 1113/2091/40 1013/2088/33
f 1011/2092/33 1112/2093/40 1012/2090/33
f 1010/2094/33 1111/2095/40 1011/2092/33
f 1009/2096/33 1110/2097/40 1010/2094/33
f 1008/2098/33 1109/2099/40 1009/2096/33
f 1007/2100/33 1108/2101/40 1008/2098/33
f 1006/2102/33 1107/2103/40 1007/2100/33
f 1005/2104/33 1106/2105/40 1006/2102/33
f 1004/2106/33 1105/2107/40 1005/2104/33
f 1003/2108/33 1104/2109/40 1004/2106/33
f 1002/2110/33 1103/2111/40 1003/2108/33
f 1001/2112/33 1102/2113/40 1002/2110/33
f 1000/2114/33 1101/2115/40 1001/2112/33
f 999/2116/33 1100/2117/40 1000/2114/33
f 998/2118/33 1099/2119/40 999/2116/33
f 998/2118/33 1097/2120/137 1098/2121/136
f 997/2122/33 1096/2123/47 1097/2120/137
f 996/2124/33 1095/2125/140 1096/2123/47
f 995/2126/33 1094/1683/35 1095/2125/140
f 993/2127/30 732/2128/36 726/2129/38
f 992/2130/30 1093/2131/33 993/2127/30
f 991/2132/30 1092/2133/33 992/2130/30
f 990/2134/30 1091/2135/33 991/2132/30
f 989/2136/30 1090/2137/33 990/2134/30
f 988/2138/30 1089/2139/33 989/2136/30
f 987/2140/30 1088/2141/33 988/2138/30
f 986/2142/30 1087/2143/33 987/2140/30
f 985/2144/30 1086/2145/33 986/2142/30
f 984/2146/30 1085/2147/33 985/2144/30
f 983/2148/30 1084/2149/33 984/2146/30
f 982/2150/30 1083/2151/33 983/2148/30
f 981/2152/30 1082/2153/33 982/2150/30
f 980/2154/30 1081/2155/33 981/2152/30
f 979/2156/30 1080/2157/33 980/2154/30
f 978/2158/30 1079/2159/33 979/2156/30
f 977/2160/30 1078/2161/33 978/2158/30
f 976/2162/30 1077/2163/33 977/2160/30
f 975/2164/30 1076/2165/33 976/2162/30
f 974/2166/30 1075/2167/33 975/2164/30
f 973/2168/30 1074/2169/33 974/2166/30
f 972/2170/30 1073/2171/33 973/2168/30
f 971/2172/30 1072/2173/33 972/2170/30
f 970/2174/30 1071/2175/33 971/2172/30
f 969/2176/30 1070/2177/33 970/2174/30
f 968/2178/30 1069/2179/33 969/2176/30
f 967/2180/30 1068/2181/33 968/2178/30
f 966/2182/30 1067/2183/33 967/2180/30
f 965/2184/30 1066/2185/33 966/2182/30
f 964/2186/30 1065/2187/33 965/2184/30
f 963/2188/30 1064/2189/33 964/2186/30
f 962/2190/30 1063/2191/33 963/2188/30
f 961/2192/30 1062/2193/33 962/2190/30
f 960/2194/30 1061/2195/33 961/2192/30
f 959/2196/30 1060/2197/33 960/2194/30
f 958/2198/30 1059/2199/33 959/2196/30
f 957/2200/30 1058/2201/33 958/2198/30
f 956/2202/30 1057/2203/33 957/2200/30
f 955/2204/30 1056/2205/33 956/2202/30
f 954/2206/30 1055/2207/33 955/2204/30
f 953/2208/30 1054/2209/33 954/2206/30
f 952/2210/30 1053/2211/33 953/2208/30
f 951/2212/30 1052/2213/33 952/2210/30
f 950/2214/30 1051/2215/33 951/2212/30
f 949/2216/30 1050/2217/33 950/2214/30
f 948/2218/30 1049/2219/33 949/2216/30
f 947/2220/30 1048/2221/33 948/2218/30
f 946/2222/30 1047/2223/33 947/2220/30
f 945/2224/30 1046/2225/33 946/2222/30
f 944/2226/30 1045/2227/33 945/2224/30
f 943/2228/30 1044/2229/33 944/2226/30
f 942/2230/30 1043/2231/33 943/2228/30
f 941/2232/30 1042/2233/33 942/2230/30
f 940/2234/30 1041/2235/33 941/2232/30
f 939/2236/30 1040/2237/33 940/2234/30
f 938/2238/30 1039/2239/33 939/2236/30
f 937/2240/30 1038/2241/33 938/2238/30
f 936/2242/30 1037/2243/33 937/2240/30
f 935/2244/30 1036/2245/33 936/2242/30
f 934/2246/30 1035/2247/33 935/2244/30
f 933/2248/30 1034/2249/33 934/2246/30
f 932/2250/30 1033/2251/33 933/2248/30
f 931/2252/30 1032/2253/33 932/2250/30
f 930/2254/30 1031/2255/33 931/2252/30
f 929/2256/30 1030/2257/33 930/2254/30
f 928/2258/30 1029/2259/33 929/2256/30
f 927/2260/30 1028/2261/33 928/2258/30
f 926/2262/30 1027/2263/33 927/2260/30
f 925/2264/30 1026/2265/33 926/2262/30
f 924/2266/30 1025/2267/33 925/2264/30
f 923/2268/30 1024/2269/33 924/2266/30
f 922/2270/30 1023/2271/33 923/2268/30
f 921/2272/30 1022/2273/33 922/2270/30
f 920/2274/30 1021/2275/33 921/2272/30
f 919/2276/30 1020/2277/33 920/2274/30
f 918/2278/30 1019/2279/33 919/2276/30
f 917/2280/30 1018/2281/33 918/2278/30
f 916/2282/30 1017/2283/33 917/2280/30
f 915/2284/30 1016/2285/33 916/2282/30
f 914/2286/30 1015/2287/33 915/2284/30
f 913/2288/30 1014/2289/33 914/2286/30
f 912/2290/30 1013/2291/33 913/2288/30
f 911/2292/30 1012/2293/33 912/2290/30
f 910/2294/30 1011/2295/33 911/2292/30
f 909/2296/30 1010/2297/33 910/2294/30
f 908/2298/30 1009/2299/33 909/2296/30
f 907/2300/30 1008/2301/33 908/2298/30
f 906/2302/30 1007/2303/33 907/2300/30
f 905/2304/30 1006/2305/33 906/2302/30
f 904/2306/30 1005/2307/33 905/2304/30
f 903/2308/30 1004/2309/33 904/2306/30
f 902/2310/30 1003/2311/33 903/2308/30
f 901/2312/30 1002/2313/33 902/2310/30
f 900/2314/30 1001/2315/33 901/2312/30
f 899/2316/30 1000/2317/33 900/2314/30
f 898/2318/30 999/2319/33 899/2316/30
f 897/2320/30 998/2321/33 898/2318/30
f 896/2322/30 997/2323/33 897/2320/30
f 895/2324/30 996/2325/33 896/2322/30
f 894/1680/30 995/2326/33 895/2324/30
f 736/2327/42 726/2328/38 724/2329/37
f 737/2330/42 993/2331/30 736/2327/42
f 738/2332/42 992/2333/30 737/2330/42
f 739/2334/42 991/2335/30 738/2332/42
f 740/2336/42 990/2337/30 739/2334/42
f 741/2338/42 989/2339/30 740/2336/42
f 742/2340/42 988/2341/30 741/2338/42
f 743/2342/42 987/2343/30 742/2340/42
f 744/2344/42 986/2345/30 743/2342/42
f 745/2346/42 985/2347/30 744/2344/42
f 746/2348/42 984/2349/30 745/2346/42
f 747/2350/42 983/2351/30 746/2348/42
f 748/2352/42 982/2353/30 747/2350/42
f 749/2354/42 981/2355/30 748/2352/42
f 750/2356/42 980/2357/30 749/2354/42
f 751/2358/42 979/2359/30 750/2356/42
f 752/2360/42 978/2361/30 751/2358/42
f 753/2362/42 977/2363/30 752/2360/42
f 754/2364/42 976/2365/30 753/2362/42
f 755/2366/42 975/2367/30 754/2364/42
f 756/2368/42 974/2369/30 755/2366/42
f 757/2370/42 973/2371/30 756/2368/42
f 758/2372/42 972/2373/30 757/2370/42
f 759/2374/42 971/2375/30 758/2372/42
f 760/2376/42 970/2377/30 759/2374/42
f 761/2378/42 969/2379/30 760/2376/42
f 762/2380/42 968/2381/30 761/2378/42
f 763/2382/42 967/2383/30 762/2380/42
f 764/2384/42 966/2385/30 763/2382/42
f 766/2386/42 965/2387/30 764/2384/42
f 768/2388/42 964/2389/30 766/2386/42
f 770/2390/42 963/2391/30 768/2388/42
f 772/2392/42 962/2393/30 770/2390/42
f 774/2394/42 961/2395/30 772/2392/42
f 775/2396/42 960/2397/30 774/2394/42
f 777/2398/42 959/2399/30 775/2396/42
f 780/2400/42 958/2401/30 777/2398/42
f 782/2402/42 957/2403/30 780/2400/42
f 784/2404/42 956/2405/30 782/2402/42
f 785/2406/42 955/2407/30 784/2404/42
f 787/2408/42 954/2409/30 785/2406/42
f 790/2410/42 953/2411/30 787/2408/42
f 792/2412/42 952/2413/30 790/2410/42
f 794/2414/42 951/2415/30 792/2412/42
f 796/2416/42 950/2417/30 794/2414/42
f 797/2418/42 949/2419/30 796/2416/42
f 799/2420/42 948/2421/30 797/2418/42
f 802/2422/42 947/2423/30 799/2420/42
f 804/2424/42 946/2425/30 802/2422/42
f 806/2426/42 945/2427/30 804/2424/42
f 808/2428/42 944/2429/30 806/2426/42
f 810/2430/42 943/2431/30 808/2428/42
f 812/2432/42 942/2433/30 810/2430/42
f 814/2434/42 941/2435/30 812/2432/42
f 815/2436/42 940/2437/30 814/2434/42
f 818/2438/42 939/2439/30 815/2436/42
f 819/2440/42 938/2441/30 818/2438/42
f 821/2442/42 937/2443/30 819/2440/42
f 823/2444/42 936/2445/30 821/2442/42
f 826/2446/42 935/2447/30 823/2444/42
f 828/2448/42 934/2449/30 826/2446/42
f 830/2450/42 933/2451/30 828/2448/42
f 831/2452/42 932/2453/30 830/2450/42
f 834/2454/42 931/2455/30 831/2452/42
f 836/2456/42 930/2457/30 834/2454/42
f 837/2458/42 929/2459/30 836/2456/42
f 840/2460/42 928/2461/30 837/2458/42
f 841/2462/42 927/2463/30 840/2460/42
f 843/2464/42 926/2465/30 841/2462/42
f 845/2466/42 925/2467/30 843/2464/42
f 848/2468/42 924/2469/30 845/2466/42
f 850/2470/42 923/2471/30 848/2468/42
f 852/2472/42 922/2473/30 850/2470/42
f 854/2474/42 921/2475/30 852/2472/42
f 855/2476/42 920/2477/30 854/2474/42
f 857/2478/42 919/2479/30 855/2476/42
f 859/2480/42 918/2481/30 857/2478/42
f 861/2482/42 917/2483/30 859/2480/42
f 863/2484/42 916/2485/30 861/2482/42
f 865/2486/42 915/2487/30 863/2484/42
f 868/2488/42 914/2489/30 865/2486/42
f 870/2490/42 913/2491/30 868/2488/42
f 872/2492/42 912/2493/30 870/2490/42
f 874/2494/42 911/2495/30 872/2492/42
f 876/2496/42 910/2497/30 874/2494/42
f 878/2498/42 909/2499/30 876/2496/42
f 879/2500/42 908/2501/30 878/2498/42
f 881/2502/42 907/2503/30 879/2500/42
f 882/2504/42 906/2505/30 881/2502/42
f 883/2506/42 905/2507/30 882/2504/42
f 884/2508/42 904/2509/30 883/2506/42
f 885/2510/42 903/2511/30 884/2508/42
f 886/2512/42 902/2513/30 885/2510/42
f 887/2514/42 901/2515/30 886/2512/42
f 888/2516/135 900/2517/30 887/2514/42
f 889/2518/138 899/2519/30 888/2516/135
f 890/2520/139 898/2521/30 889/2518/138
f 891/2522/141 897/2523/30 890/2520/139
f 892/2524/142 896/2525/30 891/2522/141
f 893/1677/31 895/2526/30 892/2524/142
f 765/2527/52 1282/2528/52 1281/2529/52
f 824/2530/18 729/2531/18 765/2532/18
f 735/2533/56 1283/2534/55 1280/2535/56
f 1205/2536/143 727/2537/144 1204/2538/145
f 729/2539/62 1280/2540/62 1282/2528/62
f 733/2541/109 1199/2542/146 1195/2543/111
f 880/2544/147 1196/2545/148 1197/2546/149
f 877/2547/70 1198/2548/70 1213/2549/70
f 875/2550/70 1210/2551/70 873/2552/70
f 873/2552/70 1209/2553/70 871/2554/70
f 871/2554/70 1208/2555/70 1221/2556/70
f 869/2557/70 1218/2558/70 867/2559/70
f 867/2559/70 1217/2560/70 866/2561/70
f 866/2561/70 1216/2562/70 1229/2563/70
f 864/2564/70 1226/2565/70 862/2566/70
f 862/2566/70 1225/2567/70 860/2568/70
f 860/2568/70 1224/2569/70 1237/2570/70
f 858/2571/70 1234/2572/70 856/2573/70
f 856/2573/70 1233/2574/70 853/2575/70
f 853/2575/70 1232/2576/70 1245/2577/70
f 851/2578/70 1242/2579/70 849/2580/70
f 849/2580/70 1241/2581/70 847/2582/70
f 847/2582/70 1240/2583/70 1247/2584/70
f 846/2585/70 1251/2586/70 844/2587/70
f 844/2587/70 1250/2588/70 842/2589/70
f 842/2589/70 1249/2590/70 1255/2591/70
f 839/2592/70 1256/2593/70 838/2594/70
f 838/2594/70 1257/2595/70 1268/2596/70
f 835/2597/70 1261/2598/70 833/2599/70
f 833/2599/70 1262/2600/70 832/2601/70
f 832/2601/70 1263/2602/70 1279/2603/70
f 829/2604/70 1270/2605/70 827/2606/70
f 825/2607/71 1270/2605/71 1272/2608/71
f 824/2609/72 1272/2608/150 1271/2610/72
f 733/2611/18 822/1563/18 727/1560/18
f 880/2612/18 820/1565/18 822/1563/18
f 877/2613/18 817/1567/18 820/1565/18
f 875/2614/18 816/1569/18 817/1567/18
f 873/2615/18 813/1571/18 816/1569/18
f 871/2616/18 811/1573/18 813/1571/18
f 869/2617/18 809/1575/18 811/1573/18
f 867/2618/18 807/1577/18 809/1575/18
f 866/2619/18 805/1579/18 807/1577/18
f 864/2620/18 803/1581/18 805/1579/18
f 862/2621/18 801/2622/18 803/1581/18
f 860/2623/18 800/1585/18 801/2622/18
f 858/2624/18 798/1587/18 800/1585/18
f 856/2625/18 795/1589/18 798/1587/18
f 853/2626/18 793/1591/18 795/1589/18
f 851/2627/18 791/1593/18 793/1591/18
f 849/2628/18 789/2629/18 791/1593/18
f 847/2630/18 788/1597/18 789/2629/18
f 846/2631/18 786/1599/18 788/1597/18
f 844/2632/18 783/1601/18 786/1599/18
f 842/2633/18 781/1603/18 783/1601/18
f 839/2634/18 779/1605/18 781/1603/18
f 838/2635/18 778/1607/18 779/1605/18
f 835/2636/18 776/1609/18 778/1607/18
f 833/2637/18 773/1611/18 776/1609/18
f 832/2638/18 771/2639/18 773/1611/18
f 829/2640/18 769/2641/18 771/2639/18
f 769/2641/18 825/2642/18 767/2643/18
f 825/2642/18 765/2532/18 767/2643/18
f 822/2644/151 1203/2645/152 1204/2646/153
f 820/2647/154 1202/2648/155 1201/2649/156
f 820/2647/80 1211/2650/80 1194/2651/80
f 816/2652/80 1211/2650/80 817/2653/80
f 813/2654/80 1212/2655/80 816/2652/80
f 811/2656/80 1207/2657/80 1206/2658/80
f 809/2659/80 1219/2660/80 811/2656/80
f 807/2661/80 1220/2662/80 809/2659/80
f 805/2663/80 1215/2664/80 1214/2665/80
f 803/2666/80 1227/2667/80 805/2663/80
f 801/2668/80 1228/2669/80 803/2666/80
f 800/2670/80 1223/2671/80 1222/2672/80
f 798/2673/80 1235/2674/80 800/2670/80
f 795/2675/80 1236/2676/80 798/2673/80
f 793/2677/80 1231/2678/80 1230/2679/80
f 791/2680/80 1243/2681/80 793/2677/80
f 789/2682/80 1244/2683/80 791/2680/80
f 788/2684/80 1239/2685/80 1238/2686/80
f 786/2687/80 1252/2688/80 788/2684/80
f 783/2689/80 1253/2690/80 786/2687/80
f 781/2691/80 1248/2692/80 1246/2693/80
f 779/2694/80 1258/2695/80 781/2691/80
f 778/2696/80 1254/2697/80 1259/2698/80
f 776/2699/80 1264/2700/80 778/2696/80
f 773/2701/80 1265/2702/80 776/2699/80
f 771/2703/157 1260/2704/128 1267/2705/158
f 1276/2706/159 771/2703/160 1278/2707/161
f 1275/2708/162 1278/2707/163 769/2709/164
f 1275/2710/165 765/2527/166 1269/2711/167
f 725/1675/29 728/4439/32 894/1676/30
f 728/1678/32 734/4440/39 994/1679/33
f 994/1681/33 734/4441/39 731/1682/34
f 731/1684/34 725/4442/29 893/1685/31
f 732/1687/36 730/4443/41 724/1688/37
f 728/1690/32 725/4442/29 731/1684/34
f 1193/1692/40 736/1696/42 724/1693/37
f 1192/1695/40 737/1698/42 736/1696/42
f 1191/1697/40 738/1700/42 737/1698/42
f 1190/1699/40 739/1702/42 738/1700/42
f 1189/1701/40 740/1704/42 739/1702/42
f 1188/1703/40 741/1706/42 740/1704/42
f 1187/1705/40 742/1708/42 741/1706/42
f 1187/1705/40 1186/1709/40 743/1707/42
f 1186/1709/40 1185/1712/40 744/1710/42
f 1184/1711/40 745/1714/42 744/1710/42
f 1184/1711/40 1183/1715/40 746/1713/42
f 1183/1715/40 1182/1718/40 747/1716/42
f 1181/1717/40 748/1720/42 747/1716/42
f 1181/1717/40 1180/1721/40 749/1719/42
f 1180/1721/40 1179/1724/40 750/1722/42
f 1178/1723/40 751/1726/42 750/1722/42
f 1178/1723/40 1177/1727/40 752/1725/42
f 1177/1727/40 1176/1730/40 753/1728/42
f 1175/1729/40 754/1732/42 753/1728/42
f 1175/1729/40 1174/1733/40 755/1731/42
f 1174/1733/40 1173/1736/40 756/1734/42
f 1172/1735/40 757/1738/42 756/1734/42
f 1172/1735/40 1171/1739/40 758/1737/42
f 1171/1739/40 1170/1742/40 759/1740/42
f 1169/1741/40 760/1744/42 759/1740/42
f 1169/1741/40 1168/1745/40 761/1743/42
f 1168/1745/40 1167/1748/40 762/1746/42
f 1166/1747/40 763/1750/42 762/1746/42
f 1166/1747/40 1165/1751/40 764/1749/42
f 1165/1751/40 1164/1754/40 766/1752/42
f 1163/1753/40 768/1756/42 766/1752/42
f 1163/1753/40 1162/1757/40 770/1755/42
f 1162/1757/40 1161/1760/40 772/1758/42
f 1160/1759/40 774/1762/42 772/1758/42
f 1159/1761/40 775/1764/42 774/1762/42
f 1158/1763/40 777/1766/42 775/1764/42
f 1157/1765/40 780/1768/42 777/1766/42
f 1156/1767/40 782/1770/42 780/1768/42
f 1155/1769/40 784/1772/42 782/1770/42
f 1155/1769/40 1154/1773/40 785/1771/42
f 1154/1773/40 1153/1776/40 787/1774/42
f 1152/1775/40 790/1778/42 787/1774/42
f 1152/1775/40 1151/1779/40 792/1777/42
f 1151/1779/40 1150/1782/40 794/1780/42
f 1149/1781/40 796/1784/42 794/1780/42
f 1149/1781/40 1148/1785/40 797/1783/42
f 1148/1785/40 1147/1788/40 799/1786/42
f 1146/1787/40 802/1790/42 799/1786/42
f 1146/1787/40 1145/1791/40 804/1789/42
f 1145/1791/40 1144/1794/40 806/1792/42
f 1143/1793/40 808/1796/42 806/1792/42
f 1143/1793/40 1142/1797/40 810/1795/42
f 1142/1797/40 1141/1800/40 812/1798/42
f 1140/1799/40 814/1802/42 812/1798/42
f 1139/1801/40 815/1803/42 814/1802/42
f 1204/4444/18 1203/4445/18 1201/4446/18
f 1201/4446/18 1202/4447/18 1200/4448/18
f 1200/4448/18 1194/4449/18 818/4450/42
f 1139/1801/40 1138/4451/40 1198/4452/18
f 1139/1801/40 1198/4452/18 1197/4453/18
f 1200/4448/18 818/4450/42 815/1803/42
f 1201/4446/18 1200/4448/18 815/1803/42
f 1139/1801/40 1197/4453/18 1196/4454/18
f 1196/4454/18 1195/4455/412 1199/4456/18
f 1139/1801/40 1196/4454/18 1199/4456/18
f 1204/4444/18 1201/4446/18 815/1803/42
f 1139/1801/40 1199/4456/18 1205/1804/18
f 1205/1804/18 1204/4444/18 815/1803/42
f 1206/4457/18 1207/4458/18 819/1805/42
f 819/1805/42 818/4450/42 1194/4449/18
f 819/1805/42 1194/4449/18 1211/1806/18
f 1212/1807/18 1206/4457/18 819/1805/42
f 1198/4452/18 1138/4451/40 1137/1808/40
f 1137/1808/40 1208/4459/18 1209/4460/18
f 1137/1808/40 1209/4460/18 1210/1809/18
f 1213/1810/18 1198/4452/18 1137/1808/40
f 1214/4461/18 1215/4462/18 821/1811/42
f 821/1811/42 819/1805/42 1207/4458/18
f 821/1811/42 1207/4458/18 1219/1812/18
f 1220/1813/18 1214/4461/18 821/1811/42
f 1208/4459/18 1137/1808/40 1136/1814/40
f 1136/1814/40 1216/4463/18 1217/4464/18
f 1136/1814/40 1217/4464/18 1218/1815/18
f 1221/1816/18 1208/4459/18 1136/1814/40
f 1222/4465/18 1223/4466/18 823/1817/42
f 823/1817/42 821/1811/42 1215/4462/18
f 823/1817/42 1215/4462/18 1227/1818/18
f 1228/1819/18 1222/4465/18 823/1817/42
f 1216/4463/18 1136/1814/40 1135/1820/40
f 1135/1820/40 1224/4467/18 1225/4468/18
f 1135/1820/40 1225/4468/18 1226/1821/18
f 1229/1822/18 1216/4463/18 1135/1820/40
f 1230/4469/18 1231/4470/18 826/1823/42
f 826/1823/42 823/1817/42 1223/4466/18
f 826/1823/42 1223/4466/18 1235/1824/18
f 1236/1825/18 1230/4469/18 826/1823/42
f 1224/4467/18 1135/1820/40 1134/1826/40
f 1134/1826/40 1232/4471/18 1233/4472/18
f 1134/1826/40 1233/4472/18 1234/1827/18
f 1237/1828/18 1224/4467/18 1134/1826/40
f 1238/4473/18 1239/4474/18 828/1829/42
f 828/1829/42 826/1823/42 1231/4470/18
f 828/1829/42 1231/4470/18 1243/1830/18
f 1244/1831/18 1238/4473/18 828/1829/42
f 1232/4471/18 1134/1826/40 1133/1832/40
f 1133/1832/40 1240/4475/18 1241/4476/18
f 1133/1832/40 1241/4476/18 1242/1833/18
f 1245/1834/18 1232/4471/18 1133/1832/40
f 1246/4477/18 1248/4478/18 830/1835/42
f 830/1835/42 828/1829/42 1239/4474/18
f 830/1835/42 1239/4474/18 1252/1836/18
f 1253/1837/18 1246/4477/18 830/1835/42
f 1240/4475/18 1133/1832/40 1132/1838/40
f 1132/1838/40 1249/4479/18 1250/4480/18
f 1132/1838/40 1250/4480/18 1251/1839/18
f 1247/1840/18 1240/4475/18 1132/1838/40
f 1254/4481/18 831/1846/42 830/1835/42
f 830/1835/42 1248/4478/18 1258/1841/18
f 1259/1842/18 1254/4481/18 830/1835/42
f 1255/4482/18 1249/4479/18 1132/1838/40
f 1132/1838/40 1131/1848/40 1257/1843/18
f 1256/1844/18 1255/4482/18 1132/1838/40
f 1266/1845/18 1267/4483/18 1260/4484/18
f 1260/4484/18 834/1854/42 831/1846/42
f 831/1846/42 1254/4481/18 1264/4485/18
f 831/1846/42 1264/4485/18 1265/1847/18
f 1266/1845/18 1260/4484/18 831/1846/42
f 1268/4486/18 1257/1843/18 1131/1848/40
f 1131/1848/40 1130/4487/40 1263/4488/18
f 1131/1848/40 1263/4488/18 1262/1849/18
f 1261/1850/18 1268/4486/18 1131/1848/40
f 1263/4488/18 1130/4487/40 1129/1851/40
f 1129/1851/40 1271/4489/18 1272/4490/18
f 1129/1851/40 1272/4490/18 1270/1852/18
f 1279/1853/18 1263/4488/18 1129/1851/40
f 1275/1856/413 1277/4491/413 1269/4492/413
f 1269/4492/18 836/4493/42 834/1854/42
f 834/1854/42 1260/4484/18 1273/1855/18
f 1273/1855/18 1276/4494/18 1278/4495/414
f 1273/1855/18 1278/4495/414 1274/4496/18
f 1275/1856/18 1269/4492/18 834/1854/42
f 1273/1855/18 1274/4496/18 1275/1856/18
f 1283/4497/18 1271/4489/18 1129/1851/40
f 1128/1857/40 837/1861/42 836/4493/42
f 836/4493/42 1269/4492/18 1281/4498/18
f 836/4493/42 1281/4498/18 1282/1858/18
f 1283/4497/18 1129/1851/40 1128/1857/40
f 1280/1859/18 1283/4497/18 1128/1857/40
f 1128/1857/40 836/4493/42 1282/1858/18
f 1128/1857/40 1127/1863/40 840/1860/42
f 1126/1862/40 841/1865/42 840/1860/42
f 1126/1862/40 1125/1866/40 843/1864/42
f 1125/1866/40 1124/1869/40 845/1867/42
f 1123/1868/40 848/1871/42 845/1867/42
f 1123/1868/40 1122/1872/40 850/1870/42
f 1122/1872/40 1121/1875/40 852/1873/42
f 1120/1874/40 854/1877/42 852/1873/42
f 1120/1874/40 1119/1878/40 855/1876/42
f 1119/1878/40 1118/1881/40 857/1879/42
f 1117/1880/40 859/1883/42 857/1879/42
f 1117/1880/40 1116/1884/40 861/1882/42
f 1116/1884/40 1115/1887/40 863/1885/42
f 1114/1886/40 865/1889/42 863/1885/42
f 1114/1886/40 1113/1890/40 868/1888/42
f 1113/1890/40 1112/1893/40 870/1891/42
f 1111/1892/40 872/1895/42 870/1891/42
f 1110/1894/40 874/1897/42 872/1895/42
f 1109/1896/40 876/1899/42 874/1897/42
f 1108/1898/40 878/1901/42 876/1899/42
f 1107/1900/40 879/1903/42 878/1901/42
f 1106/1902/40 881/1905/42 879/1903/42
f 1105/1904/40 882/1907/42 881/1905/42
f 1104/1906/40 883/1909/42 882/1907/42
f 1103/1908/40 884/1911/42 883/1909/42
f 1103/1908/40 1102/1912/40 885/1910/42
f 1102/1912/40 1101/1915/40 886/1913/42
f 1100/1914/40 887/1917/42 886/1913/42
f 1100/1914/40 1099/1919/40 888/1916/135
f 1098/1918/136 889/1921/138 888/1916/135
f 1097/1920/137 890/1923/139 889/1921/138
f 1096/1922/47 891/4499/141 890/1923/139
f 1095/1924/140 892/1926/142 891/1687/141
f 1094/1686/35 893/1685/31 892/1926/142
f 1093/1927/33 1193/1931/40 730/1928/41
f 1092/1930/33 1192/1933/40 1193/1931/40
f 1091/1932/33 1191/1935/40 1192/1933/40
f 1090/1934/33 1190/1937/40 1191/1935/40
f 1089/1936/33 1189/1939/40 1190/1937/40
f 1088/1938/33 1188/1941/40 1189/1939/40
f 1087/1940/33 1187/1943/40 1188/1941/40
f 1086/1942/33 1186/1945/40 1187/1943/40
f 1085/1944/33 1185/1947/40 1186/1945/40
f 1084/1946/33 1184/1949/40 1185/1947/40
f 1083/1948/33 1183/1951/40 1184/1949/40
f 1082/1950/33 1182/1953/40 1183/1951/40
f 1081/1952/33 1181/1955/40 1182/1953/40
f 1080/1954/33 1180/1957/40 1181/1955/40
f 1079/1956/33 1179/1959/40 1180/1957/40
f 1078/1958/33 1178/1961/40 1179/1959/40
f 1077/1960/33 1177/1963/40 1178/1961/40
f 1076/1962/33 1176/1965/40 1177/1963/40
f 1075/1964/33 1175/1967/40 1176/1965/40
f 1074/1966/33 1174/1969/40 1175/1967/40
f 1073/1968/33 1173/1971/40 1174/1969/40
f 1072/1970/33 1172/1973/40 1173/1971/40
f 1071/1972/33 1171/1975/40 1172/1973/40
f 1070/1974/33 1170/1977/40 1171/1975/40
f 1069/1976/33 1169/1979/40 1170/1977/40
f 1068/1978/33 1168/1981/40 1169/1979/40
f 1067/1980/33 1167/1983/40 1168/1981/40
f 1066/1982/33 1166/1985/40 1167/1983/40
f 1065/1984/33 1165/1987/40 1166/1985/40
f 1064/1986/33 1164/1989/40 1165/1987/40
f 1063/1988/33 1163/1991/40 1164/1989/40
f 1062/1990/33 1162/1993/40 1163/1991/40
f 1061/1992/33 1161/1995/40 1162/1993/40
f 1060/1994/33 1160/1997/40 1161/1995/40
f 1059/1996/33 1159/1999/40 1160/1997/40
f 1058/1998/33 1158/2001/40 1159/1999/40
f 1057/2000/33 1157/2003/40 1158/2001/40
f 1056/2002/33 1156/2005/40 1157/2003/40
f 1055/2004/33 1155/2007/40 1156/2005/40
f 1054/2006/33 1154/2009/40 1155/2007/40
f 1053/2008/33 1153/2011/40 1154/2009/40
f 1052/2010/33 1152/2013/40 1153/2011/40
f 1051/2012/33 1151/2015/40 1152/2013/40
f 1050/2014/33 1150/2017/40 1151/2015/40
f 1049/2016/33 1149/2019/40 1150/2017/40
f 1048/2018/33 1148/2021/40 1149/2019/40
f 1047/2020/33 1147/2023/40 1148/2021/40
f 1046/2022/33 1146/2025/40 1147/2023/40
f 1045/2024/33 1145/2027/40 1146/2025/40
f 1044/2026/33 1144/2029/40 1145/2027/40
f 1043/2028/33 1143/2031/40 1144/2029/40
f 1042/2030/33 1142/2033/40 1143/2031/40
f 1041/2032/33 1141/2035/40 1142/2033/40
f 1040/2034/33 1140/2037/40 1141/2035/40
f 1039/2036/33 1139/2039/40 1140/2037/40
f 1038/2038/33 1138/2041/40 1139/2039/40
f 1037/2040/33 1137/2043/40 1138/2041/40
f 1036/2042/33 1136/2045/40 1137/2043/40
f 1035/2044/33 1135/2047/40 1136/2045/40
f 1034/2046/33 1134/2049/40 1135/2047/40
f 1033/2048/33 1133/2051/40 1134/2049/40
f 1032/2050/33 1132/2053/40 1133/2051/40
f 1031/2052/33 1131/2055/40 1132/2053/40
f 1030/2054/33 1130/2057/40 1131/2055/40
f 1029/2056/33 1129/2059/40 1130/2057/40
f 1028/2058/33 1128/2061/40 1129/2059/40
f 1027/2060/33 1127/2063/40 1128/2061/40
f 1026/2062/33 1126/2065/40 1127/2063/40
f 1025/2064/33 1125/2067/40 1126/2065/40
f 1024/2066/33 1124/2069/40 1125/2067/40
f 1023/2068/33 1123/2071/40 1124/2069/40
f 1022/2070/33 1122/2073/40 1123/2071/40
f 1021/2072/33 1121/2075/40 1122/2073/40
f 1020/2074/33 1120/2077/40 1121/2075/40
f 1019/2076/33 1119/2079/40 1120/2077/40
f 1018/2078/33 1118/2081/40 1119/2079/40
f 1017/2080/33 1117/2083/40 1118/2081/40
f 1016/2082/33 1116/2085/40 1117/2083/40
f 1015/2084/33 1115/2087/40 1116/2085/40
f 1014/2086/33 1114/2089/40 1115/2087/40
f 1013/2088/33 1113/2091/40 1114/2089/40
f 1012/2090/33 1112/2093/40 1113/2091/40
f 1011/2092/33 1111/2095/40 1112/2093/40
f 1010/2094/33 1110/2097/40 1111/2095/40
f 1009/2096/33 1109/2099/40 1110/2097/40
f 1008/2098/33 1108/2101/40 1109/2099/40
f 1007/2100/33 1107/2103/40 1108/2101/40
f 1006/2102/33 1106/2105/40 1107/2103/40
f 1005/2104/33 1105/2107/40 1106/2105/40
f 1004/2106/33 1104/2109/40 1105/2107/40
f 1003/2108/33 1103/2111/40 1104/2109/40
f 1002/2110/33 1102/2113/40 1103/2111/40
f 1001/2112/33 1101/2115/40 1102/2113/40
f 1000/2114/33 1100/2117/40 1101/2115/40
f 999/2116/33 1099/2119/40 1100/2117/40
f 998/2118/33 1098/2121/136 1099/2119/40
f 998/2118/33 997/2122/33 1097/2120/137
f 997/2122/33 996/2124/33 1096/2123/47
f 996/2124/33 995/2126/33 1095/2125/140
f 995/2126/33 994/1681/33 1094/1683/35
f 993/2127/30 1093/2131/33 732/2128/36
f 992/2130/30 1092/2133/33 1093/2131/33
f 991/2132/30 1091/2135/33 1092/2133/33
f 990/2134/30 1090/2137/33 1091/2135/33
f 989/2136/30 1089/2139/33 1090/2137/33
f 988/2138/30 1088/2141/33 1089/2139/33
f 987/2140/30 1087/2143/33 1088/2141/33
f 986/2142/30 1086/2145/33 1087/2143/33
f 985/2144/30 1085/2147/33 1086/2145/33
f 984/2146/30 1084/2149/33 1085/2147/33
f 983/2148/30 1083/2151/33 1084/2149/33
f 982/2150/30 1082/2153/33 1083/2151/33
f 981/2152/30 1081/2155/33 1082/2153/33
f 980/2154/30 1080/2157/33 1081/2155/33
f 979/2156/30 1079/2159/33 1080/2157/33
f 978/2158/30 1078/2161/33 1079/2159/33
f 977/2160/30 1077/2163/33 1078/2161/33
f 976/2162/30 1076/2165/33 1077/2163/33
f 975/2164/30 1075/2167/33 1076/2165/33
f 974/2166/30 1074/2169/33 1075/2167/33
f 973/2168/30 1073/2171/33 1074/2169/33
f 972/2170/30 1072/2173/33 1073/2171/33
f 971/2172/30 1071/2175/33 1072/2173/33
f 970/2174/30 1070/2177/33 1071/2175/33
f 969/2176/30 1069/2179/33 1070/2177/33
f 968/2178/30 1068/2181/33 1069/2179/33
f 967/2180/30 1067/2183/33 1068/2181/33
f 966/2182/30 1066/2185/33 1067/2183/33
f 965/2184/30 1065/2187/33 1066/2185/33
f 964/2186/30 1064/2189/33 1065/2187/33
f 963/2188/30 1063/2191/33 1064/2189/33
f 962/2190/30 1062/2193/33 1063/2191/33
f 961/2192/30 1061/2195/33 1062/2193/33
f 960/2194/30 1060/2197/33 1061/2195/33
f 959/2196/30 1059/2199/33 1060/2197/33
f 958/2198/30 1058/2201/33 1059/2199/33
f 957/2200/30 1057/2203/33 1058/2201/33
f 956/2202/30 1056/2205/33 1057/2203/33
f 955/2204/30 1055/2207/33 1056/2205/33
f 954/2206/30 1054/2209/33 1055/2207/33
f 953/2208/30 1053/2211/33 1054/2209/33
f 952/2210/30 1052/2213/33 1053/2211/33
f 951/2212/30 1051/2215/33 1052/2213/33
f 950/2214/30 1050/2217/33 1051/2215/33
f 949/2216/30 1049/2219/33 1050/2217/33
f 948/2218/30 1048/2221/33 1049/2219/33
f 947/2220/30 1047/2223/33 1048/2221/33
f 946/2222/30 1046/2225/33 1047/2223/33
f 945/2224/30 1045/2227/33 1046/2225/33
f 944/2226/30 1044/2229/33 1045/2227/33
f 943/2228/30 1043/2231/33 1044/2229/33
f 942/2230/30 1042/2233/33 1043/2231/33
f 941/2232/30 1041/2235/33 1042/2233/33
f 940/2234/30 1040/2237/33 1041/2235/33
f 939/2236/30 1039/2239/33 1040/2237/33
f 938/2238/30 1038/2241/33 1039/2239/33
f 937/2240/30 1037/2243/33 1038/2241/33
f 936/2242/30 1036/2245/33 1037/2243/33
f 935/2244/30 1035/2247/33 1036/2245/33
f 934/2246/30 1034/2249/33 1035/2247/33
f 933/2248/30 1033/2251/33 1034/2249/33
f 932/2250/30 1032/2253/33 1033/2251/33
f 931/2252/30 1031/2255/33 1032/2253/33
f 930/2254/30 1030/2257/33 1031/2255/33
f 929/2256/30 1029/2259/33 1030/2257/33
f 928/2258/30 1028/2261/33 1029/2259/33
f 927/2260/30 1027/2263/33 1028/2261/33
f 926/2262/30 1026/2265/33 1027/2263/33
f 925/2264/30 1025/2267/33 1026/2265/33
f 924/2266/30 1024/2269/33 1025/2267/33
f 923/2268/30 1023/2271/33 1024/2269/33
f 922/2270/30 1022/2273/33 1023/2271/33
f 921/2272/30 1021/2275/33 1022/2273/33
f 920/2274/30 1020/2277/33 1021/2275/33
f 919/2276/30 1019/2279/33 1020/2277/33
f 918/2278/30 1018/2281/33 1019/2279/33
f 917/2280/30 1017/2283/33 1018/2281/33
f 916/2282/30 1016/2285/33 1017/2283/33
f 915/2284/30 1015/2287/33 1016/2285/33
f 914/2286/30 1014/2289/33 1015/2287/33
f 913/2288/30 1013/2291/33 1014/2289/33
f 912/2290/30 1012/2293/33 1013/2291/33
f 911/2292/30 1011/2295/33 1012/2293/33
f 910/2294/30 1010/2297/33 1011/2295/33
f 909/2296/30 1009/2299/33 1010/2297/33
f 908/2298/30 1008/2301/33 1009/2299/33
f 907/2300/30 1007/2303/33 1008/2301/33
f 906/2302/30 1006/2305/33 1007/2303/33
f 905/2304/30 1005/2307/33 1006/2305/33
f 904/2306/30 1004/2309/33 1005/2307/33
f 903/2308/30 1003/2311/33 1004/2309/33
f 902/2310/30 1002/2313/33 1003/2311/33
f 901/2312/30 1001/2315/33 1002/2313/33
f 900/2314/30 1000/2317/33 1001/2315/33
f 899/2316/30 999/2319/33 1000/2317/33
f 898/2318/30 998/2321/33 999/2319/33
f 897/2320/30 997/2323/33 998/2321/33
f 896/2322/30 996/2325/33 997/2323/33
f 895/2324/30 995/2326/33 996/2325/33
f 894/1680/30 994/1679/33 995/2326/33
f 736/2327/42 993/2331/30 726/2328/38
f 737/2330/42 992/2333/30 993/2331/30
f 738/2332/42 991/2335/30 992/2333/30
f 739/2334/42 990/2337/30 991/2335/30
f 740/2336/42 989/2339/30 990/2337/30
f 741/2338/42 988/2341/30 989/2339/30
f 742/2340/42 987/2343/30 988/2341/30
f 743/2342/42 986/2345/30 987/2343/30
f 744/2344/42 985/2347/30 986/2345/30
f 745/2346/42 984/2349/30 985/2347/30
f 746/2348/42 983/2351/30 984/2349/30
f 747/2350/42 982/2353/30 983/2351/30
f 748/2352/42 981/2355/30 982/2353/30
f 749/2354/42 980/2357/30 981/2355/30
f 750/2356/42 979/2359/30 980/2357/30
f 751/2358/42 978/2361/30 979/2359/30
f 752/2360/42 977/2363/30 978/2361/30
f 753/2362/42 976/2365/30 977/2363/30
f 754/2364/42 975/2367/30 976/2365/30
f 755/2366/42 974/2369/30 975/2367/30
f 756/2368/42 973/2371/30 974/2369/30
f 757/2370/42 972/2373/30 973/2371/30
f 758/2372/42 971/2375/30 972/2373/30
f 759/2374/42 970/2377/30 971/2375/30
f 760/2376/42 969/2379/30 970/2377/30
f 761/2378/42 968/2381/30 969/2379/30
f 762/2380/42 967/2383/30 968/2381/30
f 763/2382/42 966/2385/30 967/2383/30
f 764/2384/42 965/2387/30 966/2385/30
f 766/2386/42 964/2389/30 965/2387/30
f 768/2388/42 963/2391/30 964/2389/30
f 770/2390/42 962/2393/30 963/2391/30
f 772/2392/42 961/2395/30 962/2393/30
f 774/2394/42 960/2397/30 961/2395/30
f 775/2396/42 959/2399/30 960/2397/30
f 777/2398/42 958/2401/30 959/2399/30
f 780/2400/42 957/2403/30 958/2401/30
f 782/2402/42 956/2405/30 957/2403/30
f 784/2404/42 955/2407/30 956/2405/30
f 785/2406/42 954/2409/30 955/2407/30
f 787/2408/42 953/2411/30 954/2409/30
f 790/2410/42 952/2413/30 953/2411/30
f 792/2412/42 951/2415/30 952/2413/30
f 794/2414/42 950/2417/30 951/2415/30
f 796/2416/42 949/2419/30 950/2417/30
f 797/2418/42 948/2421/30 949/2419/30
f 799/2420/42 947/2423/30 948/2421/30
f 802/2422/42 946/2425/30 947/2423/30
f 804/2424/42 945/2427/30 946/2425/30
f 806/2426/42 944/2429/30 945/2427/30
f 808/2428/42 943/2431/30 944/2429/30
f 810/2430/42 942/2433/30 943/2431/30
f 812/2432/42 941/2435/30 942/2433/30
f 814/2434/42 940/2437/30 941/2435/30
f 815/2436/42 939/2439/30 940/2437/30
f 818/2438/42 938/2441/30 939/2439/30
f 819/2440/42 937/2443/30 938/2441/30
f 821/2442/42 936/2445/30 937/2443/30
f 823/2444/42 935/2447/30 936/2445/30
f 826/2446/42 934/2449/30 935/2447/30
f 828/2448/42 933/2451/30 934/2449/30
f 830/2450/42 932/2453/30 933/2451/30
f 831/2452/42 931/2455/30 932/2453/30
f 834/2454/42 930/2457/30 931/2455/30
f 836/2456/42 929/2459/30 930/2457/30
f 837/2458/42 928/2461/30 929/2459/30
f 840/2460/42 927/2463/30 928/2461/30
f 841/2462/42 926/2465/30 927/2463/30
f 843/2464/42 925/2467/30 926/2465/30
f 845/2466/42 924/2469/30 925/2467/30
f 848/2468/42 923/2471/30 924/2469/30
f 850/2470/42 922/2473/30 923/2471/30
f 852/2472/42 921/2475/30 922/2473/30
f 854/2474/42 920/2477/30 921/2475/30
f 855/2476/42 919/2479/30 920/2477/30
f 857/2478/42 918/2481/30 919/2479/30
f 859/2480/42 917/2483/30 918/2481/30
f 861/2482/42 916/2485/30 917/2483/30
f 863/2484/42 915/2487/30 916/2485/30
f 865/2486/42 914/2489/30 915/2487/30
f 868/2488/42 913/2491/30 914/2489/30
f 870/2490/42 912/2493/30 913/2491/30
f 872/2492/42 911/2495/30 912/2493/30
f 874/2494/42 910/2497/30 911/2495/30
f 876/2496/42 909/2499/30 910/2497/30
f 878/2498/42 908/2501/30 909/2499/30
f 879/2500/42 907/2503/30 908/2501/30
f 881/2502/42 906/2505/30 907/2503/30
f 882/2504/42 905/2507/30 906/2505/30
f 883/2506/42 904/2509/30 905/2507/30
f 884/2508/42 903/2511/30 904/2509/30
f 885/2510/42 902/2513/30 903/2511/30
f 886/2512/42 901/2515/30 902/2513/30
f 887/2514/42 900/2517/30 901/2515/30
f 888/2516/135 899/2519/30 900/2517/30
f 889/2518/138 898/2521/30 899/2519/30
f 890/2520/139 897/2523/30 898/2521/30
f 891/2522/141 896/2525/30 897/2523/30
f 892/2524/142 895/2526/30 896/2525/30
f 893/1677/31 894/1676/30 895/2526/30
f 765/2527/52 729/2539/52 1282/2528/52
f 824/2530/18 735/4500/18 729/2531/18
f 735/2533/56 824/2609/72 1283/2534/55
f 1205/2536/143 733/4501/368 727/2537/144
f 729/2539/62 735/4502/62 1280/2540/62
f 1195/2543/111 880/2544/111 733/2541/109
f 733/2541/109 1205/4503/415 1199/2542/146
f 1197/2546/149 877/2547/149 880/2544/147
f 880/2544/147 1195/2543/416 1196/2545/148
f 1213/2549/70 875/2550/70 877/2547/70
f 877/2547/70 1197/2546/70 1198/2548/70
f 875/2550/70 1213/2549/70 1210/2551/70
f 873/2552/70 1210/2551/70 1209/2553/70
f 1221/2556/70 869/2557/70 871/2554/70
f 871/2554/70 1209/2553/70 1208/2555/70
f 869/2557/70 1221/2556/70 1218/2558/70
f 867/2559/70 1218/2558/70 1217/2560/70
f 1229/2563/70 864/2564/70 866/2561/70
f 866/2561/70 1217/2560/70 1216/2562/70
f 864/2564/70 1229/2563/70 1226/2565/70
f 862/2566/70 1226/2565/70 1225/2567/70
f 1237/2570/70 858/2571/70 860/2568/70
f 860/2568/70 1225/2567/70 1224/2569/70
f 858/2571/70 1237/2570/70 1234/2572/70
f 856/2573/70 1234/2572/70 1233/2574/70
f 1245/2577/70 851/2578/70 853/2575/70
f 853/2575/70 1233/2574/70 1232/2576/70
f 851/2578/70 1245/2577/70 1242/2579/70
f 849/2580/70 1242/2579/70 1241/2581/70
f 1247/2584/70 846/2585/70 847/2582/70
f 847/2582/70 1241/2581/70 1240/2583/70
f 846/2585/70 1247/2584/70 1251/2586/70
f 844/2587/70 1251/2586/70 1250/2588/70
f 1255/2591/70 839/2592/70 842/2589/70
f 842/2589/70 1250/2588/70 1249/2590/70
f 839/2592/70 1255/2591/70 1256/2593/70
f 1268/2596/70 835/2597/70 838/2594/70
f 838/2594/70 1256/2593/70 1257/2595/70
f 835/2597/70 1268/2596/70 1261/2598/70
f 833/2599/70 1261/2598/70 1262/2600/70
f 1279/2603/70 829/2604/70 832/2601/70
f 832/2601/70 1262/2600/70 1263/2602/70
f 829/2604/70 1279/2603/70 1270/2605/70
f 825/2607/71 827/2606/71 1270/2605/71
f 1271/2610/72 1283/2534/55 824/2609/72
f 824/2609/72 825/2607/72 1272/2608/150
f 733/2611/18 880/2612/18 822/1563/18
f 880/2612/18 877/2613/18 820/1565/18
f 877/2613/18 875/2614/18 817/1567/18
f 875/2614/18 873/2615/18 816/1569/18
f 873/2615/18 871/2616/18 813/1571/18
f 871/2616/18 869/2617/18 811/1573/18
f 869/2617/18 867/2618/18 809/1575/18
f 867/2618/18 866/2619/18 807/1577/18
f 866/2619/18 864/2620/18 805/1579/18
f 864/2620/18 862/2621/18 803/1581/18
f 862/2621/18 860/2623/18 801/2622/18
f 860/2623/18 858/2624/18 800/1585/18
f 858/2624/18 856/2625/18 798/1587/18
f 856/2625/18 853/2626/18 795/1589/18
f 853/2626/18 851/2627/18 793/1591/18
f 851/2627/18 849/2628/18 791/1593/18
f 849/2628/18 847/2630/18 789/2629/18
f 847/2630/18 846/2631/18 788/1597/18
f 846/2631/18 844/2632/18 786/1599/18
f 844/2632/18 842/2633/18 783/1601/18
f 842/2633/18 839/2634/18 781/1603/18
f 839/2634/18 838/2635/18 779/1605/18
f 838/2635/18 835/2636/18 778/1607/18
f 835/2636/18 833/2637/18 776/1609/18
f 833/2637/18 832/2638/18 773/1611/18
f 832/2638/18 829/2640/18 771/2639/18
f 829/2640/18 827/4504/18 769/2641/18
f 769/2641/18 827/4504/18 825/2642/18
f 825/2642/18 824/2530/18 765/2532/18
f 1204/2646/153 727/4505/153 822/2644/151
f 822/2644/151 1201/2649/417 1203/2645/152
f 1201/2649/156 822/2644/408 820/2647/154
f 820/2647/154 1200/4506/418 1202/2648/155
f 1194/2651/80 1200/4506/80 820/2647/80
f 820/2647/80 817/2653/80 1211/2650/80
f 816/2652/80 1212/2655/80 1211/2650/80
f 813/2654/80 1206/2658/80 1212/2655/80
f 1206/2658/80 813/2654/80 811/2656/80
f 811/2656/80 1219/2660/80 1207/2657/80
f 809/2659/80 1220/2662/80 1219/2660/80
f 807/2661/80 1214/2665/80 1220/2662/80
f 1214/2665/80 807/2661/80 805/2663/80
f 805/2663/80 1227/2667/80 1215/2664/80
f 803/2666/80 1228/2669/80 1227/2667/80
f 801/2668/80 1222/2672/80 1228/2669/80
f 1222/2672/80 801/2668/80 800/2670/80
f 800/2670/80 1235/2674/80 1223/2671/80
f 798/2673/80 1236/2676/80 1235/2674/80
f 795/2675/80 1230/2679/80 1236/2676/80
f 1230/2679/80 795/2675/80 793/2677/80
f 793/2677/80 1243/2681/80 1231/2678/80
f 791/2680/80 1244/2683/80 1243/2681/80
f 789/2682/80 1238/2686/80 1244/2683/80
f 1238/2686/80 789/2682/80 788/2684/80
f 788/2684/80 1252/2688/80 1239/2685/80
f 786/2687/80 1253/2690/80 1252/2688/80
f 783/2689/80 1246/2693/80 1253/2690/80
f 1246/2693/80 783/2689/80 781/2691/80
f 781/2691/80 1258/2695/80 1248/2692/80
f 779/2694/80 1259/2698/80 1258/2695/80
f 1259/2698/80 779/2694/80 778/2696/80
f 778/2696/80 1264/2700/80 1254/2697/80
f 776/2699/80 1265/2702/80 1264/2700/80
f 773/2701/80 1266/4507/80 1265/2702/80
f 1266/4507/419 773/2701/420 771/2703/157
f 771/2703/157 1273/4508/128 1260/2704/128
f 1267/2705/158 1266/4507/419 771/2703/157
f 1276/2706/159 1273/4508/421 771/2703/160
f 771/2703/160 769/2709/410 1278/2707/161
f 769/2709/164 767/4509/411 1275/2708/162
f 1275/2708/162 1274/4510/422 1278/2707/163
f 1275/2710/165 767/4511/423 765/2527/166
f 765/2527/166 1281/2529/424 1269/2711/167
usemtl Material.04
f 1285/2712/70 1286/2713/70 1284/2714/70
f 1287/2715/4 1290/2716/4 1286/2717/4
f 1291/2718/80 1288/2719/80 1290/2720/80
f 1289/2721/18 1284/2722/18 1288/2723/18
f 1290/2724/9 1284/2725/9 1286/2726/9
f 1287/2727/23 1289/2728/23 1291/2729/23
f 1285/2712/70 1287/4512/70 1286/2713/70
f 1287/2715/4 1291/4513/4 1290/2716/4
f 1291/2718/80 1289/4514/80 1288/2719/80
f 1289/2721/18 1285/4515/18 1284/2722/18
f 1290/2724/9 1288/4516/9 1284/2725/9
f 1287/2727/23 1285/4517/23 1289/2728/23
usemtl Material.05
f 1292/2730/168 1295/2731/168 1294/2732/168
f 1292/2730/168 1293/4518/168 1295/2731/168
usemtl Material.01
f 1297/2733/70 1298/2734/70 1296/2735/70
f 1299/2736/4 1302/2737/4 1298/2738/4
f 1303/2739/80 1300/2740/80 1302/2741/80
f 1301/2742/18 1296/2743/18 1300/2744/18
f 1302/2745/9 1296/2746/9 1298/2747/9
f 1299/2748/23 1301/2749/23 1303/2750/23
f 1297/2733/70 1299/4519/70 1298/2734/70
f 1299/2736/4 1303/4520/4 1302/2737/4
f 1303/2739/80 1301/4521/80 1300/2740/80
f 1301/2742/18 1297/4522/18 1296/2743/18
f 1302/2745/9 1300/4523/9 1296/2746/9
f 1299/2748/23 1297/4524/23 1301/2749/23
usemtl Material.02
f 1305/2751/70 1306/2752/70 1304/2753/70
f 1307/2754/4 1310/2755/4 1306/2756/4
f 1311/2757/80 1308/2758/80 1310/2759/80
f 1309/2760/18 1304/2761/18 1308/2762/18
f 1310/2763/9 1304/2764/9 1306/2765/9
f 1307/2766/23 1309/2767/23 1311/2768/23
f 1305/2751/70 1307/4525/70 1306/2752/70
f 1307/2754/4 1311/4526/4 1310/2755/4
f 1311/2757/80 1309/4527/80 1308/2758/80
f 1309/2760/18 1305/4528/18 1304/2761/18
f 1310/2763/9 1308/4529/9 1304/2764/9
f 1307/2766/23 1305/4530/23 1309/2767/23
usemtl Material.03
f 1313/2769/70 1314/2770/70 1312/2771/70
f 1315/2772/4 1318/2773/4 1314/2774/4
f 1319/2775/80 1316/2776/80 1318/2777/80
f 1317/2778/18 1312/2779/18 1316/2780/18
f 1318/2781/9 1312/2782/9 1314/2783/9
f 1315/2784/23 1317/2785/23 1319/2786/23
f 1313/2769/70 1315/4531/70 1314/2770/70
f 1315/2772/4 1319/4532/4 1318/2773/4
f 1319/2775/80 1317/4533/80 1316/2776/80
f 1317/2778/18 1313/4534/18 1312/2779/18
f 1318/2781/9 1316/4535/9 1312/2782/9
f 1315/2784/23 1313/4536/23 1317/2785/23
usemtl Material.04
f 1321/2787/70 1322/2788/70 1320/2789/70
f 1323/2790/4 1326/2791/4 1322/2792/4
f 1327/2793/80 1324/2794/80 1326/2795/80
f 1325/2796/18 1320/2797/18 1324/2798/18
f 1326/2799/9 1320/2800/9 1322/2801/9
f 1323/2802/23 1325/2803/23 1327/2804/23
f 1321/2787/70 1323/4537/70 1322/2788/70
f 1323/2790/4 1327/4538/4 1326/2791/4
f 1327/2793/80 1325/4539/80 1324/2794/80
f 1325/2796/18 1321/4540/18 1320/2797/18
f 1326/2799/9 1324/4541/9 1320/2800/9
f 1323/2802/23 1321/4542/23 1325/2803/23
usemtl Material.05
f 1329/2805/169 1365/2806/169 1364/2807/169
f 1331/2808/4 1394/2809/4 1365/2810/4
f 1335/2811/170 1423/2812/171 1394/2813/171
f 1423/2814/18 1329/2815/18 1364/2816/18
f 1330/2817/172 1332/2818/173 1328/2819/174
f 1331/2820/175 1333/2821/175 1335/2822/175
f 1332/2823/176 1336/2824/177 1328/2825/178
f 1450/2826/179 1336/2824/177 1451/2827/180
f 1449/2828/18 1337/2829/18 1450/2826/179
f 1448/2830/18 1338/2831/18 1449/2828/18
f 1447/2832/18 1339/2833/18 1448/2830/18
f 1446/2834/18 1340/2835/18 1447/2832/18
f 1445/2836/18 1341/2837/18 1446/2834/18
f 1444/2838/18 1342/2839/18 1445/2836/18
f 1443/2840/18 1343/2841/18 1444/2838/18
f 1442/2842/18 1344/2843/18 1443/2840/18
f 1441/2844/18 1345/2845/18 1442/2842/18
f 1440/2846/18 1346/2847/18 1441/2844/18
f 1439/2848/18 1347/2849/18 1440/2846/18
f 1438/2850/18 1348/2851/18 1439/2848/18
f 1437/2852/18 1349/2853/18 1438/2850/18
f 1436/2854/18 1350/2855/18 1437/2852/18
f 1435/2856/18 1351/2857/18 1436/2854/18
f 1434/2858/18 1352/2859/18 1435/2856/18
f 1433/2860/18 1353/2861/18 1434/2858/18
f 1432/2862/18 1354/2863/18 1433/2860/18
f 1431/2864/18 1355/2865/18 1432/2862/18
f 1430/2866/18 1356/2867/18 1431/2864/18
f 1429/2868/18 1357/2869/18 1430/2866/18
f 1428/2870/18 1358/2871/18 1429/2868/18
f 1427/2872/18 1359/2873/18 1428/2870/18
f 1426/2874/18 1360/2875/18 1427/2872/18
f 1425/2876/18 1361/2877/18 1426/2874/18
f 1424/2878/18 1362/2879/18 1425/2876/18
f 1424/2878/18 1364/2816/18 1363/2880/18
f 1334/2881/181 1451/2882/182 1332/2883/183
f 1422/2884/184 1450/2885/185 1451/2882/186
f 1420/2886/80 1450/2885/80 1421/2887/80
f 1419/2888/80 1449/2889/80 1420/2886/80
f 1418/2890/80 1448/2891/80 1419/2888/80
f 1417/2892/80 1447/2893/80 1418/2890/80
f 1416/2894/80 1446/2895/80 1417/2892/80
f 1415/2896/80 1445/2897/80 1416/2894/80
f 1414/2898/80 1444/2899/80 1415/2896/80
f 1413/2900/80 1443/2901/80 1414/2898/80
f 1412/2902/80 1442/2903/80 1413/2900/80
f 1411/2904/80 1441/2905/80 1412/2902/80
f 1410/2906/80 1440/2907/80 1411/2904/80
f 1409/2908/80 1439/2909/80 1410/2906/80
f 1408/2910/80 1438/2911/80 1409/2908/80
f 1407/2912/80 1437/2913/80 1408/2910/80
f 1406/2914/80 1436/2915/80 1407/2912/80
f 1405/2916/80 1435/2917/80 1406/2914/80
f 1404/2918/80 1434/2919/80 1405/2916/80
f 1403/2920/80 1433/2921/80 1404/2918/80
f 1402/2922/80 1432/2923/80 1403/2920/80
f 1401/2924/80 1431/2925/80 1402/2922/80
f 1400/2926/80 1430/2927/80 1401/2924/80
f 1399/2928/80 1429/2929/80 1400/2926/80
f 1398/2930/80 1428/2931/80 1399/2928/80
f 1397/2932/80 1427/2933/80 1398/2930/80
f 1396/2934/80 1426/2935/80 1397/2932/80
f 1395/2936/187 1425/2937/187 1396/2934/187
f 1394/2813/171 1424/2938/171 1395/2936/171
f 1393/1561/4 1334/2939/4 1330/2940/4
f 1392/1564/4 1422/2941/4 1393/1561/4
f 1391/2942/4 1421/2943/4 1392/1564/4
f 1390/2944/4 1420/2945/4 1391/2942/4
f 1389/2946/4 1419/2947/4 1390/2944/4
f 1388/2948/4 1418/2949/4 1389/2946/4
f 1387/2950/4 1417/2951/4 1388/2948/4
f 1386/2952/4 1416/2953/4 1387/2950/4
f 1385/2954/4 1415/2955/4 1386/2952/4
f 1384/2956/4 1414/2957/4 1385/2954/4
f 1383/2958/4 1413/2959/4 1384/2956/4
f 1382/2960/4 1412/2961/4 1383/2958/4
f 1381/2962/4 1411/2963/4 1382/2960/4
f 1380/2964/4 1410/2965/4 1381/2962/4
f 1379/2966/4 1409/2967/4 1380/2964/4
f 1378/2968/4 1408/2969/4 1379/2966/4
f 1377/2970/4 1407/2971/4 1378/2968/4
f 1376/2972/4 1406/2973/4 1377/2970/4
f 1375/2974/4 1405/2975/4 1376/2972/4
f 1374/2976/4 1404/2977/4 1375/2974/4
f 1373/2978/4 1403/2979/4 1374/2976/4
f 1372/2980/4 1402/2981/4 1373/2978/4
f 1371/2982/4 1401/2983/4 1372/2980/4
f 1370/2984/4 1400/2985/4 1371/2982/4
f 1369/2986/4 1399/2987/4 1370/2984/4
f 1368/2988/4 1398/2989/4 1369/2986/4
f 1367/2990/4 1397/2991/4 1368/2988/4
f 1367/2990/4 1395/2992/4 1396/2993/4
f 1365/2810/4 1395/2992/4 1366/2994/4
f 1336/2995/188 1330/2996/189 1328/2997/190
f 1337/2998/191 1393/2999/192 1336/2995/193
f 1338/3000/70 1392/3001/70 1337/2998/70
f 1339/3002/70 1391/3003/70 1338/3000/70
f 1340/3004/70 1390/3005/70 1339/3002/70
f 1341/3006/70 1389/3007/70 1340/3004/70
f 1342/3008/70 1388/3009/70 1341/3006/70
f 1343/3010/70 1387/3011/70 1342/3008/70
f 1344/3012/70 1386/3013/70 1343/3010/70
f 1345/3014/70 1385/3015/70 1344/3012/70
f 1346/3016/70 1384/3017/70 1345/3014/70
f 1347/3018/70 1383/3019/70 1346/3016/70
f 1348/3020/70 1382/3021/70 1347/3018/70
f 1349/3022/70 1381/3023/70 1348/3020/70
f 1350/3024/70 1380/3025/70 1349/3022/70
f 1351/3026/70 1379/3027/70 1350/3024/70
f 1352/3028/70 1378/3029/70 1351/3026/70
f 1353/3030/70 1377/3031/70 1352/3028/70
f 1354/3032/70 1376/3033/70 1353/3030/70
f 1355/3034/70 1375/3035/70 1354/3032/70
f 1356/3036/70 1374/3037/70 1355/3034/70
f 1357/3038/70 1373/3039/70 1356/3036/70
f 1358/3040/70 1372/3041/70 1357/3038/70
f 1359/3042/70 1371/3043/70 1358/3040/70
f 1360/3044/70 1370/3045/70 1359/3042/70
f 1361/3046/194 1369/3047/195 1360/3044/70
f 1362/3048/196 1368/3049/197 1361/3046/198
f 1363/3050/199 1367/3051/200 1362/3048/201
f 1364/2807/202 1366/3052/203 1363/3053/204
f 1329/2805/169 1331/2820/169 1365/2806/169
f 1331/2808/4 1335/4543/4 1394/2809/4
f 1335/2811/170 1333/4544/170 1423/2812/171
f 1423/2814/18 1333/4545/18 1329/2815/18
f 1330/2817/172 1334/4546/425 1332/2818/173
f 1331/2820/175 1329/2805/175 1333/2821/175
f 1332/2823/176 1451/2827/180 1336/2824/177
f 1450/2826/179 1337/2829/18 1336/2824/177
f 1449/2828/18 1338/2831/18 1337/2829/18
f 1448/2830/18 1339/2833/18 1338/2831/18
f 1447/2832/18 1340/2835/18 1339/2833/18
f 1446/2834/18 1341/2837/18 1340/2835/18
f 1445/2836/18 1342/2839/18 1341/2837/18
f 1444/2838/18 1343/2841/18 1342/2839/18
f 1443/2840/18 1344/2843/18 1343/2841/18
f 1442/2842/18 1345/2845/18 1344/2843/18
f 1441/2844/18 1346/2847/18 1345/2845/18
f 1440/2846/18 1347/2849/18 1346/2847/18
f 1439/2848/18 1348/2851/18 1347/2849/18
f 1438/2850/18 1349/2853/18 1348/2851/18
f 1437/2852/18 1350/2855/18 1349/2853/18
f 1436/2854/18 1351/2857/18 1350/2855/18
f 1435/2856/18 1352/2859/18 1351/2857/18
f 1434/2858/18 1353/2861/18 1352/2859/18
f 1433/2860/18 1354/2863/18 1353/2861/18
f 1432/2862/18 1355/2865/18 1354/2863/18
f 1431/2864/18 1356/2867/18 1355/2865/18
f 1430/2866/18 1357/2869/18 1356/2867/18
f 1429/2868/18 1358/2871/18 1357/2869/18
f 1428/2870/18 1359/2873/18 1358/2871/18
f 1427/2872/18 1360/2875/18 1359/2873/18
f 1426/2874/18 1361/2877/18 1360/2875/18
f 1425/2876/18 1362/2879/18 1361/2877/18
f 1424/2878/18 1363/2880/18 1362/2879/18
f 1424/2878/18 1423/2814/18 1364/2816/18
f 1334/2881/181 1422/2884/426 1451/2882/182
f 1422/2884/184 1421/2887/80 1450/2885/185
f 1420/2886/80 1449/2889/80 1450/2885/80
f 1419/2888/80 1448/2891/80 1449/2889/80
f 1418/2890/80 1447/2893/80 1448/2891/80
f 1417/2892/80 1446/2895/80 1447/2893/80
f 1416/2894/80 1445/2897/80 1446/2895/80
f 1415/2896/80 1444/2899/80 1445/2897/80
f 1414/2898/80 1443/2901/80 1444/2899/80
f 1413/2900/80 1442/2903/80 1443/2901/80
f 1412/2902/80 1441/2905/80 1442/2903/80
f 1411/2904/80 1440/2907/80 1441/2905/80
f 1410/2906/80 1439/2909/80 1440/2907/80
f 1409/2908/80 1438/2911/80 1439/2909/80
f 1408/2910/80 1437/2913/80 1438/2911/80
f 1407/2912/80 1436/2915/80 1437/2913/80
f 1406/2914/80 1435/2917/80 1436/2915/80
f 1405/2916/80 1434/2919/80 1435/2917/80
f 1404/2918/80 1433/2921/80 1434/2919/80
f 1403/2920/80 1432/2923/80 1433/2921/80
f 1402/2922/80 1431/2925/80 1432/2923/80
f 1401/2924/80 1430/2927/80 1431/2925/80
f 1400/2926/80 1429/2929/80 1430/2927/80
f 1399/2928/80 1428/2931/80 1429/2929/80
f 1398/2930/80 1427/2933/80 1428/2931/80
f 1397/2932/80 1426/2935/80 1427/2933/80
f 1396/2934/80 1425/2937/80 1426/2935/80
f 1395/2936/187 1424/2938/187 1425/2937/187
f 1394/2813/171 1423/2812/171 1424/2938/171
f 1393/1561/4 1422/2941/4 1334/2939/4
f 1392/1564/4 1421/2943/4 1422/2941/4
f 1391/2942/4 1420/2945/4 1421/2943/4
f 1390/2944/4 1419/2947/4 1420/2945/4
f 1389/2946/4 1418/2949/4 1419/2947/4
f 1388/2948/4 1417/2951/4 1418/2949/4
f 1387/2950/4 1416/2953/4 1417/2951/4
f 1386/2952/4 1415/2955/4 1416/2953/4
f 1385/2954/4 1414/2957/4 1415/2955/4
f 1384/2956/4 1413/2959/4 1414/2957/4
f 1383/2958/4 1412/2961/4 1413/2959/4
f 1382/2960/4 1411/2963/4 1412/2961/4
f 1381/2962/4 1410/2965/4 1411/2963/4
f 1380/2964/4 1409/2967/4 1410/2965/4
f 1379/2966/4 1408/2969/4 1409/2967/4
f 1378/2968/4 1407/2971/4 1408/2969/4
f 1377/2970/4 1406/2973/4 1407/2971/4
f 1376/2972/4 1405/2975/4 1406/2973/4
f 1375/2974/4 1404/2977/4 1405/2975/4
f 1374/2976/4 1403/2979/4 1404/2977/4
f 1373/2978/4 1402/2981/4 1403/2979/4
f 1372/2980/4 1401/2983/4 1402/2981/4
f 1371/2982/4 1400/2985/4 1401/2983/4
f 1370/2984/4 1399/2987/4 1400/2985/4
f 1369/2986/4 1398/2989/4 1399/2987/4
f 1368/2988/4 1397/2991/4 1398/2989/4
f 1367/2990/4 1396/2993/4 1397/2991/4
f 1367/2990/4 1366/2994/4 1395/2992/4
f 1365/2810/4 1394/2809/4 1395/2992/4
f 1336/2995/188 1393/2999/427 1330/2996/189
f 1337/2998/191 1392/3001/70 1393/2999/192
f 1338/3000/70 1391/3003/70 1392/3001/70
f 1339/3002/70 1390/3005/70 1391/3003/70
f 1340/3004/70 1389/3007/70 1390/3005/70
f 1341/3006/70 1388/3009/70 1389/3007/70
f 1342/3008/70 1387/3011/70 1388/3009/70
f 1343/3010/70 1386/3013/70 1387/3011/70
f 1344/3012/70 1385/3015/70 1386/3013/70
f 1345/3014/70 1384/3017/70 1385/3015/70
f 1346/3016/70 1383/3019/70 1384/3017/70
f 1347/3018/70 1382/3021/70 1383/3019/70
f 1348/3020/70 1381/3023/70 1382/3021/70
f 1349/3022/70 1380/3025/70 1381/3023/70
f 1350/3024/70 1379/3027/70 1380/3025/70
f 1351/3026/70 1378/3029/70 1379/3027/70
f 1352/3028/70 1377/3031/70 1378/3029/70
f 1353/3030/70 1376/3033/70 1377/3031/70
f 1354/3032/70 1375/3035/70 1376/3033/70
f 1355/3034/70 1374/3037/70 1375/3035/70
f 1356/3036/70 1373/3039/70 1374/3037/70
f 1357/3038/70 1372/3041/70 1373/3039/70
f 1358/3040/70 1371/3043/70 1372/3041/70
f 1359/3042/70 1370/3045/70 1371/3043/70
f 1360/3044/70 1369/3047/70 1370/3045/70
f 1361/3046/194 1368/3049/428 1369/3047/195
f 1362/3048/196 1367/3051/429 1368/3049/197
f 1363/3050/199 1366/4547/430 1367/3051/200
f 1364/2807/202 1365/2806/169 1366/3052/203
usemtl Material.01
f 1453/3054/205 1489/3055/205 1488/3056/205
f 1455/3057/4 1518/3058/4 1489/3059/4
f 1459/3060/206 1547/3061/206 1518/3062/206
f 1547/3063/18 1453/3064/18 1488/3065/18
f 1458/3066/207 1452/3067/208 1454/3068/209
f 1455/3069/210 1457/3070/210 1459/3071/210
f 1456/3072/211 1460/3073/212 1452/3074/213
f 1574/3075/214 1460/3073/212 1575/3076/215
f 1573/3077/18 1461/3078/18 1574/3075/214
f 1572/3079/18 1462/3080/18 1573/3077/18
f 1571/3081/18 1463/3082/18 1572/3079/18
f 1570/3083/18 1464/3084/18 1571/3081/18
f 1569/3085/18 1465/3086/18 1570/3083/18
f 1568/3087/18 1466/3088/18 1569/3085/18
f 1567/3089/18 1467/3090/18 1568/3087/18
f 1566/3091/18 1468/3092/18 1567/3089/18
f 1565/3093/18 1469/3094/18 1566/3091/18
f 1564/3095/18 1470/3096/18 1565/3093/18
f 1563/3097/18 1471/3098/18 1564/3095/18
f 1562/3099/18 1472/3100/18 1563/3097/18
f 1561/3101/18 1473/3102/18 1562/3099/18
f 1560/3103/18 1474/3104/18 1561/3101/18
f 1559/3105/18 1475/3106/18 1560/3103/18
f 1558/3107/18 1476/3108/18 1559/3105/18
f 1557/3109/18 1477/3110/18 1558/3107/18
f 1556/3111/18 1478/3112/18 1557/3109/18
f 1555/3113/18 1479/3114/18 1556/3111/18
f 1554/3115/18 1480/3116/18 1555/3113/18
f 1553/3117/18 1481/3118/18 1554/3115/18
f 1552/3119/18 1482/3120/18 1553/3117/18
f 1551/3121/18 1483/3122/18 1552/3119/18
f 1550/3123/18 1484/3124/18 1551/3121/18
f 1549/3125/18 1485/3126/18 1550/3123/18
f 1549/3125/18 1487/3127/18 1486/3128/18
f 1548/3129/18 1488/3065/18 1487/3127/18
f 1458/3130/216 1575/3131/217 1456/3132/218
f 1546/3133/219 1574/3134/220 1575/3131/221
f 1544/3135/80 1574/3134/80 1545/3136/80
f 1543/3137/80 1573/3138/80 1544/3135/80
f 1542/3139/80 1572/3140/80 1543/3137/80
f 1541/3141/80 1571/3142/80 1542/3139/80
f 1540/3143/80 1570/3144/80 1541/3141/80
f 1539/3145/80 1569/3146/80 1540/3143/80
f 1538/3147/80 1568/3148/80 1539/3145/80
f 1537/3149/80 1567/3150/80 1538/3147/80
f 1536/3151/80 1566/3152/80 1537/3149/80
f 1535/3153/80 1565/3154/80 1536/3151/80
f 1534/3155/80 1564/3156/80 1535/3153/80
f 1533/3157/80 1563/3158/80 1534/3155/80
f 1532/3159/80 1562/3160/80 1533/3157/80
f 1531/3161/80 1561/3162/80 1532/3159/80
f 1530/3163/80 1560/3164/80 1531/3161/80
f 1529/3165/80 1559/3166/80 1530/3163/80
f 1528/3167/80 1558/3168/80 1529/3165/80
f 1527/3169/80 1557/3170/80 1528/3167/80
f 1526/3171/80 1556/3172/80 1527/3169/80
f 1525/3173/80 1555/3174/80 1526/3171/80
f 1524/3175/80 1554/3176/80 1525/3173/80
f 1523/3177/80 1553/3178/80 1524/3175/80
f 1522/3179/80 1552/3180/80 1523/3177/80
f 1521/3181/80 1551/3182/80 1522/3179/80
f 1520/3183/80 1550/3184/80 1521/3181/80
f 1519/3185/222 1549/3186/222 1520/3183/222
f 1518/3062/206 1548/3187/206 1519/3185/206
f 1517/3188/4 1458/3189/4 1454/3190/4
f 1516/3191/4 1546/3192/4 1517/3188/4
f 1515/3193/4 1545/3194/4 1516/3191/4
f 1514/3195/4 1544/3196/4 1515/3193/4
f 1513/3197/4 1543/3198/4 1514/3195/4
f 1512/3199/4 1542/3200/4 1513/3197/4
f 1511/3201/4 1541/3202/4 1512/3199/4
f 1510/3203/4 1540/3204/4 1511/3201/4
f 1509/3205/4 1539/3206/4 1510/3203/4
f 1508/3207/4 1538/3208/4 1509/3205/4
f 1507/3209/4 1537/3210/4 1508/3207/4
f 1506/3211/4 1536/3212/4 1507/3209/4
f 1505/3213/4 1535/3214/4 1506/3211/4
f 1504/3215/4 1534/3216/4 1505/3213/4
f 1503/3217/4 1533/3218/4 1504/3215/4
f 1502/3219/4 1532/3220/4 1503/3217/4
f 1501/3221/4 1531/3222/4 1502/3219/4
f 1500/3223/4 1530/3224/4 1501/3221/4
f 1499/3225/4 1529/3226/4 1500/3223/4
f 1498/3227/4 1528/3228/4 1499/3225/4
f 1497/3229/4 1527/3230/4 1498/3227/4
f 1496/3231/4 1526/3232/4 1497/3229/4
f 1495/3233/4 1525/3234/4 1496/3231/4
f 1494/3235/4 1524/3236/4 1495/3233/4
f 1493/3237/4 1523/3238/4 1494/3235/4
f 1493/3237/4 1521/3239/4 1522/3240/4
f 1492/3241/4 1520/3242/4 1521/3239/4
f 1491/3243/4 1519/3244/4 1520/3242/4
f 1490/3245/4 1518/3058/4 1519/3244/4
f 1460/3246/223 1454/3247/224 1452/3248/225
f 1461/3249/226 1517/3250/227 1460/3246/223
f 1462/3251/70 1516/3252/70 1461/3249/70
f 1463/3253/70 1515/3254/70 1462/3251/70
f 1464/3255/70 1514/3256/70 1463/3253/70
f 1465/3257/70 1513/3258/70 1464/3255/70
f 1466/3259/70 1512/3260/70 1465/3257/70
f 1467/3261/70 1511/3262/70 1466/3259/70
f 1468/3263/70 1510/3264/70 1467/3261/70
f 1469/3265/70 1509/3266/70 1468/3263/70
f 1470/3267/70 1508/3268/70 1469/3265/70
f 1471/3269/70 1507/3270/70 1470/3267/70
f 1472/3271/70 1506/3272/70 1471/3269/70
f 1473/3273/70 1505/3274/70 1472/3271/70
f 1474/3275/70 1504/3276/70 1473/3273/70
f 1475/3277/70 1503/3278/70 1474/3275/70
f 1476/3279/70 1502/3280/70 1475/3277/70
f 1477/3281/70 1501/3282/70 1476/3279/70
f 1478/3283/70 1500/3284/70 1477/3281/70
f 1479/3285/70 1499/3286/70 1478/3283/70
f 1480/3287/70 1498/3288/70 1479/3285/70
f 1481/3289/70 1497/3290/70 1480/3287/70
f 1482/3291/70 1496/3292/70 1481/3289/70
f 1483/3293/70 1495/3294/70 1482/3291/70
f 1484/3295/70 1494/3296/70 1483/3293/70
f 1485/3297/228 1493/3298/229 1484/3295/70
f 1486/3299/230 1492/3300/231 1485/3297/232
f 1487/3301/233 1491/3302/234 1486/3299/235
f 1488/3056/236 1490/3303/237 1487/3301/238
f 1453/3054/205 1455/4548/205 1489/3055/205
f 1455/3057/4 1459/4549/4 1518/3058/4
f 1459/3060/206 1457/4550/206 1547/3061/206
f 1547/3063/18 1457/4551/18 1453/3064/18
f 1458/3066/207 1456/4552/431 1452/3067/208
f 1455/3069/210 1453/4553/210 1457/3070/210
f 1456/3072/211 1575/3076/215 1460/3073/212
f 1574/3075/214 1461/3078/18 1460/3073/212
f 1573/3077/18 1462/3080/18 1461/3078/18
f 1572/3079/18 1463/3082/18 1462/3080/18
f 1571/3081/18 1464/3084/18 1463/3082/18
f 1570/3083/18 1465/3086/18 1464/3084/18
f 1569/3085/18 1466/3088/18 1465/3086/18
f 1568/3087/18 1467/3090/18 1466/3088/18
f 1567/3089/18 1468/3092/18 1467/3090/18
f 1566/3091/18 1469/3094/18 1468/3092/18
f 1565/3093/18 1470/3096/18 1469/3094/18
f 1564/3095/18 1471/3098/18 1470/3096/18
f 1563/3097/18 1472/3100/18 1471/3098/18
f 1562/3099/18 1473/3102/18 1472/3100/18
f 1561/3101/18 1474/3104/18 1473/3102/18
f 1560/3103/18 1475/3106/18 1474/3104/18
f 1559/3105/18 1476/3108/18 1475/3106/18
f 1558/3107/18 1477/3110/18 1476/3108/18
f 1557/3109/18 1478/3112/18 1477/3110/18
f 1556/3111/18 1479/3114/18 1478/3112/18
f 1555/3113/18 1480/3116/18 1479/3114/18
f 1554/3115/18 1481/3118/18 1480/3116/18
f 1553/3117/18 1482/3120/18 1481/3118/18
f 1552/3119/18 1483/3122/18 1482/3120/18
f 1551/3121/18 1484/3124/18 1483/3122/18
f 1550/3123/18 1485/3126/18 1484/3124/18
f 1549/3125/18 1486/3128/18 1485/3126/18
f 1549/3125/18 1548/3129/18 1487/3127/18
f 1548/3129/18 1547/3063/18 1488/3065/18
f 1458/3130/216 1546/3133/343 1575/3131/217
f 1546/3133/219 1545/3136/80 1574/3134/220
f 1544/3135/80 1573/3138/80 1574/3134/80
f 1543/3137/80 1572/3140/80 1573/3138/80
f 1542/3139/80 1571/3142/80 1572/3140/80
f 1541/3141/80 1570/3144/80 1571/3142/80
f 1540/3143/80 1569/3146/80 1570/3144/80
f 1539/3145/80 1568/3148/80 1569/3146/80
f 1538/3147/80 1567/3150/80 1568/3148/80
f 1537/3149/80 1566/3152/80 1567/3150/80
f 1536/3151/80 1565/3154/80 1566/3152/80
f 1535/3153/80 1564/3156/80 1565/3154/80
f 1534/3155/80 1563/3158/80 1564/3156/80
f 1533/3157/80 1562/3160/80 1563/3158/80
f 1532/3159/80 1561/3162/80 1562/3160/80
f 1531/3161/80 1560/3164/80 1561/3162/80
f 1530/3163/80 1559/3166/80 1560/3164/80
f 1529/3165/80 1558/3168/80 1559/3166/80
f 1528/3167/80 1557/3170/80 1558/3168/80
f 1527/3169/80 1556/3172/80 1557/3170/80
f 1526/3171/80 1555/3174/80 1556/3172/80
f 1525/3173/80 1554/3176/80 1555/3174/80
f 1524/3175/80 1553/3178/80 1554/3176/80
f 1523/3177/80 1552/3180/80 1553/3178/80
f 1522/3179/80 1551/3182/80 1552/3180/80
f 1521/3181/80 1550/3184/80 1551/3182/80
f 1520/3183/80 1549/3186/80 1550/3184/80
f 1519/3185/222 1548/3187/222 1549/3186/222
f 1518/3062/206 1547/3061/206 1548/3187/206
f 1517/3188/4 1546/3192/4 1458/3189/4
f 1516/3191/4 1545/3194/4 1546/3192/4
f 1515/3193/4 1544/3196/4 1545/3194/4
f 1514/3195/4 1543/3198/4 1544/3196/4
f 1513/3197/4 1542/3200/4 1543/3198/4
f 1512/3199/4 1541/3202/4 1542/3200/4
f 1511/3201/4 1540/3204/4 1541/3202/4
f 1510/3203/4 1539/3206/4 1540/3204/4
f 1509/3205/4 1538/3208/4 1539/3206/4
f 1508/3207/4 1537/3210/4 1538/3208/4
f 1507/3209/4 1536/3212/4 1537/3210/4
f 1506/3211/4 1535/3214/4 1536/3212/4
f 1505/3213/4 1534/3216/4 1535/3214/4
f 1504/3215/4 1533/3218/4 1534/3216/4
f 1503/3217/4 1532/3220/4 1533/3218/4
f 1502/3219/4 1531/3222/4 1532/3220/4
f 1501/3221/4 1530/3224/4 1531/3222/4
f 1500/3223/4 1529/3226/4 1530/3224/4
f 1499/3225/4 1528/3228/4 1529/3226/4
f 1498/3227/4 1527/3230/4 1528/3228/4
f 1497/3229/4 1526/3232/4 1527/3230/4
f 1496/3231/4 1525/3234/4 1526/3232/4
f 1495/3233/4 1524/3236/4 1525/3234/4
f 1494/3235/4 1523/3238/4 1524/3236/4
f 1493/3237/4 1522/3240/4 1523/3238/4
f 1493/3237/4 1492/3241/4 1521/3239/4
f 1492/3241/4 1491/3243/4 1520/3242/4
f 1491/3243/4 1490/3245/4 1519/3244/4
f 1490/3245/4 1489/3059/4 1518/3058/4
f 1460/3246/223 1517/3250/227 1454/3247/224
f 1461/3249/226 1516/3252/70 1517/3250/227
f 1462/3251/70 1515/3254/70 1516/3252/70
f 1463/3253/70 1514/3256/70 1515/3254/70
f 1464/3255/70 1513/3258/70 1514/3256/70
f 1465/3257/70 1512/3260/70 1513/3258/70
f 1466/3259/70 1511/3262/70 1512/3260/70
f 1467/3261/70 1510/3264/70 1511/3262/70
f 1468/3263/70 1509/3266/70 1510/3264/70
f 1469/3265/70 1508/3268/70 1509/3266/70
f 1470/3267/70 1507/3270/70 1508/3268/70
f 1471/3269/70 1506/3272/70 1507/3270/70
f 1472/3271/70 1505/3274/70 1506/3272/70
f 1473/3273/70 1504/3276/70 1505/3274/70
f 1474/3275/70 1503/3278/70 1504/3276/70
f 1475/3277/70 1502/3280/70 1503/3278/70
f 1476/3279/70 1501/3282/70 1502/3280/70
f 1477/3281/70 1500/3284/70 1501/3282/70
f 1478/3283/70 1499/3286/70 1500/3284/70
f 1479/3285/70 1498/3288/70 1499/3286/70
f 1480/3287/70 1497/3290/70 1498/3288/70
f 1481/3289/70 1496/3292/70 1497/3290/70
f 1482/3291/70 1495/3294/70 1496/3292/70
f 1483/3293/70 1494/3296/70 1495/3294/70
f 1484/3295/70 1493/3298/229 1494/3296/70
f 1485/3297/228 1492/3300/432 1493/3298/229
f 1486/3299/230 1491/3302/433 1492/3300/231
f 1487/3301/233 1490/3303/434 1491/3302/234
f 1488/3056/236 1489/3055/435 1490/3303/237
usemtl Material.02
f 1577/3304/239 1613/3305/240 1612/3306/239
f 1579/3307/4 1642/3308/4 1613/3309/4
f 1583/3310/206 1671/3311/241 1642/3312/241
f 1671/3313/18 1577/3314/18 1612/3315/18
f 1582/3316/207 1576/3317/208 1578/3318/209
f 1579/3319/210 1581/3320/210 1583/3321/210
f 1580/3322/211 1584/3323/212 1576/3324/213
f 1698/3325/214 1584/3323/212 1699/3326/215
f 1697/3327/18 1585/3328/18 1698/3325/214
f 1696/3329/18 1586/3330/18 1697/3327/18
f 1695/3331/18 1587/3332/18 1696/3329/18
f 1694/3333/18 1588/3334/18 1695/3331/18
f 1693/3335/18 1589/3336/18 1694/3333/18
f 1692/3337/18 1590/3338/18 1693/3335/18
f 1691/3339/18 1591/3340/18 1692/3337/18
f 1690/3341/18 1592/3342/18 1691/3339/18
f 1689/3343/18 1593/3344/18 1690/3341/18
f 1688/3345/18 1594/3346/18 1689/3343/18
f 1687/3347/18 1595/3348/18 1688/3345/18
f 1686/3349/18 1596/3350/18 1687/3347/18
f 1685/3351/18 1597/3352/18 1686/3349/18
f 1684/3353/18 1598/3354/18 1685/3351/18
f 1683/3355/18 1599/3356/18 1684/3353/18
f 1682/3357/18 1600/3358/18 1683/3355/18
f 1681/3359/18 1601/3360/18 1682/3357/18
f 1680/3361/18 1602/3362/18 1681/3359/18
f 1679/3363/18 1603/3364/18 1680/3361/18
f 1678/3365/18 1604/3366/18 1679/3363/18
f 1677/3367/18 1605/3368/18 1678/3365/18
f 1676/3369/18 1606/3370/18 1677/3367/18
f 1675/3371/18 1607/3372/18 1676/3369/18
f 1674/3373/18 1608/3374/18 1675/3371/18
f 1673/3375/18 1609/3376/18 1674/3373/18
f 1673/3375/18 1611/3377/18 1610/3378/18
f 1672/3379/18 1612/3315/18 1611/3377/18
f 1582/3380/242 1699/3381/217 1580/3382/243
f 1670/3383/219 1698/3384/244 1699/3381/245
f 1668/3385/80 1698/3384/80 1669/3386/80
f 1667/3387/80 1697/3388/80 1668/3385/80
f 1666/3389/80 1696/3390/80 1667/3387/80
f 1665/3391/80 1695/3392/80 1666/3389/80
f 1664/3393/80 1694/3394/80 1665/3391/80
f 1663/3395/80 1693/3396/80 1664/3393/80
f 1662/3397/80 1692/3398/80 1663/3395/80
f 1661/3399/80 1691/3400/80 1662/3397/80
f 1660/3401/80 1690/3402/80 1661/3399/80
f 1659/3403/80 1689/3404/80 1660/3401/80
f 1658/3405/80 1688/3406/80 1659/3403/80
f 1657/3407/80 1687/3408/80 1658/3405/80
f 1656/3409/80 1686/3410/80 1657/3407/80
f 1655/3411/80 1685/3412/80 1656/3409/80
f 1654/3413/80 1684/3414/80 1655/3411/80
f 1653/3415/80 1683/3416/80 1654/3413/80
f 1652/3417/80 1682/3418/80 1653/3415/80
f 1651/3419/80 1681/3420/80 1652/3417/80
f 1650/3421/80 1680/3422/80 1651/3419/80
f 1649/3423/80 1679/3424/80 1650/3421/80
f 1648/3425/80 1678/3426/80 1649/3423/80
f 1647/3427/80 1677/3428/80 1648/3425/80
f 1646/3429/80 1676/3430/80 1647/3427/80
f 1645/3431/80 1675/3432/80 1646/3429/80
f 1644/3433/80 1674/3434/80 1645/3431/80
f 1643/3435/246 1673/3436/246 1644/3433/246
f 1642/3312/241 1672/3437/247 1643/3435/247
f 1641/3438/4 1582/3439/4 1578/3440/4
f 1640/3441/4 1670/3442/4 1641/3438/4
f 1639/3443/4 1669/3444/4 1640/3441/4
f 1638/3445/4 1668/3446/4 1639/3443/4
f 1637/3447/4 1667/3448/4 1638/3445/4
f 1636/3449/4 1666/3450/4 1637/3447/4
f 1635/3451/4 1665/3452/4 1636/3449/4
f 1634/3453/4 1664/3454/4 1635/3451/4
f 1633/3455/4 1663/3456/4 1634/3453/4
f 1632/3457/4 1662/3458/4 1633/3455/4
f 1631/3459/4 1661/3460/4 1632/3457/4
f 1630/3461/4 1660/3462/4 1631/3459/4
f 1629/3463/4 1659/3464/4 1630/3461/4
f 1628/3465/4 1658/3466/4 1629/3463/4
f 1627/3467/4 1657/3468/4 1628/3465/4
f 1626/3469/4 1656/3470/4 1627/3467/4
f 1625/3471/4 1655/3472/4 1626/3469/4
f 1624/3473/4 1654/3474/4 1625/3471/4
f 1623/3475/4 1653/3476/4 1624/3473/4
f 1622/3477/4 1652/3478/4 1623/3475/4
f 1621/3479/4 1651/3480/4 1622/3477/4
f 1620/3481/4 1650/3482/4 1621/3479/4
f 1619/3483/4 1649/3484/4 1620/3481/4
f 1618/3485/4 1648/3486/4 1619/3483/4
f 1617/3487/4 1647/3488/4 1618/3485/4
f 1617/3487/4 1645/3489/4 1646/3490/4
f 1616/3491/4 1644/3492/4 1645/3489/4
f 1615/3493/4 1643/3494/4 1644/3492/4
f 1614/3495/4 1642/3308/4 1643/3494/4
f 1584/3496/248 1578/3497/224 1576/3498/249
f 1585/3499/226 1641/3500/227 1584/3496/248
f 1586/3501/70 1640/3502/70 1585/3499/70
f 1587/3503/70 1639/3504/70 1586/3501/70
f 1588/3505/70 1638/3506/70 1587/3503/70
f 1589/3507/70 1637/3508/70 1588/3505/70
f 1590/3509/70 1636/3510/70 1589/3507/70
f 1591/3511/70 1635/3512/70 1590/3509/70
f 1592/3513/70 1634/3514/70 1591/3511/70
f 1593/3515/70 1633/3516/70 1592/3513/70
f 1594/3517/70 1632/3518/70 1593/3515/70
f 1595/3519/70 1631/3520/70 1594/3517/70
f 1596/3521/70 1630/3522/70 1595/3519/70
f 1597/3523/70 1629/3524/70 1596/3521/70
f 1598/3525/70 1628/3526/70 1597/3523/70
f 1599/3527/70 1627/3528/70 1598/3525/70
f 1600/3529/70 1626/3530/70 1599/3527/70
f 1601/3531/70 1625/3532/70 1600/3529/70
f 1602/3533/70 1624/3534/70 1601/3531/70
f 1603/3535/70 1623/3536/70 1602/3533/70
f 1604/3537/70 1622/3538/70 1603/3535/70
f 1605/3539/70 1621/3540/70 1604/3537/70
f 1606/3541/70 1620/3542/70 1605/3539/70
f 1607/3543/70 1619/3544/70 1606/3541/70
f 1608/3545/70 1618/3546/70 1607/3543/70
f 1609/3547/228 1617/3548/229 1608/3545/70
f 1610/3549/230 1616/3550/231 1609/3547/232
f 1611/3551/233 1615/3552/234 1610/3549/235
f 1612/3306/250 1614/3553/251 1611/3551/252
f 1577/3304/239 1579/4554/240 1613/3305/240
f 1579/3307/4 1583/4555/4 1642/3308/4
f 1583/3310/206 1581/4556/206 1671/3311/241
f 1671/3313/18 1581/4557/18 1577/3314/18
f 1582/3316/207 1580/4558/431 1576/3317/208
f 1579/3319/210 1577/4559/210 1581/3320/210
f 1580/3322/211 1699/3326/215 1584/3323/212
f 1698/3325/214 1585/3328/18 1584/3323/212
f 1697/3327/18 1586/3330/18 1585/3328/18
f 1696/3329/18 1587/3332/18 1586/3330/18
f 1695/3331/18 1588/3334/18 1587/3332/18
f 1694/3333/18 1589/3336/18 1588/3334/18
f 1693/3335/18 1590/3338/18 1589/3336/18
f 1692/3337/18 1591/3340/18 1590/3338/18
f 1691/3339/18 1592/3342/18 1591/3340/18
f 1690/3341/18 1593/3344/18 1592/3342/18
f 1689/3343/18 1594/3346/18 1593/3344/18
f 1688/3345/18 1595/3348/18 1594/3346/18
f 1687/3347/18 1596/3350/18 1595/3348/18
f 1686/3349/18 1597/3352/18 1596/3350/18
f 1685/3351/18 1598/3354/18 1597/3352/18
f 1684/3353/18 1599/3356/18 1598/3354/18
f 1683/3355/18 1600/3358/18 1599/3356/18
f 1682/3357/18 1601/3360/18 1600/3358/18
f 1681/3359/18 1602/3362/18 1601/3360/18
f 1680/3361/18 1603/3364/18 1602/3362/18
f 1679/3363/18 1604/3366/18 1603/3364/18
f 1678/3365/18 1605/3368/18 1604/3366/18
f 1677/3367/18 1606/3370/18 1605/3368/18
f 1676/3369/18 1607/3372/18 1606/3370/18
f 1675/3371/18 1608/3374/18 1607/3372/18
f 1674/3373/18 1609/3376/18 1608/3374/18
f 1673/3375/18 1610/3378/18 1609/3376/18
f 1673/3375/18 1672/3379/18 1611/3377/18
f 1672/3379/18 1671/3313/18 1612/3315/18
f 1582/3380/242 1670/3383/343 1699/3381/217
f 1670/3383/219 1669/3386/80 1698/3384/244
f 1668/3385/80 1697/3388/80 1698/3384/80
f 1667/3387/80 1696/3390/80 1697/3388/80
f 1666/3389/80 1695/3392/80 1696/3390/80
f 1665/3391/80 1694/3394/80 1695/3392/80
f 1664/3393/80 1693/3396/80 1694/3394/80
f 1663/3395/80 1692/3398/80 1693/3396/80
f 1662/3397/80 1691/3400/80 1692/3398/80
f 1661/3399/80 1690/3402/80 1691/3400/80
f 1660/3401/80 1689/3404/80 1690/3402/80
f 1659/3403/80 1688/3406/80 1689/3404/80
f 1658/3405/80 1687/3408/80 1688/3406/80
f 1657/3407/80 1686/3410/80 1687/3408/80
f 1656/3409/80 1685/3412/80 1686/3410/80
f 1655/3411/80 1684/3414/80 1685/3412/80
f 1654/3413/80 1683/3416/80 1684/3414/80
f 1653/3415/80 1682/3418/80 1683/3416/80
f 1652/3417/80 1681/3420/80 1682/3418/80
f 1651/3419/80 1680/3422/80 1681/3420/80
f 1650/3421/80 1679/3424/80 1680/3422/80
f 1649/3423/80 1678/3426/80 1679/3424/80
f 1648/3425/80 1677/3428/80 1678/3426/80
f 1647/3427/80 1676/3430/80 1677/3428/80
f 1646/3429/80 1675/3432/80 1676/3430/80
f 1645/3431/80 1674/3434/80 1675/3432/80
f 1644/3433/80 1673/3436/80 1674/3434/80
f 1643/3435/246 1672/3437/246 1673/3436/246
f 1642/3312/241 1671/3311/241 1672/3437/247
f 1641/3438/4 1670/3442/4 1582/3439/4
f 1640/3441/4 1669/3444/4 1670/3442/4
f 1639/3443/4 1668/3446/4 1669/3444/4
f 1638/3445/4 1667/3448/4 1668/3446/4
f 1637/3447/4 1666/3450/4 1667/3448/4
f 1636/3449/4 1665/3452/4 1666/3450/4
f 1635/3451/4 1664/3454/4 1665/3452/4
f 1634/3453/4 1663/3456/4 1664/3454/4
f 1633/3455/4 1662/3458/4 1663/3456/4
f 1632/3457/4 1661/3460/4 1662/3458/4
f 1631/3459/4 1660/3462/4 1661/3460/4
f 1630/3461/4 1659/3464/4 1660/3462/4
f 1629/3463/4 1658/3466/4 1659/3464/4
f 1628/3465/4 1657/3468/4 1658/3466/4
f 1627/3467/4 1656/3470/4 1657/3468/4
f 1626/3469/4 1655/3472/4 1656/3470/4
f 1625/3471/4 1654/3474/4 1655/3472/4
f 1624/3473/4 1653/3476/4 1654/3474/4
f 1623/3475/4 1652/3478/4 1653/3476/4
f 1622/3477/4 1651/3480/4 1652/3478/4
f 1621/3479/4 1650/3482/4 1651/3480/4
f 1620/3481/4 1649/3484/4 1650/3482/4
f 1619/3483/4 1648/3486/4 1649/3484/4
f 1618/3485/4 1647/3488/4 1648/3486/4
f 1617/3487/4 1646/3490/4 1647/3488/4
f 1617/3487/4 1616/3491/4 1645/3489/4
f 1616/3491/4 1615/3493/4 1644/3492/4
f 1615/3493/4 1614/3495/4 1643/3494/4
f 1614/3495/4 1613/3309/4 1642/3308/4
f 1584/3496/248 1641/3500/227 1578/3497/224
f 1585/3499/226 1640/3502/70 1641/3500/227
f 1586/3501/70 1639/3504/70 1640/3502/70
f 1587/3503/70 1638/3506/70 1639/3504/70
f 1588/3505/70 1637/3508/70 1638/3506/70
f 1589/3507/70 1636/3510/70 1637/3508/70
f 1590/3509/70 1635/3512/70 1636/3510/70
f 1591/3511/70 1634/3514/70 1635/3512/70
f 1592/3513/70 1633/3516/70 1634/3514/70
f 1593/3515/70 1632/3518/70 1633/3516/70
f 1594/3517/70 1631/3520/70 1632/3518/70
f 1595/3519/70 1630/3522/70 1631/3520/70
f 1596/3521/70 1629/3524/70 1630/3522/70
f 1597/3523/70 1628/3526/70 1629/3524/70
f 1598/3525/70 1627/3528/70 1628/3526/70
f 1599/3527/70 1626/3530/70 1627/3528/70
f 1600/3529/70 1625/3532/70 1626/3530/70
f 1601/3531/70 1624/3534/70 1625/3532/70
f 1602/3533/70 1623/3536/70 1624/3534/70
f 1603/3535/70 1622/3538/70 1623/3536/70
f 1604/3537/70 1621/3540/70 1622/3538/70
f 1605/3539/70 1620/3542/70 1621/3540/70
f 1606/3541/70 1619/3544/70 1620/3542/70
f 1607/3543/70 1618/3546/70 1619/3544/70
f 1608/3545/70 1617/3548/229 1618/3546/70
f 1609/3547/228 1616/3550/432 1617/3548/229
f 1610/3549/230 1615/3552/433 1616/3550/231
f 1611/3551/233 1614/3553/434 1615/3552/234
f 1612/3306/250 1613/3305/436 1614/3553/251
usemtl Material.03
f 1701/3554/253 1737/3555/254 1736/3556/253
f 1703/3557/255 1766/3558/255 1737/3559/256
f 1707/3560/257 1795/3561/257 1766/3562/258
f 1795/3563/259 1701/3564/260 1736/3565/261
f 1706/3566/262 1700/3567/263 1702/3568/264
f 1707/3569/265 1701/3570/266 1705/3571/266
f 1704/3572/267 1708/3573/268 1700/3574/269
f 1822/3575/270 1708/3573/268 1823/3576/271
f 1822/3575/270 1710/3577/261 1709/3578/272
f 1820/3579/261 1710/3577/261 1821/3580/261
f 1820/3579/261 1712/3581/261 1711/3582/261
f 1819/3583/259 1713/3584/260 1712/3581/261
f 1817/3585/273 1713/3584/260 1818/3586/274
f 1817/3585/273 1715/3587/273 1714/3588/273
f 1815/3589/260 1715/3587/273 1816/3590/273
f 1815/3589/260 1717/3591/259 1716/3592/274
f 1813/3593/261 1717/3591/259 1814/3594/261
f 1812/3595/261 1718/3596/261 1813/3593/261
f 1812/3595/261 1720/3597/261 1719/3598/261
f 1810/3599/259 1720/3597/261 1811/3600/261
f 1810/3599/259 1722/3601/260 1721/3602/261
f 1808/3603/273 1722/3601/260 1809/3604/274
f 1808/3603/273 1724/3605/273 1723/3606/273
f 1807/3607/273 1725/3608/259 1724/3605/273
f 1805/3609/260 1725/3608/259 1806/3610/273
f 1805/3609/260 1727/3611/261 1726/3612/272
f 1803/3613/261 1727/3611/261 1804/3614/261
f 1803/3613/261 1729/3615/261 1728/3616/261
f 1801/3617/272 1729/3615/261 1802/3618/261
f 1800/3619/259 1730/3620/260 1801/3617/272
f 1800/3619/259 1732/3621/273 1731/3622/273
f 1798/3623/273 1732/3621/273 1799/3624/273
f 1798/3623/273 1734/3625/274 1733/3626/273
f 1797/3627/260 1735/3628/272 1734/3625/274
f 1796/3629/261 1736/3565/261 1735/3628/272
f 1706/3630/275 1823/3631/276 1704/3632/277
f 1794/3633/278 1822/3634/279 1823/3631/280
f 1793/3635/281 1821/3636/282 1822/3634/281
f 1791/3637/282 1821/3636/282 1792/3638/282
f 1791/3637/282 1819/3639/281 1820/3640/282
f 1789/3641/282 1819/3639/281 1790/3642/282
f 1789/3641/282 1817/3643/282 1818/3644/282
f 1788/3645/281 1816/3646/282 1817/3643/282
f 1787/3647/282 1815/3648/282 1816/3646/282
f 1786/3649/282 1814/3650/282 1815/3648/282
f 1785/3651/282 1813/3652/282 1814/3650/282
f 1784/3653/282 1812/3654/281 1813/3652/282
f 1782/3655/282 1812/3654/281 1783/3656/282
f 1782/3655/282 1810/3657/282 1811/3658/282
f 1780/3659/282 1810/3657/282 1781/3660/281
f 1780/3659/282 1808/3661/282 1809/3662/282
f 1779/3663/282 1807/3664/281 1808/3661/282
f 1778/3665/282 1806/3666/282 1807/3664/281
f 1777/3667/282 1805/3668/282 1806/3666/282
f 1776/3669/281 1804/3670/282 1805/3668/282
f 1775/3671/282 1803/3672/282 1804/3670/282
f 1773/3673/282 1803/3672/282 1774/3674/282
f 1773/3673/282 1801/3675/282 1802/3676/282
f 1771/3677/282 1801/3675/282 1772/3678/282
f 1771/3677/282 1799/3679/282 1800/3680/281
f 1770/3681/282 1798/3682/282 1799/3679/282
f 1769/3683/281 1797/3684/281 1798/3682/282
f 1768/3685/283 1796/3686/284 1797/3684/284
f 1767/3687/285 1795/3561/257 1796/3686/286
f 1702/3688/287 1794/3689/287 1706/3690/287
f 1765/3691/287 1793/3692/287 1794/3689/287
f 1763/3693/255 1793/3692/287 1764/3694/287
f 1763/3693/255 1791/3695/288 1792/3696/289
f 1761/3697/290 1791/3695/288 1762/3698/290
f 1761/3697/290 1789/3699/290 1790/3700/290
f 1759/3701/291 1789/3699/290 1760/3702/290
f 1758/3703/288 1788/3704/255 1759/3701/291
f 1758/3703/288 1786/3705/287 1787/3706/287
f 1756/3707/287 1786/3705/287 1757/3708/287
f 1756/3707/287 1784/3709/287 1785/3710/287
f 1754/3711/255 1784/3709/287 1755/3712/287
f 1754/3711/255 1782/3713/288 1783/3714/289
f 1753/3715/290 1781/3716/290 1782/3713/288
f 1751/3717/290 1781/3716/290 1752/3718/290
f 1751/3717/290 1779/3719/255 1780/3720/290
f 1749/3721/288 1779/3719/255 1750/3722/291
f 1749/3721/288 1777/3723/287 1778/3724/287
f 1747/3725/287 1777/3723/287 1748/3726/287
f 1746/3727/287 1776/3728/287 1747/3725/287
f 1746/3727/287 1774/3729/288 1775/3730/287
f 1744/3731/255 1774/3729/288 1745/3732/287
f 1744/3731/255 1772/3733/290 1773/3734/291
f 1742/3735/288 1772/3733/290 1743/3736/290
f 1742/3735/288 1770/3737/255 1771/3738/290
f 1741/3739/289 1769/3740/287 1770/3737/255
f 1740/3741/287 1768/3742/287 1769/3740/287
f 1739/3743/255 1767/3744/255 1768/3742/287
f 1738/3745/292 1766/3558/255 1767/3744/255
f 1708/3746/293 1702/3747/294 1700/3748/295
f 1709/3749/296 1765/3750/297 1708/3746/293
f 1710/3751/298 1764/3752/299 1709/3749/299
f 1711/3753/298 1763/3754/298 1710/3751/298
f 1712/3755/300 1762/3756/298 1711/3753/298
f 1713/3757/298 1761/3758/298 1712/3755/300
f 1714/3759/298 1760/3760/298 1713/3757/298
f 1714/3759/298 1758/3761/298 1759/3762/300
f 1716/3763/298 1758/3761/298 1715/3764/298
f 1716/3763/298 1756/3765/298 1757/3766/298
f 1718/3767/298 1756/3765/298 1717/3768/300
f 1719/3769/298 1755/3770/298 1718/3767/298
f 1720/3771/298 1754/3772/300 1719/3769/298
f 1721/3773/298 1753/3774/298 1720/3771/298
f 1722/3775/298 1752/3776/298 1721/3773/298
f 1723/3777/298 1751/3778/298 1722/3775/298
f 1723/3777/298 1749/3779/298 1750/3780/298
f 1725/3781/298 1749/3779/298 1724/3782/300
f 1725/3781/298 1747/3783/300 1748/3784/298
f 1727/3785/301 1747/3783/300 1726/3786/298
f 1728/3787/298 1746/3788/298 1727/3785/301
f 1729/3789/300 1745/3790/298 1728/3787/298
f 1730/3791/301 1744/3792/298 1729/3789/300
f 1731/3793/298 1743/3794/298 1730/3791/301
f 1731/3793/298 1741/3795/302 1742/3796/300
f 1733/3797/303 1741/3795/302 1732/3798/298
f 1734/3799/304 1740/3800/305 1733/3797/306
f 1735/3801/307 1739/3802/308 1734/3799/309
f 1736/3556/310 1738/3803/311 1735/3801/312
f 1701/3554/253 1703/4560/254 1737/3555/254
f 1703/3557/255 1707/4561/437 1766/3558/255
f 1707/3560/257 1705/4562/257 1795/3561/257
f 1795/3563/259 1705/4563/438 1701/3564/260
f 1706/3566/262 1704/4564/439 1700/3567/263
f 1707/3569/265 1703/4565/265 1701/3570/266
f 1704/3572/267 1823/3576/271 1708/3573/268
f 1822/3575/270 1709/3578/272 1708/3573/268
f 1822/3575/270 1821/3580/261 1710/3577/261
f 1820/3579/261 1711/3582/261 1710/3577/261
f 1820/3579/261 1819/3583/259 1712/3581/261
f 1819/3583/259 1818/3586/274 1713/3584/260
f 1817/3585/273 1714/3588/273 1713/3584/260
f 1817/3585/273 1816/3590/273 1715/3587/273
f 1815/3589/260 1716/3592/274 1715/3587/273
f 1815/3589/260 1814/3594/261 1717/3591/259
f 1813/3593/261 1718/3596/261 1717/3591/259
f 1812/3595/261 1719/3598/261 1718/3596/261
f 1812/3595/261 1811/3600/261 1720/3597/261
f 1810/3599/259 1721/3602/261 1720/3597/261
f 1810/3599/259 1809/3604/274 1722/3601/260
f 1808/3603/273 1723/3606/273 1722/3601/260
f 1808/3603/273 1807/3607/273 1724/3605/273
f 1807/3607/273 1806/3610/273 1725/3608/259
f 1805/3609/260 1726/3612/272 1725/3608/259
f 1805/3609/260 1804/3614/261 1727/3611/261
f 1803/3613/261 1728/3616/261 1727/3611/261
f 1803/3613/261 1802/3618/261 1729/3615/261
f 1801/3617/272 1730/3620/260 1729/3615/261
f 1800/3619/259 1731/3622/273 1730/3620/260
f 1800/3619/259 1799/3624/273 1732/3621/273
f 1798/3623/273 1733/3626/273 1732/3621/273
f 1798/3623/273 1797/3627/260 1734/3625/274
f 1797/3627/260 1796/3629/261 1735/3628/272
f 1796/3629/261 1795/3563/259 1736/3565/261
f 1706/3630/275 1794/3633/440 1823/3631/276
f 1794/3633/278 1793/3635/281 1822/3634/279
f 1793/3635/281 1792/3638/282 1821/3636/282
f 1791/3637/282 1820/3640/282 1821/3636/282
f 1791/3637/282 1790/3642/282 1819/3639/281
f 1789/3641/282 1818/3644/282 1819/3639/281
f 1789/3641/282 1788/3645/281 1817/3643/282
f 1788/3645/281 1787/3647/282 1816/3646/282
f 1787/3647/282 1786/3649/282 1815/3648/282
f 1786/3649/282 1785/3651/282 1814/3650/282
f 1785/3651/282 1784/3653/282 1813/3652/282
f 1784/3653/282 1783/3656/282 1812/3654/281
f 1782/3655/282 1811/3658/282 1812/3654/281
f 1782/3655/282 1781/3660/281 1810/3657/282
f 1780/3659/282 1809/3662/282 1810/3657/282
f 1780/3659/282 1779/3663/282 1808/3661/282
f 1779/3663/282 1778/3665/282 1807/3664/281
f 1778/3665/282 1777/3667/282 1806/3666/282
f 1777/3667/282 1776/3669/281 1805/3668/282
f 1776/3669/281 1775/3671/282 1804/3670/282
f 1775/3671/282 1774/3674/282 1803/3672/282
f 1773/3673/282 1802/3676/282 1803/3672/282
f 1773/3673/282 1772/3678/282 1801/3675/282
f 1771/3677/282 1800/3680/281 1801/3675/282
f 1771/3677/282 1770/3681/282 1799/3679/282
f 1770/3681/282 1769/3683/281 1798/3682/282
f 1769/3683/281 1768/3685/281 1797/3684/281
f 1768/3685/283 1767/3687/283 1796/3686/284
f 1767/3687/285 1766/3562/258 1795/3561/257
f 1702/3688/287 1765/3691/287 1794/3689/287
f 1765/3691/287 1764/3694/287 1793/3692/287
f 1763/3693/255 1792/3696/289 1793/3692/287
f 1763/3693/255 1762/3698/290 1791/3695/288
f 1761/3697/290 1790/3700/290 1791/3695/288
f 1761/3697/290 1760/3702/290 1789/3699/290
f 1759/3701/291 1788/3704/255 1789/3699/290
f 1758/3703/288 1787/3706/287 1788/3704/255
f 1758/3703/288 1757/3708/287 1786/3705/287
f 1756/3707/287 1785/3710/287 1786/3705/287
f 1756/3707/287 1755/3712/287 1784/3709/287
f 1754/3711/255 1783/3714/289 1784/3709/287
f 1754/3711/255 1753/3715/290 1782/3713/288
f 1753/3715/290 1752/3718/290 1781/3716/290
f 1751/3717/290 1780/3720/290 1781/3716/290
f 1751/3717/290 1750/3722/291 1779/3719/255
f 1749/3721/288 1778/3724/287 1779/3719/255
f 1749/3721/288 1748/3726/287 1777/3723/287
f 1747/3725/287 1776/3728/287 1777/3723/287
f 1746/3727/287 1775/3730/287 1776/3728/287
f 1746/3727/287 1745/3732/287 1774/3729/288
f 1744/3731/255 1773/3734/291 1774/3729/288
f 1744/3731/255 1743/3736/290 1772/3733/290
f 1742/3735/288 1771/3738/290 1772/3733/290
f 1742/3735/288 1741/3739/289 1770/3737/255
f 1741/3739/289 1740/3741/287 1769/3740/287
f 1740/3741/287 1739/3743/255 1768/3742/287
f 1739/3743/255 1738/3745/292 1767/3744/255
f 1738/3745/292 1737/3559/256 1766/3558/255
f 1708/3746/293 1765/3750/297 1702/3747/294
f 1709/3749/296 1764/3752/301 1765/3750/297
f 1710/3751/298 1763/3754/298 1764/3752/299
f 1711/3753/298 1762/3756/298 1763/3754/298
f 1712/3755/300 1761/3758/298 1762/3756/298
f 1713/3757/298 1760/3760/298 1761/3758/298
f 1714/3759/298 1759/3762/300 1760/3760/298
f 1714/3759/298 1715/3764/298 1758/3761/298
f 1716/3763/298 1757/3766/298 1758/3761/298
f 1716/3763/298 1717/3768/300 1756/3765/298
f 1718/3767/298 1755/3770/298 1756/3765/298
f 1719/3769/298 1754/3772/300 1755/3770/298
f 1720/3771/298 1753/3774/298 1754/3772/300
f 1721/3773/298 1752/3776/298 1753/3774/298
f 1722/3775/298 1751/3778/298 1752/3776/298
f 1723/3777/298 1750/3780/298 1751/3778/298
f 1723/3777/298 1724/3782/300 1749/3779/298
f 1725/3781/298 1748/3784/298 1749/3779/298
f 1725/3781/298 1726/3786/298 1747/3783/300
f 1727/3785/301 1746/3788/298 1747/3783/300
f 1728/3787/298 1745/3790/298 1746/3788/298
f 1729/3789/300 1744/3792/298 1745/3790/298
f 1730/3791/301 1743/3794/298 1744/3792/298
f 1731/3793/298 1742/3796/300 1743/3794/298
f 1731/3793/298 1732/3798/298 1741/3795/302
f 1733/3797/303 1740/3800/441 1741/3795/302
f 1734/3799/304 1739/3802/442 1740/3800/305
f 1735/3801/307 1738/3803/443 1739/3802/308
f 1736/3556/310 1737/3555/314 1738/3803/311
usemtl Material.04
f 1825/3804/313 1861/3805/314 1860/3806/313
f 1827/3807/255 1890/3808/255 1861/3809/256
f 1831/3810/315 1919/3811/258 1890/3812/316
f 1919/3813/259 1825/3814/260 1860/3815/261
f 1830/3816/262 1824/3817/263 1826/3818/264
f 1831/3819/265 1825/3820/266 1829/3821/266
f 1828/3822/267 1832/3823/268 1824/3824/269
f 1946/3825/270 1832/3823/268 1947/3826/271
f 1946/3825/270 1834/3827/261 1833/3828/272
f 1944/3829/261 1834/3827/261 1945/3830/261
f 1944/3829/261 1836/3831/260 1835/3832/261
f 1942/3833/259 1836/3831/260 1943/3834/272
f 1942/3833/259 1838/3835/273 1837/3836/273
f 1940/3837/273 1838/3835/273 1941/3838/273
f 1939/3839/260 1839/3840/273 1940/3837/273
f 1939/3839/260 1841/3841/259 1840/3842/274
f 1937/3843/261 1841/3841/259 1938/3844/261
f 1937/3843/261 1843/3845/261 1842/3846/261
f 1935/3847/261 1843/3845/261 1936/3848/261
f 1935/3847/261 1845/3849/261 1844/3850/261
f 1934/3851/259 1846/3852/260 1845/3849/261
f 1932/3853/273 1846/3852/260 1933/3854/274
f 1932/3853/273 1848/3855/273 1847/3856/273
f 1930/3857/260 1848/3855/273 1931/3858/273
f 1930/3857/260 1850/3859/259 1849/3860/274
f 1928/3861/261 1850/3859/259 1929/3862/261
f 1928/3861/261 1852/3863/261 1851/3864/261
f 1927/3865/261 1853/3866/261 1852/3863/261
f 1925/3867/259 1853/3866/261 1926/3868/261
f 1925/3867/259 1855/3869/260 1854/3870/261
f 1923/3871/273 1855/3869/260 1924/3872/274
f 1923/3871/273 1857/3873/273 1856/3874/273
f 1921/3875/260 1857/3873/273 1922/3876/273
f 1921/3875/260 1859/3877/272 1858/3878/274
f 1920/3879/261 1860/3815/261 1859/3877/272
f 1830/3880/275 1947/3881/276 1828/3882/277
f 1918/3883/278 1946/3884/279 1947/3881/280
f 1917/3885/317 1945/3886/282 1946/3884/281
f 1915/3887/281 1945/3886/282 1916/3888/282
f 1915/3887/281 1943/3889/282 1944/3890/282
f 1913/3891/282 1943/3889/282 1914/3892/282
f 1913/3891/282 1941/3893/317 1942/3894/282
f 1912/3895/282 1940/3896/282 1941/3893/317
f 1911/3897/282 1939/3898/281 1940/3896/282
f 1910/3899/282 1938/3900/282 1939/3898/281
f 1909/3901/282 1937/3902/282 1938/3900/282
f 1908/3903/281 1936/3904/282 1937/3902/282
f 1906/3905/282 1936/3904/282 1907/3906/282
f 1906/3905/282 1934/3907/281 1935/3908/282
f 1904/3909/282 1934/3907/281 1905/3910/282
f 1904/3909/282 1932/3911/282 1933/3912/282
f 1903/3913/281 1931/3914/282 1932/3911/282
f 1902/3915/282 1930/3916/282 1931/3914/282
f 1901/3917/282 1929/3918/282 1930/3916/282
f 1900/3919/282 1928/3920/282 1929/3918/282
f 1899/3921/282 1927/3922/281 1928/3920/282
f 1897/3923/282 1927/3922/281 1898/3924/282
f 1897/3923/282 1925/3925/282 1926/3926/282
f 1895/3927/282 1925/3925/282 1896/3928/281
f 1895/3927/282 1923/3929/282 1924/3930/282
f 1894/3931/282 1922/3932/317 1923/3929/282
f 1893/3933/282 1921/3934/318 1922/3932/317
f 1892/3935/284 1920/3936/284 1921/3934/284
f 1891/3937/286 1919/3811/258 1920/3936/285
f 1826/3938/287 1918/3939/287 1830/3940/287
f 1888/3941/287 1918/3939/287 1889/3942/287
f 1888/3941/287 1916/3943/289 1917/3944/287
f 1887/3945/255 1915/3946/288 1916/3943/289
f 1885/3947/290 1915/3946/288 1886/3948/290
f 1885/3947/290 1913/3949/290 1914/3950/290
f 1883/3951/288 1913/3949/290 1884/3952/290
f 1883/3951/288 1911/3953/255 1912/3954/290
f 1881/3955/287 1911/3953/255 1882/3956/289
f 1881/3955/287 1909/3957/287 1910/3958/287
f 1880/3959/287 1908/3960/287 1909/3957/287
f 1878/3961/255 1908/3960/287 1879/3962/287
f 1878/3961/255 1906/3963/288 1907/3964/289
f 1876/3965/290 1906/3963/288 1877/3966/290
f 1876/3965/290 1904/3967/290 1905/3968/290
f 1874/3969/291 1904/3967/290 1875/3970/290
f 1873/3971/288 1903/3972/255 1874/3969/291
f 1873/3971/288 1901/3973/287 1902/3974/287
f 1871/3975/287 1901/3973/287 1872/3976/287
f 1871/3975/287 1899/3977/287 1900/3978/287
f 1869/3979/255 1899/3977/287 1870/3980/287
f 1869/3979/255 1897/3981/288 1898/3982/289
f 1868/3983/290 1896/3984/290 1897/3981/288
f 1866/3985/288 1896/3984/290 1867/3986/290
f 1866/3985/288 1894/3987/255 1895/3988/290
f 1865/3989/289 1893/3990/287 1894/3987/255
f 1864/3991/287 1892/3992/287 1893/3990/287
f 1863/3993/255 1891/3994/255 1892/3992/287
f 1862/3995/292 1890/3808/255 1891/3994/255
f 1832/3996/293 1826/3997/319 1824/3998/295
f 1833/3999/296 1889/4000/297 1832/3996/293
f 1834/4001/298 1888/4002/300 1833/3999/300
f 1835/4003/298 1887/4004/298 1834/4001/298
f 1836/4005/298 1886/4006/298 1835/4003/298
f 1837/4007/298 1885/4008/298 1836/4005/298
f 1838/4009/300 1884/4010/298 1837/4007/298
f 1838/4009/300 1882/4011/298 1883/4012/298
f 1840/4013/298 1882/4011/298 1839/4014/298
f 1840/4013/298 1880/4015/298 1881/4016/300
f 1842/4017/298 1880/4015/298 1841/4018/298
f 1843/4019/298 1879/4020/298 1842/4017/298
f 1844/4021/298 1878/4022/298 1843/4019/298
f 1845/4023/300 1877/4024/298 1844/4021/298
f 1846/4025/298 1876/4026/298 1845/4023/300
f 1847/4027/298 1875/4028/298 1846/4025/298
f 1847/4027/298 1873/4029/298 1874/4030/300
f 1849/4031/298 1873/4029/298 1848/4032/298
f 1849/4031/298 1871/4033/298 1872/4034/298
f 1851/4035/298 1871/4033/298 1850/4036/300
f 1852/4037/298 1870/4038/298 1851/4035/298
f 1853/4039/298 1869/4040/300 1852/4037/298
f 1854/4041/298 1868/4042/298 1853/4039/298
f 1855/4043/298 1867/4044/298 1854/4041/298
f 1855/4043/298 1865/4045/320 1866/4046/298
f 1857/4047/321 1865/4045/320 1856/4048/298
f 1858/4049/304 1864/4050/322 1857/4047/306
f 1859/4051/307 1863/4052/323 1858/4049/309
f 1860/3806/324 1862/4053/325 1859/4051/312
f 1825/3804/313 1827/4566/444 1861/3805/314
f 1827/3807/255 1831/4567/437 1890/3808/255
f 1831/3810/315 1829/4568/257 1919/3811/258
f 1919/3813/259 1829/4569/438 1825/3814/260
f 1830/3816/262 1828/4570/439 1824/3817/263
f 1831/3819/265 1827/4571/265 1825/3820/266
f 1828/3822/267 1947/3826/271 1832/3823/268
f 1946/3825/270 1833/3828/272 1832/3823/268
f 1946/3825/270 1945/3830/261 1834/3827/261
f 1944/3829/261 1835/3832/261 1834/3827/261
f 1944/3829/261 1943/3834/272 1836/3831/260
f 1942/3833/259 1837/3836/273 1836/3831/260
f 1942/3833/259 1941/3838/273 1838/3835/273
f 1940/3837/273 1839/3840/273 1838/3835/273
f 1939/3839/260 1840/3842/274 1839/3840/273
f 1939/3839/260 1938/3844/261 1841/3841/259
f 1937/3843/261 1842/3846/261 1841/3841/259
f 1937/3843/261 1936/3848/261 1843/3845/261
f 1935/3847/261 1844/3850/261 1843/3845/261
f 1935/3847/261 1934/3851/259 1845/3849/261
f 1934/3851/259 1933/3854/274 1846/3852/260
f 1932/3853/273 1847/3856/273 1846/3852/260
f 1932/3853/273 1931/3858/273 1848/3855/273
f 1930/3857/260 1849/3860/274 1848/3855/273
f 1930/3857/260 1929/3862/261 1850/3859/259
f 1928/3861/261 1851/3864/261 1850/3859/259
f 1928/3861/261 1927/3865/261 1852/3863/261
f 1927/3865/261 1926/3868/261 1853/3866/261
f 1925/3867/259 1854/3870/261 1853/3866/261
f 1925/3867/259 1924/3872/274 1855/3869/260
f 1923/3871/273 1856/3874/273 1855/3869/260
f 1923/3871/273 1922/3876/273 1857/3873/273
f 1921/3875/260 1858/3878/274 1857/3873/273
f 1921/3875/260 1920/3879/261 1859/3877/272
f 1920/3879/261 1919/3813/259 1860/3815/261
f 1830/3880/275 1918/3883/440 1947/3881/276
f 1918/3883/278 1917/3885/281 1946/3884/279
f 1917/3885/317 1916/3888/282 1945/3886/282
f 1915/3887/281 1944/3890/282 1945/3886/282
f 1915/3887/281 1914/3892/282 1943/3889/282
f 1913/3891/282 1942/3894/282 1943/3889/282
f 1913/3891/282 1912/3895/282 1941/3893/317
f 1912/3895/282 1911/3897/282 1940/3896/282
f 1911/3897/282 1910/3899/282 1939/3898/281
f 1910/3899/282 1909/3901/282 1938/3900/282
f 1909/3901/282 1908/3903/281 1937/3902/282
f 1908/3903/281 1907/3906/282 1936/3904/282
f 1906/3905/282 1935/3908/282 1936/3904/282
f 1906/3905/282 1905/3910/282 1934/3907/281
f 1904/3909/282 1933/3912/282 1934/3907/281
f 1904/3909/282 1903/3913/281 1932/3911/282
f 1903/3913/281 1902/3915/282 1931/3914/282
f 1902/3915/282 1901/3917/282 1930/3916/282
f 1901/3917/282 1900/3919/282 1929/3918/282
f 1900/3919/282 1899/3921/282 1928/3920/282
f 1899/3921/282 1898/3924/282 1927/3922/281
f 1897/3923/282 1926/3926/282 1927/3922/281
f 1897/3923/282 1896/3928/281 1925/3925/282
f 1895/3927/282 1924/3930/282 1925/3925/282
f 1895/3927/282 1894/3931/282 1923/3929/282
f 1894/3931/282 1893/3933/282 1922/3932/317
f 1893/3933/282 1892/3935/317 1921/3934/318
f 1892/3935/284 1891/3937/284 1920/3936/284
f 1891/3937/286 1890/3812/316 1919/3811/258
f 1826/3938/287 1889/3942/287 1918/3939/287
f 1888/3941/287 1917/3944/287 1918/3939/287
f 1888/3941/287 1887/3945/255 1916/3943/289
f 1887/3945/255 1886/3948/290 1915/3946/288
f 1885/3947/290 1914/3950/290 1915/3946/288
f 1885/3947/290 1884/3952/290 1913/3949/290
f 1883/3951/288 1912/3954/290 1913/3949/290
f 1883/3951/288 1882/3956/289 1911/3953/255
f 1881/3955/287 1910/3958/287 1911/3953/255
f 1881/3955/287 1880/3959/287 1909/3957/287
f 1880/3959/287 1879/3962/287 1908/3960/287
f 1878/3961/255 1907/3964/289 1908/3960/287
f 1878/3961/255 1877/3966/290 1906/3963/288
f 1876/3965/290 1905/3968/290 1906/3963/288
f 1876/3965/290 1875/3970/290 1904/3967/290
f 1874/3969/291 1903/3972/255 1904/3967/290
f 1873/3971/288 1902/3974/287 1903/3972/255
f 1873/3971/288 1872/3976/287 1901/3973/287
f 1871/3975/287 1900/3978/287 1901/3973/287
f 1871/3975/287 1870/3980/287 1899/3977/287
f 1869/3979/255 1898/3982/289 1899/3977/287
f 1869/3979/255 1868/3983/290 1897/3981/288
f 1868/3983/290 1867/3986/290 1896/3984/290
f 1866/3985/288 1895/3988/290 1896/3984/290
f 1866/3985/288 1865/3989/289 1894/3987/255
f 1865/3989/289 1864/3991/287 1893/3990/287
f 1864/3991/287 1863/3993/255 1892/3992/287
f 1863/3993/255 1862/3995/292 1891/3994/255
f 1862/3995/292 1861/3809/256 1890/3808/255
f 1832/3996/293 1889/4000/297 1826/3997/319
f 1833/3999/296 1888/4002/300 1889/4000/297
f 1834/4001/298 1887/4004/298 1888/4002/300
f 1835/4003/298 1886/4006/298 1887/4004/298
f 1836/4005/298 1885/4008/298 1886/4006/298
f 1837/4007/298 1884/4010/298 1885/4008/298
f 1838/4009/300 1883/4012/298 1884/4010/298
f 1838/4009/300 1839/4014/298 1882/4011/298
f 1840/4013/298 1881/4016/300 1882/4011/298
f 1840/4013/298 1841/4018/298 1880/4015/298
f 1842/4017/298 1879/4020/298 1880/4015/298
f 1843/4019/298 1878/4022/298 1879/4020/298
f 1844/4021/298 1877/4024/298 1878/4022/298
f 1845/4023/300 1876/4026/298 1877/4024/298
f 1846/4025/298 1875/4028/298 1876/4026/298
f 1847/4027/298 1874/4030/300 1875/4028/298
f 1847/4027/298 1848/4032/298 1873/4029/298
f 1849/4031/298 1872/4034/298 1873/4029/298
f 1849/4031/298 1850/4036/300 1871/4033/298
f 1851/4035/298 1870/4038/298 1871/4033/298
f 1852/4037/298 1869/4040/300 1870/4038/298
f 1853/4039/298 1868/4042/298 1869/4040/300
f 1854/4041/298 1867/4044/298 1868/4042/298
f 1855/4043/298 1866/4046/298 1867/4044/298
f 1855/4043/298 1856/4048/298 1865/4045/320
f 1857/4047/321 1864/4050/445 1865/4045/320
f 1858/4049/304 1863/4052/446 1864/4050/322
f 1859/4051/307 1862/4053/447 1863/4052/323
f 1860/3806/324 1861/3805/448 1862/4053/325
usemtl Material.05
f 1949/4054/326 1985/4055/326 1984/4056/326
f 1951/4057/4 2014/4058/4 1985/4059/4
f 1955/4060/327 2043/4061/328 2014/4062/328
f 2043/4063/18 1949/4064/18 1984/4065/18
f 1954/4066/329 1948/4067/330 1950/4068/331
f 1951/4069/332 1953/4070/332 1955/4071/332
f 1952/4072/333 1956/4073/334 1948/4074/335
f 2070/4075/336 1956/4073/334 2071/4076/337
f 2069/4077/18 1957/4078/18 2070/4075/336
f 2068/4079/18 1958/4080/18 2069/4077/18
f 2067/4081/18 1959/4082/18 2068/4079/18
f 2066/4083/18 1960/4084/18 2067/4081/18
f 2065/4085/18 1961/4086/18 2066/4083/18
f 2064/4087/18 1962/4088/18 2065/4085/18
f 2063/4089/18 1963/4090/18 2064/4087/18
f 2062/4091/18 1964/4092/18 2063/4089/18
f 2061/4093/18 1965/4094/18 2062/4091/18
f 2060/4095/18 1966/4096/18 2061/4093/18
f 2059/4097/18 1967/4098/18 2060/4095/18
f 2058/4099/18 1968/4100/18 2059/4097/18
f 2057/4101/18 1969/4102/18 2058/4099/18
f 2056/4103/18 1970/4104/18 2057/4101/18
f 2055/4105/18 1971/4106/18 2056/4103/18
f 2054/4107/18 1972/4108/18 2055/4105/18
f 2053/4109/18 1973/4110/18 2054/4107/18
f 2052/4111/18 1974/4112/18 2053/4109/18
f 2051/4113/18 1975/4114/18 2052/4111/18
f 2050/4115/18 1976/4116/18 2051/4113/18
f 2049/4117/18 1977/4118/18 2050/4115/18
f 2048/4119/18 1978/4120/18 2049/4117/18
f 2047/4121/18 1979/4122/18 2048/4119/18
f 2046/4123/18 1980/4124/18 2047/4121/18
f 2045/4125/18 1981/4126/18 2046/4123/18
f 2045/4125/18 1983/4127/18 1982/4128/18
f 2044/4129/18 1984/4065/18 1983/4127/18
f 1954/4130/338 2071/4131/339 1952/4132/340
f 2041/4133/341 2071/4131/342 2042/4134/343
f 2040/4135/80 2070/4136/80 2041/4133/80
f 2039/4137/80 2069/4138/80 2040/4135/80
f 2038/4139/80 2068/4140/80 2039/4137/80
f 2037/4141/80 2067/4142/80 2038/4139/80
f 2036/4143/80 2066/4144/80 2037/4141/80
f 2035/4145/80 2065/4146/80 2036/4143/80
f 2034/4147/80 2064/4148/80 2035/4145/80
f 2033/4149/80 2063/4150/80 2034/4147/80
f 2032/4151/80 2062/4152/80 2033/4149/80
f 2031/4153/80 2061/4154/80 2032/4151/80
f 2030/4155/80 2060/4156/80 2031/4153/80
f 2029/4157/80 2059/4158/80 2030/4155/80
f 2028/4159/80 2058/4160/80 2029/4157/80
f 2027/4161/80 2057/4162/80 2028/4159/80
f 2026/4163/80 2056/4164/80 2027/4161/80
f 2025/4165/80 2055/4166/80 2026/4163/80
f 2024/4167/80 2054/4168/80 2025/4165/80
f 2023/4169/80 2053/4170/80 2024/4167/80
f 2022/4171/80 2052/4172/80 2023/4169/80
f 2021/4173/80 2051/4174/80 2022/4171/80
f 2020/4175/80 2050/4176/80 2021/4173/80
f 2019/4177/80 2049/4178/80 2020/4175/80
f 2018/4179/80 2048/4180/80 2019/4177/80
f 2017/4181/80 2047/4182/80 2018/4179/80
f 2016/4183/80 2046/4184/80 2017/4181/80
f 2015/4185/344 2045/4186/344 2016/4183/344
f 2014/4062/328 2044/4187/327 2015/4185/327
f 2013/4188/4 1954/4189/4 1950/4190/4
f 2012/4191/4 2042/4192/4 2013/4188/4
f 2011/4193/4 2041/4194/4 2012/4191/4
f 2010/4195/4 2040/4196/4 2011/4193/4
f 2009/4197/4 2039/4198/4 2010/4195/4
f 2008/4199/4 2038/4200/4 2009/4197/4
f 2007/4201/4 2037/4202/4 2008/4199/4
f 2006/4203/4 2036/4204/4 2007/4201/4
f 2005/4205/4 2035/4206/4 2006/4203/4
f 2004/4207/4 2034/4208/4 2005/4205/4
f 2003/4209/4 2033/4210/4 2004/4207/4
f 2002/4211/4 2032/4212/4 2003/4209/4
f 2001/4213/4 2031/4214/4 2002/4211/4
f 2000/4215/4 2030/4216/4 2001/4213/4
f 1999/4217/4 2029/4218/4 2000/4215/4
f 1998/4219/4 2028/4220/4 1999/4217/4
f 1997/4221/4 2027/4222/4 1998/4219/4
f 1996/4223/4 2026/4224/4 1997/4221/4
f 1995/4225/4 2025/4226/4 1996/4223/4
f 1994/4227/4 2024/4228/4 1995/4225/4
f 1993/4229/4 2023/4230/4 1994/4227/4
f 1992/4231/4 2022/4232/4 1993/4229/4
f 1991/4233/4 2021/4234/4 1992/4231/4
f 1990/4235/4 2020/4236/4 1991/4233/4
f 1989/4237/4 2019/4238/4 1990/4235/4
f 1989/4237/4 2017/4239/4 2018/4240/4
f 1988/4241/4 2016/4242/4 2017/4239/4
f 1987/4243/4 2015/4244/4 2016/4242/4
f 1985/4059/4 2015/4244/4 1986/4245/4
f 1956/4246/345 1950/4247/224 1948/4248/346
f 1957/4249/347 2013/4250/227 1956/4246/345
f 1958/4251/70 2012/4252/70 1957/4249/70
f 1959/4253/70 2011/4254/70 1958/4251/70
f 1960/4255/70 2010/4256/70 1959/4253/70
f 1961/4257/70 2009/4258/70 1960/4255/70
f 1962/4259/70 2008/4260/70 1961/4257/70
f 1963/4261/70 2007/4262/70 1962/4259/70
f 1964/4263/70 2006/4264/70 1963/4261/70
f 1965/4265/70 2005/4266/70 1964/4263/70
f 1966/4267/70 2004/4268/70 1965/4265/70
f 1967/4269/70 2003/4270/70 1966/4267/70
f 1968/4271/70 2002/4272/70 1967/4269/70
f 1969/4273/70 2001/4274/70 1968/4271/70
f 1970/4275/70 2000/4276/70 1969/4273/70
f 1971/4277/70 1999/4278/70 1970/4275/70
f 1972/4279/70 1998/4280/70 1971/4277/70
f 1973/4281/70 1997/4282/70 1972/4279/70
f 1974/4283/70 1996/4284/70 1973/4281/70
f 1975/4285/70 1995/4286/70 1974/4283/70
f 1976/4287/70 1994/4288/70 1975/4285/70
f 1977/4289/70 1993/4290/70 1976/4287/70
f 1978/4291/70 1992/4292/70 1977/4289/70
f 1979/4293/70 1991/4294/70 1978/4291/70
f 1980/4295/70 1990/4296/70 1979/4293/70
f 1981/4297/348 1989/4298/349 1980/4295/70
f 1982/4299/230 1988/4300/350 1981/4297/232
f 1983/4301/233 1987/4302/351 1982/4299/235
f 1984/4056/352 1986/4303/353 1983/4301/354
f 1949/4054/326 1951/4572/326 1985/4055/326
f 1951/4057/4 1955/4573/4 2014/4058/4
f 1955/4060/327 1953/4574/327 2043/4061/328
f 2043/4063/18 1953/4575/18 1949/4064/18
f 1954/4066/329 1952/4576/449 1948/4067/330
f 1951/4069/332 1949/4577/332 1953/4070/332
f 1952/4072/333 2071/4076/337 1956/4073/334
f 2070/4075/336 1957/4078/18 1956/4073/334
f 2069/4077/18 1958/4080/18 1957/4078/18
f 2068/4079/18 1959/4082/18 1958/4080/18
f 2067/4081/18 1960/4084/18 1959/4082/18
f 2066/4083/18 1961/4086/18 1960/4084/18
f 2065/4085/18 1962/4088/18 1961/4086/18
f 2064/4087/18 1963/4090/18 1962/4088/18
f 2063/4089/18 1964/4092/18 1963/4090/18
f 2062/4091/18 1965/4094/18 1964/4092/18
f 2061/4093/18 1966/4096/18 1965/4094/18
f 2060/4095/18 1967/4098/18 1966/4096/18
f 2059/4097/18 1968/4100/18 1967/4098/18
f 2058/4099/18 1969/4102/18 1968/4100/18
f 2057/4101/18 1970/4104/18 1969/4102/18
f 2056/4103/18 1971/4106/18 1970/4104/18
f 2055/4105/18 1972/4108/18 1971/4106/18
f 2054/4107/18 1973/4110/18 1972/4108/18
f 2053/4109/18 1974/4112/18 1973/4110/18
f 2052/4111/18 1975/4114/18 1974/4112/18
f 2051/4113/18 1976/4116/18 1975/4114/18
f 2050/4115/18 1977/4118/18 1976/4116/18
f 2049/4117/18 1978/4120/18 1977/4118/18
f 2048/4119/18 1979/4122/18 1978/4120/18
f 2047/4121/18 1980/4124/18 1979/4122/18
f 2046/4123/18 1981/4126/18 1980/4124/18
f 2045/4125/18 1982/4128/18 1981/4126/18
f 2045/4125/18 2044/4129/18 1983/4127/18
f 2044/4129/18 2043/4063/18 1984/4065/18
f 1954/4130/338 2042/4134/450 2071/4131/339
f 2041/4133/341 2070/4136/451 2071/4131/342
f 2040/4135/80 2069/4138/80 2070/4136/80
f 2039/4137/80 2068/4140/80 2069/4138/80
f 2038/4139/80 2067/4142/80 2068/4140/80
f 2037/4141/80 2066/4144/80 2067/4142/80
f 2036/4143/80 2065/4146/80 2066/4144/80
f 2035/4145/80 2064/4148/80 2065/4146/80
f 2034/4147/80 2063/4150/80 2064/4148/80
f 2033/4149/80 2062/4152/80 2063/4150/80
f 2032/4151/80 2061/4154/80 2062/4152/80
f 2031/4153/80 2060/4156/80 2061/4154/80
f 2030/4155/80 2059/4158/80 2060/4156/80
f 2029/4157/80 2058/4160/80 2059/4158/80
f 2028/4159/80 2057/4162/80 2058/4160/80
f 2027/4161/80 2056/4164/80 2057/4162/80
f 2026/4163/80 2055/4166/80 2056/4164/80
f 2025/4165/80 2054/4168/80 2055/4166/80
f 2024/4167/80 2053/4170/80 2054/4168/80
f 2023/4169/80 2052/4172/80 2053/4170/80
f 2022/4171/80 2051/4174/80 2052/4172/80
f 2021/4173/80 2050/4176/80 2051/4174/80
f 2020/4175/80 2049/4178/80 2050/4176/80
f 2019/4177/80 2048/4180/80 2049/4178/80
f 2018/4179/80 2047/4182/80 2048/4180/80
f 2017/4181/80 2046/4184/80 2047/4182/80
f 2016/4183/80 2045/4186/80 2046/4184/80
f 2015/4185/344 2044/4187/344 2045/4186/344
f 2014/4062/328 2043/4061/328 2044/4187/327
f 2013/4188/4 2042/4192/4 1954/4189/4
f 2012/4191/4 2041/4194/4 2042/4192/4
f 2011/4193/4 2040/4196/4 2041/4194/4
f 2010/4195/4 2039/4198/4 2040/4196/4
f 2009/4197/4 2038/4200/4 2039/4198/4
f 2008/4199/4 2037/4202/4 2038/4200/4
f 2007/4201/4 2036/4204/4 2037/4202/4
f 2006/4203/4 2035/4206/4 2036/4204/4
f 2005/4205/4 2034/4208/4 2035/4206/4
f 2004/4207/4 2033/4210/4 2034/4208/4
f 2003/4209/4 2032/4212/4 2033/4210/4
f 2002/4211/4 2031/4214/4 2032/4212/4
f 2001/4213/4 2030/4216/4 2031/4214/4
f 2000/4215/4 2029/4218/4 2030/4216/4
f 1999/4217/4 2028/4220/4 2029/4218/4
f 1998/4219/4 2027/4222/4 2028/4220/4
f 1997/4221/4 2026/4224/4 2027/4222/4
f 1996/4223/4 2025/4226/4 2026/4224/4
f 1995/4225/4 2024/4228/4 2025/4226/4
f 1994/4227/4 2023/4230/4 2024/4228/4
f 1993/4229/4 2022/4232/4 2023/4230/4
f 1992/4231/4 2021/4234/4 2022/4232/4
f 1991/4233/4 2020/4236/4 2021/4234/4
f 1990/4235/4 2019/4238/4 2020/4236/4
f 1989/4237/4 2018/4240/4 2019/4238/4
f 1989/4237/4 1988/4241/4 2017/4239/4
f 1988/4241/4 1987/4243/4 2016/4242/4
f 1987/4243/4 1986/4245/4 2015/4244/4
f 1985/4059/4 2014/4058/4 2015/4244/4
f 1956/4246/345 2013/4250/227 1950/4247/224
f 1957/4249/347 2012/4252/70 2013/4250/227
f 1958/4251/70 2011/4254/70 2012/4252/70
f 1959/4253/70 2010/4256/70 2011/4254/70
f 1960/4255/70 2009/4258/70 2010/4256/70
f 1961/4257/70 2008/4260/70 2009/4258/70
f 1962/4259/70 2007/4262/70 2008/4260/70
f 1963/4261/70 2006/4264/70 2007/4262/70
f 1964/4263/70 2005/4266/70 2006/4264/70
f 1965/4265/70 2004/4268/70 2005/4266/70
f 1966/4267/70 2003/4270/70 2004/4268/70
f 1967/4269/70 2002/4272/70 2003/4270/70
f 1968/4271/70 2001/4274/70 2002/4272/70
f 1969/4273/70 2000/4276/70 2001/4274/70
f 1970/4275/70 1999/4278/70 2000/4276/70
f 1971/4277/70 1998/4280/70 1999/4278/70
f 1972/4279/70 1997/4282/70 1998/4280/70
f 1973/4281/70 1996/4284/70 1997/4282/70
f 1974/4283/70 1995/4286/70 1996/4284/70
f 1975/4285/70 1994/4288/70 1995/4286/70
f 1976/4287/70 1993/4290/70 1994/4288/70
f 1977/4289/70 1992/4292/70 1993/4290/70
f 1978/4291/70 1991/4294/70 1992/4292/70
f 1979/4293/70 1990/4296/70 1991/4294/70
f 1980/4295/70 1989/4298/349 1990/4296/70
f 1981/4297/348 1988/4300/452 1989/4298/349
f 1982/4299/230 1987/4302/453 1988/4300/350
f 1983/4301/233 1986/4303/454 1987/4302/351
f 1984/4056/352 1985/4055/455 1986/4303/353
